/workspace/Racing_Gym_RL/venv/lib/python3.11/site-packages/gym/logger.py:30: UserWarning: [33mWARN: Box bound precision lowered by casting to float32[0m
  warnings.warn(colorize('%s: %s'%('WARN', msg % args), 'yellow'))
GPU detected: NVIDIA A100-SXM4-80GB
CUDA version: 12.4

======================================================================
TRAINING CONFIGURATION
======================================================================
Config file: config/prime_marl_10car_16m.yaml
Device: cuda
Seed: 42
Trainer backend: torch
Torch policy variant: autoresearch_run_008
MARL paradigm: shared_policy_ippo
Environment agents: 10
Resuming from: artifacts_prime_intellect_pull/prime_marl_2car_budget_fast/models/final_model_torch.pt
Resume mode: policy_only
======================================================================

Creating environment...
Environment ID: MultiCarRacing-v0
Using DummyVecEnv with 1 environment
Environment created successfully!


----------------------------------------------------------------------
PPO HYPERPARAMETERS
----------------------------------------------------------------------
Learning rate: 0.00025
Steps per update: 1024
Batch size: 2048
Epochs per update: 2
Gamma (discount): 0.99
GAE lambda: 0.95
Clip range: 0.2
Entropy coefficient: 0.05
Value function coefficient: 0.25
Max gradient norm: 0.5
----------------------------------------------------------------------

Creating PPO model (local torch backend)...
Loading torch checkpoint from /workspace/Racing_Gym_RL/artifacts_prime_intellect_pull/prime_marl_2car_budget_fast/models/final_model_torch.pt
Restore status: mode=policy_only | weights=restored | optimizer=fresh | steps=reset (0) | rng=skipped | summary=policy only

----------------------------------------------------------------------
MODEL INFORMATION
----------------------------------------------------------------------
Observation space: Box(0, 255, (10, 96, 96, 3), uint8)
Action space: Box(-1.0, 1.0, (10, 3), float32)
Policy: AutoresearchRun008CnnActorCritic(
  (features): Sequential(
    (0): Conv2d(3, 32, kernel_size=(8, 8), stride=(4, 4))
    (1): ReLU()
    (2): Conv2d(32, 64, kernel_size=(4, 4), stride=(2, 2))
    (3): ReLU()
    (4): Conv2d(64, 64, kernel_size=(3, 3), stride=(1, 1))
    (5): ReLU()
    (6): Flatten(start_dim=1, end_dim=-1)
  )
  (policy_mlp): Sequential(
    (0): Linear(in_features=4096, out_features=256, bias=True)
    (1): ReLU()
    (2): Linear(in_features=256, out_features=128, bias=True)
    (3): ReLU()
  )
  (policy_mean): Linear(in_features=128, out_features=3, bias=True)
  (value_mlp): Sequential(
    (0): Linear(in_features=4096, out_features=256, bias=True)
    (1): ReLU()
    (2): Linear(in_features=256, out_features=128, bias=True)
    (3): ReLU()
  )
  (value_head): Linear(in_features=128, out_features=1, bias=True)
)
----------------------------------------------------------------------
TRAINING SETTINGS
----------------------------------------------------------------------
Configured total timesteps: 16,000,000
Run target timesteps: 16,000,000
Step accounting: 10 agent-stream transitions per vectorized env step (1 env x 10 agent).
Approx vectorized env steps to target: 1,600,000
Evaluation frequency: 200,000 stream steps (~20,000 vectorized env steps)
Evaluation episodes: 1
Checkpoint frequency: 200,000 stream steps (~20,000 vectorized env steps)
Visual eval: enabled=False, freq=400,000, episodes=1
Torch policy variant: autoresearch_run_008 | log_std=[-0.75, 0.5]
Action mapping: tanh-squashed Gaussian PPO with tanh log-prob correction
Env transform: steer=tanh output, throttle/brake mapped from (-1, 1) to (0, 1)
Curriculum: enabled=False, stage1->2 gate: progress>=0.35, speed>=8.00
Training topology: paradigm=shared_policy_ippo, num_agents=10, policy_sharing=shared
Model directory: /workspace/Racing_Gym_RL/artifacts/prime_marl_10car_16m/models
  Best model (updated every eval that beats previous): /workspace/Racing_Gym_RL/artifacts/prime_marl_10car_16m/models/best_model_torch.pt
  Best copies (per step): /workspace/Racing_Gym_RL/artifacts/prime_marl_10car_16m/models/best_model_torch_step_<step>.pt
  Checkpoints: /workspace/Racing_Gym_RL/artifacts/prime_marl_10car_16m/models/torch_ppo_step_<step>.pt
Log directory: artifacts/prime_marl_10car_16m/logs
TensorBoard run directory: artifacts/prime_marl_10car_16m/logs/torch_20260419_195807_seed42
Run results directory: artifacts/prime_marl_10car_16m/results/torch_20260419_195807_seed42
Eval history log: artifacts/prime_marl_10car_16m/results/torch_20260419_195807_seed42/torch_eval_history.jsonl
----------------------------------------------------------------------

Track generation: 1208..1514 -> 306-tiles track
[TorchPPO] Starting from scratch. Target: 16,000,000 steps.
[TorchPPO] Progress: 0.0% (0 / 16,000,000)
[TorchPPO] Log columns: % | steps | steps/s | iters/s | ETA | policy_loss | value_loss | entropy | kl | clip_frac | grad_norm | GPU_MB
Track generation: 1203..1508 -> 305-tiles track
Track generation: 1127..1413 -> 286-tiles track
Track generation: 1237..1550 -> 313-tiles track
Track generation: 1129..1416 -> 287-tiles track
Track generation: 1177..1475 -> 298-tiles track
Track generation: 1048..1318 -> 270-tiles track
retry to generate track (normal if there are not many of this messages)
Track generation: 1236..1549 -> 313-tiles track
Track generation: 1243..1558 -> 315-tiles track
Track generation: 1131..1418 -> 287-tiles track
Track generation: 1157..1451 -> 294-tiles track
Track generation: 1147..1438 -> 291-tiles track
Track generation: 1037..1307 -> 270-tiles track
Track generation: 1011..1271 -> 260-tiles track
retry to generate track (normal if there are not many of this messages)
Track generation: 1203..1508 -> 305-tiles track
Track generation: 1059..1328 -> 269-tiles track
Track generation: 1163..1458 -> 295-tiles track
Track generation: 963..1208 -> 245-tiles track
Track generation: 1355..1697 -> 342-tiles track
Track generation: 1131..1421 -> 290-tiles track
retry to generate track (normal if there are not many of this messages)
Track generation: 1131..1418 -> 287-tiles track
Track generation: 1149..1440 -> 291-tiles track
Track generation: 1130..1417 -> 287-tiles track
Track generation: 1180..1479 -> 299-tiles track
Track generation: 1099..1378 -> 279-tiles track
Track generation: 1074..1347 -> 273-tiles track
Track generation: 1064..1334 -> 270-tiles track
Track generation: 1181..1480 -> 299-tiles track
Track generation: 1222..1532 -> 310-tiles track
Track generation: 1071..1352 -> 281-tiles track
Track generation: 1042..1311 -> 269-tiles track
Track generation: 1401..1755 -> 354-tiles track
Track generation: 1259..1578 -> 319-tiles track
Track generation: 1270..1592 -> 322-tiles track
Track generation: 1196..1499 -> 303-tiles track
Track generation: 1199..1503 -> 304-tiles track
Track generation: 1053..1320 -> 267-tiles track
Track generation: 1129..1424 -> 295-tiles track
Track generation: 1240..1554 -> 314-tiles track
Track generation: 1136..1424 -> 288-tiles track
Track generation: 1167..1463 -> 296-tiles track
Track generation: 1030..1295 -> 265-tiles track
retry to generate track (normal if there are not many of this messages)
Track generation: 1118..1401 -> 283-tiles track
Track generation: 1313..1645 -> 332-tiles track
Track generation: 1193..1494 -> 301-tiles track
Track generation: 1247..1563 -> 316-tiles track
Track generation: 1034..1301 -> 267-tiles track
Track generation: 1072..1344 -> 272-tiles track
[TorchPPO] 0.1% | 20,480/16,000,000 | 114 steps/s | avg 114 steps/s | 0.01 iters/s | ETA 39.1h | pg=0.0731 | vf=87.3676 | ent=-3.3752 | kl=0.122573 | clip=0.544 | grad=34.821 | lr=0.000250 | 51 MB alloc | last_eval=0.0s
Track generation: 1003..1266 -> 263-tiles track
Track generation: 1219..1534 -> 315-tiles track
Track generation: 1139..1428 -> 289-tiles track
Track generation: 1004..1261 -> 257-tiles track
retry to generate track (normal if there are not many of this messages)
Track generation: 1253..1570 -> 317-tiles track
Track generation: 1135..1423 -> 288-tiles track
Track generation: 1144..1434 -> 290-tiles track
Track generation: 1199..1503 -> 304-tiles track
Track generation: 1228..1539 -> 311-tiles track
Track generation: 1226..1537 -> 311-tiles track
Track generation: 1084..1359 -> 275-tiles track
Track generation: 1303..1633 -> 330-tiles track
Track generation: 1156..1449 -> 293-tiles track
Track generation: 1287..1613 -> 326-tiles track
Track generation: 1076..1349 -> 273-tiles track
Track generation: 1167..1473 -> 306-tiles track
Track generation: 1232..1544 -> 312-tiles track
Track generation: 1093..1371 -> 278-tiles track
[TorchPPO] 0.2% | 30,720/16,000,000 | 113 steps/s | avg 114 steps/s | 0.01 iters/s | ETA 39.1h | pg=0.0180 | vf=83.4131 | ent=-3.3772 | kl=0.025987 | clip=0.274 | grad=18.060 | lr=0.000250 | 50 MB alloc | last_eval=0.0s
Track generation: 1372..1719 -> 347-tiles track
Track generation: 1125..1410 -> 285-tiles track
Track generation: 1288..1614 -> 326-tiles track
Track generation: 1160..1454 -> 294-tiles track
Track generation: 1205..1518 -> 313-tiles track
Track generation: 1180..1479 -> 299-tiles track
Track generation: 1325..1660 -> 335-tiles track
Track generation: 1285..1611 -> 326-tiles track
Track generation: 1163..1458 -> 295-tiles track
Track generation: 1076..1349 -> 273-tiles track
Track generation: 1035..1298 -> 263-tiles track
Track generation: 1103..1389 -> 286-tiles track
Track generation: 1146..1435 -> 289-tiles track
Track generation: 1140..1429 -> 289-tiles track
Track generation: 1068..1339 -> 271-tiles track
Track generation: 1200..1504 -> 304-tiles track
Track generation: 1011..1273 -> 262-tiles track
Track generation: 1183..1483 -> 300-tiles track
Track generation: 1154..1449 -> 295-tiles track
retry to generate track (normal if there are not many of this messages)
Track generation: 1165..1460 -> 295-tiles track
Track generation: 1269..1597 -> 328-tiles track
Track generation: 995..1248 -> 253-tiles track
Track generation: 1152..1444 -> 292-tiles track
Track generation: 1191..1493 -> 302-tiles track
Track generation: 1232..1552 -> 320-tiles track
Track generation: 1142..1432 -> 290-tiles track
Track generation: 1199..1503 -> 304-tiles track
Track generation: 978..1232 -> 254-tiles track
[TorchPPO] 0.3% | 40,960/16,000,000 | 110 steps/s | avg 113 steps/s | 0.01 iters/s | ETA 40.3h | pg=0.1237 | vf=136.5817 | ent=-3.3792 | kl=0.310130 | clip=0.627 | grad=277.429 | lr=0.000250 | 50 MB alloc | last_eval=0.0s
Track generation: 1115..1398 -> 283-tiles track
Track generation: 1185..1485 -> 300-tiles track
Track generation: 1184..1484 -> 300-tiles track
Track generation: 1167..1463 -> 296-tiles track
Track generation: 1172..1469 -> 297-tiles track
Track generation: 1209..1515 -> 306-tiles track
Track generation: 963..1208 -> 245-tiles track
Track generation: 1216..1524 -> 308-tiles track
Track generation: 1103..1383 -> 280-tiles track
Track generation: 1400..1754 -> 354-tiles track
Track generation: 1115..1398 -> 283-tiles track
Track generation: 994..1254 -> 260-tiles track
Track generation: 1204..1509 -> 305-tiles track
Track generation: 1127..1414 -> 287-tiles track
retry to generate track (normal if there are not many of this messages)
Track generation: 1160..1454 -> 294-tiles track
Track generation: 1149..1440 -> 291-tiles track
Track generation: 1242..1556 -> 314-tiles track
Track generation: 1320..1654 -> 334-tiles track
Track generation: 1138..1435 -> 297-tiles track
Track generation: 1089..1371 -> 282-tiles track
Track generation: 1083..1358 -> 275-tiles track
Track generation: 1092..1371 -> 279-tiles track
retry to generate track (normal if there are not many of this messages)
Track generation: 1183..1483 -> 300-tiles track
[TorchPPO] 0.3% | 51,200/16,000,000 | 99 steps/s | avg 110 steps/s | 0.01 iters/s | ETA 44.6h | pg=0.0449 | vf=48.5325 | ent=-3.3807 | kl=0.085467 | clip=0.498 | grad=28.507 | lr=0.000249 | 51 MB alloc | last_eval=0.0s
Track generation: 1096..1374 -> 278-tiles track
Track generation: 1157..1450 -> 293-tiles track
Track generation: 1092..1369 -> 277-tiles track
Track generation: 1116..1399 -> 283-tiles track
Track generation: 1132..1419 -> 287-tiles track
Track generation: 1099..1383 -> 284-tiles track
Track generation: 1293..1620 -> 327-tiles track
Track generation: 1297..1625 -> 328-tiles track
Track generation: 1121..1405 -> 284-tiles track
Track generation: 1079..1353 -> 274-tiles track
Track generation: 940..1183 -> 243-tiles track
retry to generate track (normal if there are not many of this messages)
Track generation: 1250..1566 -> 316-tiles track
Track generation: 1228..1539 -> 311-tiles track
Track generation: 1248..1564 -> 316-tiles track
Track generation: 1012..1269 -> 257-tiles track
Track generation: 1226..1536 -> 310-tiles track
Track generation: 1238..1552 -> 314-tiles track
Track generation: 1191..1493 -> 302-tiles track
Track generation: 1084..1359 -> 275-tiles track
Track generation: 1132..1419 -> 287-tiles track
Track generation: 1149..1440 -> 291-tiles track
[TorchPPO] 0.4% | 61,440/16,000,000 | 109 steps/s | avg 110 steps/s | 0.01 iters/s | ETA 40.6h | pg=0.0769 | vf=113.9461 | ent=-3.3823 | kl=0.137080 | clip=0.565 | grad=27.666 | lr=0.000249 | 50 MB alloc | last_eval=0.0s
Track generation: 1072..1343 -> 271-tiles track
Track generation: 1027..1290 -> 263-tiles track
retry to generate track (normal if there are not many of this messages)
Track generation: 1085..1361 -> 276-tiles track
Track generation: 1187..1488 -> 301-tiles track
Track generation: 1094..1374 -> 280-tiles track
retry to generate track (normal if there are not many of this messages)
Track generation: 1156..1449 -> 293-tiles track
Track generation: 1135..1423 -> 288-tiles track
Track generation: 1332..1669 -> 337-tiles track
Track generation: 1183..1485 -> 302-tiles track
Track generation: 1198..1502 -> 304-tiles track
Track generation: 1107..1388 -> 281-tiles track
Track generation: 1248..1564 -> 316-tiles track
Track generation: 1188..1489 -> 301-tiles track
Track generation: 1111..1399 -> 288-tiles track
Track generation: 1173..1470 -> 297-tiles track
Track generation: 1005..1267 -> 262-tiles track
Track generation: 1378..1726 -> 348-tiles track
Track generation: 1118..1402 -> 284-tiles track
Track generation: 1204..1517 -> 313-tiles track
Track generation: 1237..1559 -> 322-tiles track
Track generation: 1280..1604 -> 324-tiles track
Track generation: 1092..1375 -> 283-tiles track
Track generation: 1106..1391 -> 285-tiles track
retry to generate track (normal if there are not many of this messages)
Track generation: 1175..1473 -> 298-tiles track
Track generation: 1080..1363 -> 283-tiles track
Track generation: 1131..1417 -> 286-tiles track
Track generation: 1156..1454 -> 298-tiles track
[TorchPPO] 0.4% | 71,680/16,000,000 | 114 steps/s | avg 110 steps/s | 0.01 iters/s | ETA 38.9h | pg=0.0368 | vf=139.0672 | ent=-3.3838 | kl=0.066071 | clip=0.448 | grad=238.041 | lr=0.000249 | 50 MB alloc | last_eval=0.0s
Track generation: 1224..1534 -> 310-tiles track
Track generation: 1391..1750 -> 359-tiles track
Track generation: 1324..1659 -> 335-tiles track
Track generation: 1140..1429 -> 289-tiles track
Track generation: 1222..1532 -> 310-tiles track
Track generation: 1130..1416 -> 286-tiles track
Track generation: 1136..1424 -> 288-tiles track
Track generation: 1056..1324 -> 268-tiles track
Track generation: 1135..1423 -> 288-tiles track
Track generation: 1047..1314 -> 267-tiles track
retry to generate track (normal if there are not many of this messages)
Track generation: 1232..1544 -> 312-tiles track
Track generation: 1174..1471 -> 297-tiles track
Track generation: 1152..1444 -> 292-tiles track
Track generation: 1127..1412 -> 285-tiles track
Track generation: 1267..1596 -> 329-tiles track
Track generation: 1064..1334 -> 270-tiles track
Track generation: 1160..1454 -> 294-tiles track
Track generation: 1075..1348 -> 273-tiles track
Track generation: 1090..1372 -> 282-tiles track
Track generation: 1268..1589 -> 321-tiles track
[TorchPPO] 0.5% | 81,920/16,000,000 | 113 steps/s | avg 111 steps/s | 0.01 iters/s | ETA 39.1h | pg=0.0428 | vf=66.4802 | ent=-3.3852 | kl=0.058055 | clip=0.365 | grad=51.976 | lr=0.000249 | 51 MB alloc | last_eval=0.0s
Track generation: 1052..1324 -> 272-tiles track
Track generation: 1109..1390 -> 281-tiles track
Track generation: 1159..1453 -> 294-tiles track
Track generation: 1058..1327 -> 269-tiles track
Track generation: 1181..1480 -> 299-tiles track
Track generation: 1169..1465 -> 296-tiles track
Track generation: 1091..1376 -> 285-tiles track
Track generation: 1164..1459 -> 295-tiles track
Track generation: 1075..1347 -> 272-tiles track
Track generation: 1053..1320 -> 267-tiles track
Track generation: 1032..1294 -> 262-tiles track
Track generation: 1128..1414 -> 286-tiles track
Track generation: 1119..1403 -> 284-tiles track
Track generation: 1082..1357 -> 275-tiles track
Track generation: 1143..1433 -> 290-tiles track
Track generation: 1279..1603 -> 324-tiles track
Track generation: 1009..1268 -> 259-tiles track
retry to generate track (normal if there are not many of this messages)
Track generation: 1111..1393 -> 282-tiles track
Track generation: 1118..1402 -> 284-tiles track
Track generation: 1114..1402 -> 288-tiles track
Track generation: 1031..1293 -> 262-tiles track
Track generation: 1223..1533 -> 310-tiles track
Track generation: 1171..1468 -> 297-tiles track
[TorchPPO] 0.6% | 92,160/16,000,000 | 115 steps/s | avg 111 steps/s | 0.01 iters/s | ETA 38.4h | pg=0.0216 | vf=41.6853 | ent=-3.3869 | kl=0.030143 | clip=0.319 | grad=28.694 | lr=0.000249 | 50 MB alloc | last_eval=0.0s
Track generation: 1082..1356 -> 274-tiles track
Track generation: 1219..1528 -> 309-tiles track
Track generation: 1126..1412 -> 286-tiles track
Track generation: 1148..1439 -> 291-tiles track
Track generation: 1180..1479 -> 299-tiles track
Track generation: 1056..1324 -> 268-tiles track
Track generation: 988..1239 -> 251-tiles track
Track generation: 1121..1405 -> 284-tiles track
Track generation: 899..1133 -> 234-tiles track
Track generation: 1040..1304 -> 264-tiles track
Track generation: 1179..1478 -> 299-tiles track
Track generation: 1039..1305 -> 266-tiles track
retry to generate track (normal if there are not many of this messages)
Track generation: 1160..1454 -> 294-tiles track
Track generation: 1074..1347 -> 273-tiles track
Track generation: 1229..1546 -> 317-tiles track
Track generation: 1171..1468 -> 297-tiles track
Track generation: 1226..1537 -> 311-tiles track
Track generation: 1070..1341 -> 271-tiles track
Track generation: 1247..1563 -> 316-tiles track
Track generation: 1249..1564 -> 315-tiles track
Track generation: 1116..1399 -> 283-tiles track
Track generation: 1111..1393 -> 282-tiles track
Track generation: 1181..1488 -> 307-tiles track
[TorchPPO] 0.6% | 102,400/16,000,000 | 115 steps/s | avg 111 steps/s | 0.01 iters/s | ETA 38.5h | pg=0.0156 | vf=43.1304 | ent=-3.3892 | kl=0.027557 | clip=0.281 | grad=37.710 | lr=0.000249 | 50 MB alloc | last_eval=0.0s
/workspace/Racing_Gym_RL/venv/lib/python3.11/site-packages/gym/logger.py:30: UserWarning: [33mWARN: Box bound precision lowered by casting to float32[0m
  warnings.warn(colorize('%s: %s'%('WARN', msg % args), 'yellow'))
Track generation: 1076..1356 -> 280-tiles track
Track generation: 1200..1504 -> 304-tiles track
Track generation: 1121..1405 -> 284-tiles track
Track generation: 998..1255 -> 257-tiles track
retry to generate track (normal if there are not many of this messages)
Track generation: 1117..1397 -> 280-tiles track
Track generation: 1249..1565 -> 316-tiles track
Track generation: 1007..1263 -> 256-tiles track
Track generation: 1112..1394 -> 282-tiles track
Track generation: 1189..1492 -> 303-tiles track
Track generation: 1217..1525 -> 308-tiles track
Track generation: 1125..1410 -> 285-tiles track
Track generation: 996..1249 -> 253-tiles track
Track generation: 995..1255 -> 260-tiles track
Track generation: 1074..1347 -> 273-tiles track
Track generation: 1236..1549 -> 313-tiles track
Track generation: 1341..1680 -> 339-tiles track
Track generation: 1016..1272 -> 256-tiles track
Track generation: 1008..1270 -> 262-tiles track
retry to generate track (normal if there are not many of this messages)
Track generation: 941..1180 -> 239-tiles track
Track generation: 1108..1389 -> 281-tiles track
[TorchPPO] 0.7% | 112,640/16,000,000 | 114 steps/s | avg 112 steps/s | 0.01 iters/s | ETA 38.8h | pg=0.0096 | vf=60.2839 | ent=-3.3925 | kl=0.021013 | clip=0.245 | grad=26.192 | lr=0.000248 | 51 MB alloc | last_eval=0.0s
GPU detected: NVIDIA A100-SXM4-80GB
CUDA version: 12.4

======================================================================
TRAINING CONFIGURATION
======================================================================
Config file: config/prime_marl_10car_16m.yaml
Device: cuda
Seed: 42
Trainer backend: torch
Torch policy variant: autoresearch_run_008
MARL paradigm: shared_policy_ippo
Environment agents: 10
Resuming from: artifacts_prime_intellect_pull/prime_marl_2car_budget_fast/models/final_model_torch.pt
Resume mode: policy_only
======================================================================

Creating environment...
Environment ID: MultiCarRacing-v0
Using DummyVecEnv with 1 environment
Environment created successfully!


----------------------------------------------------------------------
PPO HYPERPARAMETERS
----------------------------------------------------------------------
Learning rate: 0.00025
Steps per update: 1024
Batch size: 2048
Epochs per update: 2
Gamma (discount): 0.99
GAE lambda: 0.95
Clip range: 0.2
Entropy coefficient: 0.05
Value function coefficient: 0.25
Max gradient norm: 0.5
----------------------------------------------------------------------

Creating PPO model (local torch backend)...
Loading torch checkpoint from /workspace/Racing_Gym_RL/artifacts_prime_intellect_pull/prime_marl_2car_budget_fast/models/final_model_torch.pt
Restore status: mode=policy_only | weights=restored | optimizer=fresh | steps=reset (0) | rng=skipped | summary=policy only

----------------------------------------------------------------------
MODEL INFORMATION
----------------------------------------------------------------------
Observation space: Box(0, 255, (10, 96, 96, 3), uint8)
Action space: Box(-1.0, 1.0, (10, 3), float32)
Policy: AutoresearchRun008CnnActorCritic(
  (features): Sequential(
    (0): Conv2d(3, 32, kernel_size=(8, 8), stride=(4, 4))
    (1): ReLU()
    (2): Conv2d(32, 64, kernel_size=(4, 4), stride=(2, 2))
    (3): ReLU()
    (4): Conv2d(64, 64, kernel_size=(3, 3), stride=(1, 1))
    (5): ReLU()
    (6): Flatten(start_dim=1, end_dim=-1)
  )
  (policy_mlp): Sequential(
    (0): Linear(in_features=4096, out_features=256, bias=True)
    (1): ReLU()
    (2): Linear(in_features=256, out_features=128, bias=True)
    (3): ReLU()
  )
  (policy_mean): Linear(in_features=128, out_features=3, bias=True)
  (value_mlp): Sequential(
    (0): Linear(in_features=4096, out_features=256, bias=True)
    (1): ReLU()
    (2): Linear(in_features=256, out_features=128, bias=True)
    (3): ReLU()
  )
  (value_head): Linear(in_features=128, out_features=1, bias=True)
)
----------------------------------------------------------------------
TRAINING SETTINGS
----------------------------------------------------------------------
Configured total timesteps: 10,000,000
Run target timesteps: 10,000,000
Step accounting: 10 agent-stream transitions per vectorized env step (1 env x 10 agent).
Approx vectorized env steps to target: 1,000,000
Evaluation frequency: 200,000 stream steps (~20,000 vectorized env steps)
Evaluation episodes: 1
Checkpoint frequency: 200,000 stream steps (~20,000 vectorized env steps)
Visual eval: enabled=False, freq=400,000, episodes=1
Torch policy variant: autoresearch_run_008 | log_std=[-0.75, 0.5]
Action mapping: tanh-squashed Gaussian PPO with tanh log-prob correction
Env transform: steer=tanh output, throttle/brake mapped from (-1, 1) to (0, 1)
Curriculum: enabled=False, stage1->2 gate: progress>=0.35, speed>=8.00
Training topology: paradigm=shared_policy_ippo, num_agents=10, policy_sharing=shared
Model directory: /workspace/Racing_Gym_RL/artifacts/prime_marl_10car_16m/models
  Best model (updated every eval that beats previous): /workspace/Racing_Gym_RL/artifacts/prime_marl_10car_16m/models/best_model_torch.pt
  Best copies (per step): /workspace/Racing_Gym_RL/artifacts/prime_marl_10car_16m/models/best_model_torch_step_<step>.pt
  Checkpoints: /workspace/Racing_Gym_RL/artifacts/prime_marl_10car_16m/models/torch_ppo_step_<step>.pt
Log directory: artifacts/prime_marl_10car_16m/logs
TensorBoard run directory: artifacts/prime_marl_10car_16m/logs/torch_20260419_201459_seed42
Run results directory: artifacts/prime_marl_10car_16m/results/torch_20260419_201459_seed42
Eval history log: artifacts/prime_marl_10car_16m/results/torch_20260419_201459_seed42/torch_eval_history.jsonl
----------------------------------------------------------------------

Track generation: 1208..1514 -> 306-tiles track
[TorchPPO] Starting from scratch. Target: 10,000,000 steps.
[TorchPPO] Progress: 0.0% (0 / 10,000,000)
[TorchPPO] Log columns: % | steps | steps/s | iters/s | ETA | policy_loss | value_loss | entropy | kl | clip_frac | grad_norm | GPU_MB
Track generation: 948..1195 -> 247-tiles track
Track generation: 1092..1369 -> 277-tiles track
Track generation: 1158..1459 -> 301-tiles track
Track generation: 1288..1614 -> 326-tiles track
Track generation: 1243..1558 -> 315-tiles track
Track generation: 1165..1465 -> 300-tiles track
retry to generate track (normal if there are not many of this messages)
Track generation: 1080..1354 -> 274-tiles track
Track generation: 1204..1509 -> 305-tiles track
Track generation: 1081..1359 -> 278-tiles track
retry to generate track (normal if there are not many of this messages)
Track generation: 1160..1453 -> 293-tiles track
Track generation: 1162..1457 -> 295-tiles track
Track generation: 1204..1509 -> 305-tiles track
Track generation: 1236..1549 -> 313-tiles track
Track generation: 1324..1659 -> 335-tiles track
Track generation: 1126..1419 -> 293-tiles track
Track generation: 1131..1418 -> 287-tiles track
Track generation: 1056..1324 -> 268-tiles track
Track generation: 1152..1444 -> 292-tiles track
Track generation: 1159..1460 -> 301-tiles track
[TorchPPO] 0.8% | 122,880/16,000,000 | 113 steps/s | avg 112 steps/s | 0.01 iters/s | ETA 38.9h | pg=0.0340 | vf=79.5141 | ent=-3.3949 | kl=0.077006 | clip=0.434 | grad=83.524 | lr=0.000248 | 50 MB alloc | last_eval=0.0s
Track generation: 1001..1255 -> 254-tiles track
Track generation: 1095..1373 -> 278-tiles track
Track generation: 1116..1399 -> 283-tiles track
Track generation: 1068..1339 -> 271-tiles track
Track generation: 1173..1466 -> 293-tiles track
Track generation: 1231..1543 -> 312-tiles track
Track generation: 1069..1340 -> 271-tiles track
Track generation: 1115..1398 -> 283-tiles track
Track generation: 1064..1334 -> 270-tiles track
Track generation: 1087..1366 -> 279-tiles track
Track generation: 1168..1464 -> 296-tiles track
Track generation: 1085..1360 -> 275-tiles track
Track generation: 1081..1355 -> 274-tiles track
Track generation: 1216..1524 -> 308-tiles track
Track generation: 1271..1593 -> 322-tiles track
Track generation: 1170..1467 -> 297-tiles track
Track generation: 1289..1617 -> 328-tiles track
retry to generate track (normal if there are not many of this messages)
Track generation: 1088..1372 -> 284-tiles track
Track generation: 1015..1273 -> 258-tiles track
Track generation: 1156..1449 -> 293-tiles track
Track generation: 1201..1505 -> 304-tiles track
Track generation: 1192..1494 -> 302-tiles track
[TorchPPO] 0.8% | 133,120/16,000,000 | 114 steps/s | avg 112 steps/s | 0.01 iters/s | ETA 38.6h | pg=0.0120 | vf=85.4843 | ent=-3.3967 | kl=0.019394 | clip=0.209 | grad=39.590 | lr=0.000248 | 50 MB alloc | last_eval=0.0s
Track generation: 1203..1508 -> 305-tiles track
Track generation: 1127..1413 -> 286-tiles track
Track generation: 1237..1550 -> 313-tiles track
Track generation: 1129..1416 -> 287-tiles track
Track generation: 1177..1475 -> 298-tiles track
Track generation: 1048..1318 -> 270-tiles track
retry to generate track (normal if there are not many of this messages)
Track generation: 1236..1549 -> 313-tiles track
Track generation: 1243..1558 -> 315-tiles track
Track generation: 1131..1418 -> 287-tiles track
Track generation: 1157..1451 -> 294-tiles track
Track generation: 1147..1438 -> 291-tiles track
Track generation: 1037..1307 -> 270-tiles track
Track generation: 1011..1271 -> 260-tiles track
retry to generate track (normal if there are not many of this messages)
Track generation: 1203..1508 -> 305-tiles track
Track generation: 1059..1328 -> 269-tiles track
Track generation: 1163..1458 -> 295-tiles track
Track generation: 963..1208 -> 245-tiles track
Track generation: 1355..1697 -> 342-tiles track
Track generation: 1131..1421 -> 290-tiles track
retry to generate track (normal if there are not many of this messages)
Track generation: 1131..1418 -> 287-tiles track
Track generation: 1149..1440 -> 291-tiles track
Track generation: 1130..1417 -> 287-tiles track
Track generation: 1180..1479 -> 299-tiles track
Track generation: 1099..1378 -> 279-tiles track
Track generation: 1074..1347 -> 273-tiles track
Track generation: 1064..1334 -> 270-tiles track
Track generation: 1181..1480 -> 299-tiles track
Track generation: 1222..1532 -> 310-tiles track
Track generation: 1071..1352 -> 281-tiles track
Track generation: 1042..1311 -> 269-tiles track
Track generation: 1401..1755 -> 354-tiles track
Track generation: 1259..1578 -> 319-tiles track
Track generation: 1270..1592 -> 322-tiles track
Track generation: 1196..1499 -> 303-tiles track
Track generation: 1199..1503 -> 304-tiles track
Track generation: 1053..1320 -> 267-tiles track
Track generation: 1129..1424 -> 295-tiles track
Track generation: 1240..1554 -> 314-tiles track
Track generation: 1136..1424 -> 288-tiles track
Track generation: 1167..1463 -> 296-tiles track
Track generation: 1030..1295 -> 265-tiles track
retry to generate track (normal if there are not many of this messages)
Track generation: 1118..1401 -> 283-tiles track
Track generation: 1313..1645 -> 332-tiles track
Track generation: 1193..1494 -> 301-tiles track
Track generation: 1247..1563 -> 316-tiles track
Track generation: 1034..1301 -> 267-tiles track
[TorchPPO] 0.2% | 20,480/10,000,000 | 115 steps/s | avg 115 steps/s | 0.01 iters/s | ETA 24.2h | pg=0.0731 | vf=87.3664 | ent=-3.3752 | kl=0.122428 | clip=0.544 | grad=34.728 | lr=0.000250 | 51 MB alloc | last_eval=0.0s
Track generation: 1116..1399 -> 283-tiles track
Track generation: 1254..1578 -> 324-tiles track
Track generation: 1033..1305 -> 272-tiles track
Track generation: 1025..1286 -> 261-tiles track
Track generation: 1262..1582 -> 320-tiles track
Track generation: 1060..1333 -> 273-tiles track
Track generation: 1024..1284 -> 260-tiles track
Track generation: 1332..1669 -> 337-tiles track
Track generation: 1132..1419 -> 287-tiles track
Track generation: 956..1203 -> 247-tiles track
retry to generate track (normal if there are not many of this messages)
Track generation: 1292..1619 -> 327-tiles track
Track generation: 1056..1327 -> 271-tiles track
retry to generate track (normal if there are not many of this messages)
Track generation: 1114..1400 -> 286-tiles track
Track generation: 1157..1453 -> 296-tiles track
retry to generate track (normal if there are not many of this messages)
Track generation: 1014..1279 -> 265-tiles track
Track generation: 1003..1258 -> 255-tiles track
Track generation: 1053..1321 -> 268-tiles track
[TorchPPO] 0.9% | 143,360/16,000,000 | 117 steps/s | avg 112 steps/s | 0.01 iters/s | ETA 37.8h | pg=0.0339 | vf=42.0188 | ent=-3.3986 | kl=0.042782 | clip=0.375 | grad=20.474 | lr=0.000248 | 51 MB alloc | last_eval=0.0s
Track generation: 1072..1344 -> 272-tiles track
Track generation: 1003..1266 -> 263-tiles track
Track generation: 1219..1534 -> 315-tiles track
Track generation: 1139..1428 -> 289-tiles track
Track generation: 1004..1261 -> 257-tiles track
retry to generate track (normal if there are not many of this messages)
Track generation: 1253..1570 -> 317-tiles track
Track generation: 1135..1423 -> 288-tiles track
Track generation: 1144..1434 -> 290-tiles track
Track generation: 1199..1503 -> 304-tiles track
Track generation: 1228..1539 -> 311-tiles track
Track generation: 1226..1537 -> 311-tiles track
Track generation: 1084..1359 -> 275-tiles track
Track generation: 1303..1633 -> 330-tiles track
Track generation: 1156..1449 -> 293-tiles track
Track generation: 1287..1613 -> 326-tiles track
Track generation: 1076..1349 -> 273-tiles track
Track generation: 1167..1473 -> 306-tiles track
Track generation: 1232..1544 -> 312-tiles track
[TorchPPO] 0.3% | 30,720/10,000,000 | 113 steps/s | avg 114 steps/s | 0.01 iters/s | ETA 24.4h | pg=0.0211 | vf=105.5033 | ent=-3.3772 | kl=0.037167 | clip=0.307 | grad=35.855 | lr=0.000249 | 50 MB alloc | last_eval=0.0s
Track generation: 1219..1528 -> 309-tiles track
Track generation: 952..1200 -> 248-tiles track
Track generation: 1209..1516 -> 307-tiles track
Track generation: 1391..1743 -> 352-tiles track
Track generation: 1072..1344 -> 272-tiles track
Track generation: 1076..1349 -> 273-tiles track
Track generation: 1026..1294 -> 268-tiles track
Track generation: 1271..1593 -> 322-tiles track
Track generation: 1099..1379 -> 280-tiles track
Track generation: 1056..1328 -> 272-tiles track
retry to generate track (normal if there are not many of this messages)
Track generation: 1041..1310 -> 269-tiles track
Track generation: 1048..1314 -> 266-tiles track
Track generation: 1105..1386 -> 281-tiles track
Track generation: 1083..1358 -> 275-tiles track
Track generation: 1143..1433 -> 290-tiles track
Track generation: 1260..1579 -> 319-tiles track
Track generation: 1219..1528 -> 309-tiles track
Track generation: 1095..1373 -> 278-tiles track
Track generation: 1055..1323 -> 268-tiles track
Track generation: 1147..1438 -> 291-tiles track
Track generation: 1076..1349 -> 273-tiles track
Track generation: 1169..1465 -> 296-tiles track
Track generation: 1272..1594 -> 322-tiles track
[TorchPPO] 1.0% | 153,600/16,000,000 | 116 steps/s | avg 112 steps/s | 0.01 iters/s | ETA 38.0h | pg=0.0446 | vf=151.3643 | ent=-3.4007 | kl=0.076356 | clip=0.428 | grad=70.730 | lr=0.000248 | 50 MB alloc | last_eval=0.0s
Track generation: 1093..1371 -> 278-tiles track
Track generation: 1372..1719 -> 347-tiles track
Track generation: 1125..1410 -> 285-tiles track
Track generation: 1288..1614 -> 326-tiles track
Track generation: 1160..1454 -> 294-tiles track
Track generation: 1205..1518 -> 313-tiles track
Track generation: 1180..1479 -> 299-tiles track
Track generation: 1325..1660 -> 335-tiles track
Track generation: 1285..1611 -> 326-tiles track
Track generation: 1163..1458 -> 295-tiles track
Track generation: 1076..1349 -> 273-tiles track
Track generation: 1035..1298 -> 263-tiles track
Track generation: 1103..1389 -> 286-tiles track
Track generation: 1146..1435 -> 289-tiles track
Track generation: 1140..1429 -> 289-tiles track
Track generation: 1068..1339 -> 271-tiles track
Track generation: 1200..1504 -> 304-tiles track
Track generation: 1011..1273 -> 262-tiles track
[TorchPPO] 0.4% | 40,960/10,000,000 | 115 steps/s | avg 114 steps/s | 0.01 iters/s | ETA 24.1h | pg=0.0140 | vf=104.5642 | ent=-3.3793 | kl=0.021130 | clip=0.229 | grad=26.871 | lr=0.000249 | 50 MB alloc | last_eval=0.0s
Track generation: 1082..1357 -> 275-tiles track
Track generation: 1144..1434 -> 290-tiles track
Track generation: 1173..1470 -> 297-tiles track
Track generation: 1163..1458 -> 295-tiles track
Track generation: 992..1244 -> 252-tiles track
Track generation: 1133..1424 -> 291-tiles track
retry to generate track (normal if there are not many of this messages)
Track generation: 1118..1410 -> 292-tiles track
Track generation: 1280..1609 -> 329-tiles track
Track generation: 1079..1353 -> 274-tiles track
Track generation: 1196..1499 -> 303-tiles track
Track generation: 980..1229 -> 249-tiles track
Track generation: 1116..1399 -> 283-tiles track
Track generation: 1224..1534 -> 310-tiles track
Track generation: 1379..1728 -> 349-tiles track
Track generation: 1330..1667 -> 337-tiles track
Track generation: 1262..1582 -> 320-tiles track
Track generation: 1160..1454 -> 294-tiles track
Track generation: 1123..1408 -> 285-tiles track
Track generation: 1164..1459 -> 295-tiles track
Track generation: 1131..1426 -> 295-tiles track
Track generation: 1081..1359 -> 278-tiles track
Track generation: 1242..1557 -> 315-tiles track
Track generation: 1071..1349 -> 278-tiles track
[TorchPPO] 1.0% | 163,840/16,000,000 | 113 steps/s | avg 113 steps/s | 0.01 iters/s | ETA 38.8h | pg=0.0578 | vf=68.5002 | ent=-3.4021 | kl=0.095541 | clip=0.543 | grad=37.741 | lr=0.000248 | 50 MB alloc | last_eval=0.0s
Track generation: 1183..1483 -> 300-tiles track
Track generation: 1154..1449 -> 295-tiles track
retry to generate track (normal if there are not many of this messages)
Track generation: 1165..1460 -> 295-tiles track
Track generation: 1269..1597 -> 328-tiles track
Track generation: 995..1248 -> 253-tiles track
Track generation: 1152..1444 -> 292-tiles track
Track generation: 1191..1493 -> 302-tiles track
Track generation: 1232..1552 -> 320-tiles track
Track generation: 1142..1432 -> 290-tiles track
Track generation: 1199..1503 -> 304-tiles track
Track generation: 978..1232 -> 254-tiles track
Track generation: 1115..1398 -> 283-tiles track
Track generation: 1185..1485 -> 300-tiles track
Track generation: 1184..1484 -> 300-tiles track
Track generation: 1167..1463 -> 296-tiles track
Track generation: 1172..1469 -> 297-tiles track
Track generation: 1209..1515 -> 306-tiles track
Track generation: 963..1208 -> 245-tiles track
Track generation: 1216..1524 -> 308-tiles track
Track generation: 1103..1383 -> 280-tiles track
Track generation: 1400..1754 -> 354-tiles track
Track generation: 1115..1398 -> 283-tiles track
[TorchPPO] 0.5% | 51,200/10,000,000 | 115 steps/s | avg 114 steps/s | 0.01 iters/s | ETA 24.1h | pg=0.0154 | vf=48.0523 | ent=-3.3815 | kl=0.024726 | clip=0.269 | grad=13.606 | lr=0.000249 | 51 MB alloc | last_eval=0.0s
Track generation: 1096..1374 -> 278-tiles track
Track generation: 1144..1434 -> 290-tiles track
Track generation: 999..1253 -> 254-tiles track
Track generation: 1178..1477 -> 299-tiles track
Track generation: 1263..1583 -> 320-tiles track
Track generation: 1108..1389 -> 281-tiles track
Track generation: 1033..1299 -> 266-tiles track
retry to generate track (normal if there are not many of this messages)
Track generation: 1236..1549 -> 313-tiles track
Track generation: 1206..1513 -> 307-tiles track
retry to generate track (normal if there are not many of this messages)
Track generation: 1220..1529 -> 309-tiles track
Track generation: 1129..1424 -> 295-tiles track
Track generation: 1143..1433 -> 290-tiles track
Track generation: 1219..1538 -> 319-tiles track
retry to generate track (normal if there are not many of this messages)
Track generation: 1199..1503 -> 304-tiles track
Track generation: 1212..1519 -> 307-tiles track
Track generation: 1360..1704 -> 344-tiles track
[TorchPPO] 1.1% | 174,080/16,000,000 | 113 steps/s | avg 113 steps/s | 0.01 iters/s | ETA 38.8h | pg=0.0084 | vf=52.8135 | ent=-3.4038 | kl=0.014814 | clip=0.194 | grad=18.997 | lr=0.000247 | 51 MB alloc | last_eval=0.0s
Track generation: 994..1254 -> 260-tiles track
Track generation: 1204..1509 -> 305-tiles track
Track generation: 1127..1414 -> 287-tiles track
retry to generate track (normal if there are not many of this messages)
Track generation: 1160..1454 -> 294-tiles track
Track generation: 1149..1440 -> 291-tiles track
Track generation: 1242..1556 -> 314-tiles track
Track generation: 1320..1654 -> 334-tiles track
Track generation: 1138..1435 -> 297-tiles track
Track generation: 1089..1371 -> 282-tiles track
Track generation: 1083..1358 -> 275-tiles track
Track generation: 1092..1371 -> 279-tiles track
retry to generate track (normal if there are not many of this messages)
Track generation: 1183..1483 -> 300-tiles track
Track generation: 1096..1374 -> 278-tiles track
Track generation: 1157..1450 -> 293-tiles track
Track generation: 1092..1369 -> 277-tiles track
Track generation: 1116..1399 -> 283-tiles track
Track generation: 1132..1419 -> 287-tiles track
Track generation: 1099..1383 -> 284-tiles track
Track generation: 1293..1620 -> 327-tiles track
Track generation: 1297..1625 -> 328-tiles track
Track generation: 1121..1405 -> 284-tiles track
Track generation: 1079..1353 -> 274-tiles track
Track generation: 940..1183 -> 243-tiles track
retry to generate track (normal if there are not many of this messages)
Track generation: 1250..1566 -> 316-tiles track
Track generation: 1228..1539 -> 311-tiles track
[TorchPPO] 0.6% | 61,440/10,000,000 | 113 steps/s | avg 114 steps/s | 0.01 iters/s | ETA 24.5h | pg=0.0326 | vf=44.7721 | ent=-3.3842 | kl=0.049112 | clip=0.366 | grad=17.625 | lr=0.000249 | 50 MB alloc | last_eval=0.0s
Track generation: 1220..1530 -> 310-tiles track
Track generation: 1123..1408 -> 285-tiles track
Track generation: 1167..1463 -> 296-tiles track
Track generation: 1004..1259 -> 255-tiles track
Track generation: 1063..1333 -> 270-tiles track
Track generation: 1211..1518 -> 307-tiles track
Track generation: 1095..1372 -> 277-tiles track
Track generation: 1108..1389 -> 281-tiles track
Track generation: 1087..1361 -> 274-tiles track
Track generation: 1163..1468 -> 305-tiles track
Track generation: 1148..1439 -> 291-tiles track
Track generation: 1154..1447 -> 293-tiles track
Track generation: 1052..1323 -> 271-tiles track
retry to generate track (normal if there are not many of this messages)
Track generation: 1264..1584 -> 320-tiles track
Track generation: 1264..1584 -> 320-tiles track
Track generation: 1126..1421 -> 295-tiles track
Track generation: 1320..1654 -> 334-tiles track
Track generation: 1315..1648 -> 333-tiles track
Track generation: 868..1097 -> 229-tiles track
Track generation: 1400..1754 -> 354-tiles track
Track generation: 1217..1525 -> 308-tiles track
Track generation: 1203..1508 -> 305-tiles track
Track generation: 1317..1651 -> 334-tiles track
Track generation: 1397..1750 -> 353-tiles track
[TorchPPO] 1.2% | 184,320/16,000,000 | 113 steps/s | avg 113 steps/s | 0.01 iters/s | ETA 38.8h | pg=0.0898 | vf=124.4125 | ent=-3.4058 | kl=0.157949 | clip=0.549 | grad=89.051 | lr=0.000247 | 50 MB alloc | last_eval=0.0s
Track generation: 1248..1564 -> 316-tiles track
Track generation: 1012..1269 -> 257-tiles track
Track generation: 1226..1536 -> 310-tiles track
Track generation: 1238..1552 -> 314-tiles track
Track generation: 1191..1493 -> 302-tiles track
Track generation: 1084..1359 -> 275-tiles track
Track generation: 1132..1419 -> 287-tiles track
Track generation: 1149..1440 -> 291-tiles track
Track generation: 1072..1343 -> 271-tiles track
Track generation: 1027..1290 -> 263-tiles track
retry to generate track (normal if there are not many of this messages)
Track generation: 1085..1361 -> 276-tiles track
Track generation: 1187..1488 -> 301-tiles track
Track generation: 1094..1374 -> 280-tiles track
retry to generate track (normal if there are not many of this messages)
Track generation: 1156..1449 -> 293-tiles track
Track generation: 1135..1423 -> 288-tiles track
Track generation: 1332..1669 -> 337-tiles track
Track generation: 1183..1485 -> 302-tiles track
Track generation: 1198..1502 -> 304-tiles track
Track generation: 1107..1388 -> 281-tiles track
Track generation: 1248..1564 -> 316-tiles track
Track generation: 1188..1489 -> 301-tiles track
Track generation: 1111..1399 -> 288-tiles track
Track generation: 1173..1470 -> 297-tiles track
Track generation: 1005..1267 -> 262-tiles track
[TorchPPO] 0.7% | 71,680/10,000,000 | 116 steps/s | avg 114 steps/s | 0.01 iters/s | ETA 23.7h | pg=0.0185 | vf=73.7198 | ent=-3.3867 | kl=0.029662 | clip=0.326 | grad=66.605 | lr=0.000248 | 50 MB alloc | last_eval=0.0s
Track generation: 956..1199 -> 243-tiles track
Track generation: 1236..1557 -> 321-tiles track
Track generation: 1148..1438 -> 290-tiles track
Track generation: 1136..1424 -> 288-tiles track
Track generation: 1418..1776 -> 358-tiles track
Track generation: 1211..1518 -> 307-tiles track
Track generation: 1088..1370 -> 282-tiles track
Track generation: 1141..1433 -> 292-tiles track
retry to generate track (normal if there are not many of this messages)
Track generation: 1124..1409 -> 285-tiles track
Track generation: 1079..1363 -> 284-tiles track
Track generation: 1149..1440 -> 291-tiles track
Track generation: 1192..1494 -> 302-tiles track
Track generation: 1199..1512 -> 313-tiles track
Track generation: 1044..1309 -> 265-tiles track
Track generation: 1099..1378 -> 279-tiles track
Track generation: 1078..1359 -> 281-tiles track
Track generation: 1212..1519 -> 307-tiles track
Track generation: 1223..1533 -> 310-tiles track
Track generation: 1096..1379 -> 283-tiles track
[TorchPPO] 1.2% | 194,560/16,000,000 | 110 steps/s | avg 112 steps/s | 0.01 iters/s | ETA 39.9h | pg=0.0128 | vf=60.8660 | ent=-3.4074 | kl=0.020015 | clip=0.230 | grad=20.900 | lr=0.000247 | 50 MB alloc | last_eval=0.0s
Track generation: 1378..1726 -> 348-tiles track
Track generation: 1118..1402 -> 284-tiles track
Track generation: 1204..1517 -> 313-tiles track
Track generation: 1237..1559 -> 322-tiles track
Track generation: 1280..1604 -> 324-tiles track
Track generation: 1092..1375 -> 283-tiles track
Track generation: 1106..1391 -> 285-tiles track
retry to generate track (normal if there are not many of this messages)
Track generation: 1175..1473 -> 298-tiles track
Track generation: 1080..1363 -> 283-tiles track
Track generation: 1131..1417 -> 286-tiles track
Track generation: 1156..1454 -> 298-tiles track
Track generation: 1224..1534 -> 310-tiles track
Track generation: 1391..1750 -> 359-tiles track
Track generation: 1324..1659 -> 335-tiles track
Track generation: 1140..1429 -> 289-tiles track
Track generation: 1222..1532 -> 310-tiles track
Track generation: 1130..1416 -> 286-tiles track
Track generation: 1136..1424 -> 288-tiles track
Track generation: 1056..1324 -> 268-tiles track
Track generation: 1135..1423 -> 288-tiles track
Track generation: 1047..1314 -> 267-tiles track
retry to generate track (normal if there are not many of this messages)
Track generation: 1232..1544 -> 312-tiles track
Track generation: 1174..1471 -> 297-tiles track
Track generation: 1152..1444 -> 292-tiles track
[TorchPPO] 0.8% | 81,920/10,000,000 | 110 steps/s | avg 114 steps/s | 0.01 iters/s | ETA 25.0h | pg=0.0069 | vf=50.4220 | ent=-3.3885 | kl=0.013638 | clip=0.166 | grad=27.339 | lr=0.000248 | 51 MB alloc | last_eval=0.0s
Track generation: 1120..1404 -> 284-tiles track
Track generation: 1142..1439 -> 297-tiles track
Track generation: 1096..1374 -> 278-tiles track
Track generation: 1243..1566 -> 323-tiles track
Track generation: 1076..1349 -> 273-tiles track
Track generation: 897..1131 -> 234-tiles track
Track generation: 1120..1404 -> 284-tiles track
Track generation: 1134..1433 -> 299-tiles track
retry to generate track (normal if there are not many of this messages)
Track generation: 1182..1484 -> 302-tiles track
retry to generate track (normal if there are not many of this messages)
Track generation: 999..1256 -> 257-tiles track
retry to generate track (normal if there are not many of this messages)
Track generation: 1161..1455 -> 294-tiles track
Track generation: 1120..1404 -> 284-tiles track
Track generation: 1232..1544 -> 312-tiles track
Track generation: 1121..1405 -> 284-tiles track
Track generation: 1299..1628 -> 329-tiles track
Track generation: 1183..1483 -> 300-tiles track
Track generation: 1073..1345 -> 272-tiles track
Track generation: 1127..1415 -> 288-tiles track
retry to generate track (normal if there are not many of this messages)
Track generation: 1103..1383 -> 280-tiles track
Track generation: 1144..1434 -> 290-tiles track
Track generation: 1224..1534 -> 310-tiles track
Track generation: 1216..1524 -> 308-tiles track
Track generation: 1184..1484 -> 300-tiles track
Track generation: 1105..1394 -> 289-tiles track
Track generation: 1072..1344 -> 272-tiles track
Track generation: 1009..1265 -> 256-tiles track
[TorchPPO] 1.3% | 204,800/16,000,000 | 113 steps/s | avg 113 steps/s | 0.01 iters/s | ETA 38.8h | pg=0.0138 | vf=110.5321 | ent=-3.4093 | kl=0.019655 | clip=0.206 | grad=47.126 | lr=0.000247 | 51 MB alloc | last_eval=0.0s
[TorchPPO] Checkpoint saved: /workspace/Racing_Gym_RL/artifacts/prime_marl_10car_16m/models/torch_ppo_step_204800.pt
Track generation: 1127..1412 -> 285-tiles track
Track generation: 1267..1596 -> 329-tiles track
Track generation: 1064..1334 -> 270-tiles track
Track generation: 1160..1454 -> 294-tiles track
Track generation: 1075..1348 -> 273-tiles track
Track generation: 1090..1372 -> 282-tiles track
Track generation: 1268..1589 -> 321-tiles track
Track generation: 1052..1324 -> 272-tiles track
Track generation: 1109..1390 -> 281-tiles track
Track generation: 1159..1453 -> 294-tiles track
Track generation: 1058..1327 -> 269-tiles track
Track generation: 1181..1480 -> 299-tiles track
Track generation: 1169..1465 -> 296-tiles track
Track generation: 1091..1376 -> 285-tiles track
Track generation: 1164..1459 -> 295-tiles track
Track generation: 1075..1347 -> 272-tiles track
Track generation: 1053..1320 -> 267-tiles track
Track generation: 1032..1294 -> 262-tiles track
Track generation: 1128..1414 -> 286-tiles track
Track generation: 1119..1403 -> 284-tiles track
[TorchPPO] 0.9% | 92,160/10,000,000 | 112 steps/s | avg 114 steps/s | 0.01 iters/s | ETA 24.6h | pg=0.0193 | vf=93.7124 | ent=-3.3895 | kl=0.032573 | clip=0.256 | grad=34.676 | lr=0.000248 | 50 MB alloc | last_eval=0.0s
[TorchPPO Eval] step=204,800 | mean_reward=-3.00 +/- 0.00 | progress=1.53% | offtrack_rate=100.00% | contact_rate=0.00% | hook_rate=0.00% | contact_term_rate=0.00% | steer_var=0.26681 | mean_speed=14.81 | throttle=0.97 | brake=0.00 | stage=1 | eval_time=21.6s (first eval)
[TorchPPO] Best model saved (step 204,800, reward -3.00):
  -> /workspace/Racing_Gym_RL/artifacts/prime_marl_10car_16m/models/best_model_torch.pt
  -> (copy) /workspace/Racing_Gym_RL/artifacts/prime_marl_10car_16m/models/best_model_torch_step_204800.pt
Track generation: 1082..1357 -> 275-tiles track
Track generation: 1143..1433 -> 290-tiles track
Track generation: 1279..1603 -> 324-tiles track
Track generation: 1009..1268 -> 259-tiles track
retry to generate track (normal if there are not many of this messages)
Track generation: 1111..1393 -> 282-tiles track
Track generation: 1118..1402 -> 284-tiles track
Track generation: 1114..1402 -> 288-tiles track
Track generation: 1031..1293 -> 262-tiles track
Track generation: 1223..1533 -> 310-tiles track
Track generation: 1171..1468 -> 297-tiles track
Track generation: 1082..1356 -> 274-tiles track
Track generation: 1219..1528 -> 309-tiles track
Track generation: 1126..1412 -> 286-tiles track
Track generation: 1148..1439 -> 291-tiles track
Track generation: 1180..1479 -> 299-tiles track
Track generation: 1056..1324 -> 268-tiles track
Track generation: 988..1239 -> 251-tiles track
Track generation: 1121..1405 -> 284-tiles track
Track generation: 899..1133 -> 234-tiles track
[TorchPPO] 1.0% | 102,400/10,000,000 | 116 steps/s | avg 114 steps/s | 0.01 iters/s | ETA 23.8h | pg=0.0149 | vf=71.5681 | ent=-3.3907 | kl=0.023418 | clip=0.241 | grad=17.493 | lr=0.000248 | 50 MB alloc | last_eval=0.0s
Track generation: 1164..1459 -> 295-tiles track
Track generation: 1184..1485 -> 301-tiles track
Track generation: 1108..1389 -> 281-tiles track
Track generation: 1149..1449 -> 300-tiles track
Track generation: 1283..1609 -> 326-tiles track
Track generation: 1116..1399 -> 283-tiles track
Track generation: 1291..1618 -> 327-tiles track
Track generation: 1078..1358 -> 280-tiles track
Track generation: 1138..1436 -> 298-tiles track
Track generation: 1257..1575 -> 318-tiles track
Track generation: 1190..1492 -> 302-tiles track
Track generation: 1141..1430 -> 289-tiles track
Track generation: 1164..1459 -> 295-tiles track
Track generation: 989..1244 -> 255-tiles track
retry to generate track (normal if there are not many of this messages)
Track generation: 1352..1694 -> 342-tiles track
Track generation: 995..1248 -> 253-tiles track
Track generation: 1305..1635 -> 330-tiles track
[TorchPPO] 1.3% | 215,040/16,000,000 | 92 steps/s | avg 111 steps/s | 0.01 iters/s | ETA 47.7h | pg=0.0133 | vf=51.3567 | ent=-3.4109 | kl=0.017888 | clip=0.209 | grad=55.714 | lr=0.000247 | 50 MB alloc | last_eval=21.6s
Track generation: 1040..1304 -> 264-tiles track
Track generation: 1179..1478 -> 299-tiles track
Track generation: 1039..1305 -> 266-tiles track
retry to generate track (normal if there are not many of this messages)
Track generation: 1160..1454 -> 294-tiles track
Track generation: 1074..1347 -> 273-tiles track
Track generation: 1229..1546 -> 317-tiles track
Track generation: 1171..1468 -> 297-tiles track
Track generation: 1226..1537 -> 311-tiles track
Track generation: 1070..1341 -> 271-tiles track
Track generation: 1247..1563 -> 316-tiles track
Track generation: 1249..1564 -> 315-tiles track
Track generation: 1116..1399 -> 283-tiles track
Track generation: 1111..1393 -> 282-tiles track
Track generation: 1181..1488 -> 307-tiles track
Track generation: 1076..1356 -> 280-tiles track
Track generation: 1200..1504 -> 304-tiles track
Track generation: 1121..1405 -> 284-tiles track
Track generation: 998..1255 -> 257-tiles track
retry to generate track (normal if there are not many of this messages)
Track generation: 1117..1397 -> 280-tiles track
Track generation: 1249..1565 -> 316-tiles track
Track generation: 1007..1263 -> 256-tiles track
Track generation: 1112..1394 -> 282-tiles track
Track generation: 1189..1492 -> 303-tiles track
Track generation: 1217..1525 -> 308-tiles track
Track generation: 1125..1410 -> 285-tiles track
Track generation: 996..1249 -> 253-tiles track
Track generation: 995..1255 -> 260-tiles track
Track generation: 1074..1347 -> 273-tiles track
Track generation: 1236..1549 -> 313-tiles track
Track generation: 1341..1680 -> 339-tiles track
[TorchPPO] 1.1% | 112,640/10,000,000 | 119 steps/s | avg 114 steps/s | 0.01 iters/s | ETA 23.0h | pg=0.0141 | vf=51.4647 | ent=-3.3926 | kl=0.022037 | clip=0.240 | grad=30.492 | lr=0.000247 | 51 MB alloc | last_eval=0.0s
Track generation: 1090..1364 -> 274-tiles track
Track generation: 1135..1423 -> 288-tiles track
Track generation: 1187..1488 -> 301-tiles track
Track generation: 995..1248 -> 253-tiles track
Track generation: 981..1233 -> 252-tiles track
retry to generate track (normal if there are not many of this messages)
Track generation: 1087..1363 -> 276-tiles track
Track generation: 1076..1355 -> 279-tiles track
Track generation: 1238..1552 -> 314-tiles track
Track generation: 1071..1343 -> 272-tiles track
Track generation: 1070..1347 -> 277-tiles track
Track generation: 1180..1479 -> 299-tiles track
Track generation: 1140..1429 -> 289-tiles track
Track generation: 1064..1339 -> 275-tiles track
Track generation: 1140..1436 -> 296-tiles track
Track generation: 1130..1423 -> 293-tiles track
Track generation: 1064..1336 -> 272-tiles track
retry to generate track (normal if there are not many of this messages)
Track generation: 1263..1583 -> 320-tiles track
Track generation: 1118..1408 -> 290-tiles track
Track generation: 1196..1500 -> 304-tiles track
Track generation: 1104..1384 -> 280-tiles track
Track generation: 1128..1414 -> 286-tiles track
Track generation: 1165..1461 -> 296-tiles track
Track generation: 1138..1427 -> 289-tiles track
Track generation: 1135..1423 -> 288-tiles track
Track generation: 1161..1463 -> 302-tiles track
[TorchPPO] 1.4% | 225,280/16,000,000 | 118 steps/s | avg 112 steps/s | 0.01 iters/s | ETA 37.2h | pg=0.0263 | vf=101.3262 | ent=-3.4121 | kl=0.042321 | clip=0.348 | grad=35.217 | lr=0.000247 | 50 MB alloc | last_eval=21.6s
Track generation: 1016..1272 -> 256-tiles track
Track generation: 1008..1270 -> 262-tiles track
retry to generate track (normal if there are not many of this messages)
Track generation: 941..1180 -> 239-tiles track
Track generation: 1108..1389 -> 281-tiles track
Track generation: 948..1195 -> 247-tiles track
Track generation: 1092..1369 -> 277-tiles track
Track generation: 1158..1459 -> 301-tiles track
Track generation: 1288..1614 -> 326-tiles track
Track generation: 1243..1558 -> 315-tiles track
Track generation: 1165..1465 -> 300-tiles track
retry to generate track (normal if there are not many of this messages)
Track generation: 1080..1354 -> 274-tiles track
Track generation: 1204..1509 -> 305-tiles track
Track generation: 1081..1359 -> 278-tiles track
retry to generate track (normal if there are not many of this messages)
Track generation: 1160..1453 -> 293-tiles track
Track generation: 1162..1457 -> 295-tiles track
Track generation: 1204..1509 -> 305-tiles track
Track generation: 1236..1549 -> 313-tiles track
Track generation: 1324..1659 -> 335-tiles track
Track generation: 1126..1419 -> 293-tiles track
Track generation: 1131..1418 -> 287-tiles track
Track generation: 1056..1324 -> 268-tiles track
Track generation: 1152..1444 -> 292-tiles track
Track generation: 1159..1460 -> 301-tiles track
Track generation: 1001..1255 -> 254-tiles track
Track generation: 1095..1373 -> 278-tiles track
Track generation: 1116..1399 -> 283-tiles track
Track generation: 1068..1339 -> 271-tiles track
[TorchPPO] 1.2% | 122,880/10,000,000 | 118 steps/s | avg 115 steps/s | 0.01 iters/s | ETA 23.2h | pg=0.0100 | vf=36.5521 | ent=-3.3947 | kl=0.018271 | clip=0.216 | grad=58.076 | lr=0.000247 | 50 MB alloc | last_eval=0.0s
Track generation: 1176..1474 -> 298-tiles track
Track generation: 1219..1528 -> 309-tiles track
Track generation: 1179..1478 -> 299-tiles track
Track generation: 1077..1354 -> 277-tiles track
retry to generate track (normal if there are not many of this messages)
Track generation: 1156..1448 -> 292-tiles track
Track generation: 946..1192 -> 246-tiles track
Track generation: 1173..1470 -> 297-tiles track
Track generation: 1070..1348 -> 278-tiles track
Track generation: 1191..1493 -> 302-tiles track
Track generation: 1133..1420 -> 287-tiles track
Track generation: 1031..1293 -> 262-tiles track
Track generation: 1224..1534 -> 310-tiles track
Track generation: 1071..1343 -> 272-tiles track
Track generation: 1058..1323 -> 265-tiles track
Track generation: 992..1251 -> 259-tiles track
Track generation: 1003..1262 -> 259-tiles track
Track generation: 1144..1434 -> 290-tiles track
Track generation: 1357..1700 -> 343-tiles track
Track generation: 999..1261 -> 262-tiles track
Track generation: 1105..1385 -> 280-tiles track
Track generation: 1110..1391 -> 281-tiles track
[TorchPPO] 1.5% | 235,520/16,000,000 | 118 steps/s | avg 112 steps/s | 0.01 iters/s | ETA 37.0h | pg=0.0169 | vf=55.2497 | ent=-3.4136 | kl=0.021598 | clip=0.257 | grad=63.115 | lr=0.000246 | 51 MB alloc | last_eval=21.6s
Track generation: 1173..1466 -> 293-tiles track
Track generation: 1231..1543 -> 312-tiles track
Track generation: 1069..1340 -> 271-tiles track
Track generation: 1115..1398 -> 283-tiles track
Track generation: 1064..1334 -> 270-tiles track
Track generation: 1087..1366 -> 279-tiles track
Track generation: 1168..1464 -> 296-tiles track
Track generation: 1085..1360 -> 275-tiles track
Track generation: 1081..1355 -> 274-tiles track
Track generation: 1216..1524 -> 308-tiles track
Track generation: 1271..1593 -> 322-tiles track
Track generation: 1170..1467 -> 297-tiles track
Track generation: 1289..1617 -> 328-tiles track
retry to generate track (normal if there are not many of this messages)
Track generation: 1088..1372 -> 284-tiles track
Track generation: 1015..1273 -> 258-tiles track
Track generation: 1156..1449 -> 293-tiles track
Track generation: 1201..1505 -> 304-tiles track
Track generation: 1192..1494 -> 302-tiles track
Track generation: 1116..1399 -> 283-tiles track
Track generation: 1254..1578 -> 324-tiles track
Track generation: 1033..1305 -> 272-tiles track
Track generation: 1025..1286 -> 261-tiles track
Track generation: 1262..1582 -> 320-tiles track
Track generation: 1060..1333 -> 273-tiles track
Track generation: 1024..1284 -> 260-tiles track
Track generation: 1332..1669 -> 337-tiles track
Track generation: 1132..1419 -> 287-tiles track
[TorchPPO] 1.3% | 133,120/10,000,000 | 117 steps/s | avg 115 steps/s | 0.01 iters/s | ETA 23.4h | pg=0.0167 | vf=79.3352 | ent=-3.3971 | kl=0.035425 | clip=0.254 | grad=71.202 | lr=0.000247 | 50 MB alloc | last_eval=0.0s
Track generation: 1105..1394 -> 289-tiles track
Track generation: 1102..1389 -> 287-tiles track
Track generation: 1145..1438 -> 293-tiles track
retry to generate track (normal if there are not many of this messages)
Track generation: 1155..1448 -> 293-tiles track
Track generation: 1111..1393 -> 282-tiles track
Track generation: 1208..1514 -> 306-tiles track
Track generation: 1241..1556 -> 315-tiles track
Track generation: 965..1219 -> 254-tiles track
Track generation: 1071..1343 -> 272-tiles track
Track generation: 1107..1388 -> 281-tiles track
Track generation: 1055..1327 -> 272-tiles track
Track generation: 1331..1668 -> 337-tiles track
Track generation: 1075..1353 -> 278-tiles track
Track generation: 1150..1442 -> 292-tiles track
Track generation: 1209..1515 -> 306-tiles track
Track generation: 1092..1369 -> 277-tiles track
Track generation: 1157..1450 -> 293-tiles track
Track generation: 1037..1304 -> 267-tiles track
retry to generate track (normal if there are not many of this messages)
Track generation: 1102..1386 -> 284-tiles track
Track generation: 1174..1477 -> 303-tiles track
Track generation: 1104..1384 -> 280-tiles track
Track generation: 1091..1368 -> 277-tiles track
Track generation: 1094..1373 -> 279-tiles track
retry to generate track (normal if there are not many of this messages)
Track generation: 1152..1450 -> 298-tiles track
Track generation: 1234..1547 -> 313-tiles track
Track generation: 1248..1564 -> 316-tiles track
Track generation: 1183..1483 -> 300-tiles track
Track generation: 1179..1478 -> 299-tiles track
Track generation: 1151..1443 -> 292-tiles track
Track generation: 1178..1476 -> 298-tiles track
[TorchPPO] 1.5% | 245,760/16,000,000 | 119 steps/s | avg 112 steps/s | 0.01 iters/s | ETA 36.7h | pg=0.0253 | vf=84.4152 | ent=-3.4151 | kl=0.034288 | clip=0.290 | grad=52.754 | lr=0.000246 | 50 MB alloc | last_eval=21.6s
Track generation: 956..1203 -> 247-tiles track
retry to generate track (normal if there are not many of this messages)
Track generation: 1292..1619 -> 327-tiles track
Track generation: 1056..1327 -> 271-tiles track
retry to generate track (normal if there are not many of this messages)
Track generation: 1114..1400 -> 286-tiles track
Track generation: 1157..1453 -> 296-tiles track
retry to generate track (normal if there are not many of this messages)
Track generation: 1014..1279 -> 265-tiles track
Track generation: 1003..1258 -> 255-tiles track
Track generation: 1053..1321 -> 268-tiles track
Track generation: 1219..1528 -> 309-tiles track
Track generation: 952..1200 -> 248-tiles track
Track generation: 1209..1516 -> 307-tiles track
Track generation: 1391..1743 -> 352-tiles track
Track generation: 1072..1344 -> 272-tiles track
Track generation: 1076..1349 -> 273-tiles track
Track generation: 1026..1294 -> 268-tiles track
Track generation: 1271..1593 -> 322-tiles track
Track generation: 1099..1379 -> 280-tiles track
Track generation: 1056..1328 -> 272-tiles track
retry to generate track (normal if there are not many of this messages)
Track generation: 1041..1310 -> 269-tiles track
Track generation: 1048..1314 -> 266-tiles track
Track generation: 1105..1386 -> 281-tiles track
Track generation: 1083..1358 -> 275-tiles track
[TorchPPO] 1.4% | 143,360/10,000,000 | 124 steps/s | avg 115 steps/s | 0.01 iters/s | ETA 22.1h | pg=0.0146 | vf=36.6042 | ent=-3.3990 | kl=0.027224 | clip=0.264 | grad=21.376 | lr=0.000247 | 51 MB alloc | last_eval=0.0s
Track generation: 1023..1285 -> 262-tiles track
retry to generate track (normal if there are not many of this messages)
Track generation: 1195..1504 -> 309-tiles track
Track generation: 1133..1426 -> 293-tiles track
Track generation: 1291..1618 -> 327-tiles track
Track generation: 1180..1479 -> 299-tiles track
Track generation: 1163..1458 -> 295-tiles track
Track generation: 1063..1333 -> 270-tiles track
Track generation: 1008..1271 -> 263-tiles track
Track generation: 1219..1528 -> 309-tiles track
Track generation: 1119..1403 -> 284-tiles track
Track generation: 1227..1538 -> 311-tiles track
Track generation: 1159..1457 -> 298-tiles track
Track generation: 1164..1459 -> 295-tiles track
Track generation: 1239..1553 -> 314-tiles track
Track generation: 1134..1422 -> 288-tiles track
Track generation: 1419..1778 -> 359-tiles track
Track generation: 1056..1324 -> 268-tiles track
Track generation: 1100..1387 -> 287-tiles track
Track generation: 1029..1294 -> 265-tiles track
retry to generate track (normal if there are not many of this messages)
Track generation: 1353..1695 -> 342-tiles track
Track generation: 1157..1450 -> 293-tiles track
Track generation: 1145..1437 -> 292-tiles track
retry to generate track (normal if there are not many of this messages)
Track generation: 1215..1523 -> 308-tiles track
Track generation: 1276..1599 -> 323-tiles track
Track generation: 1124..1409 -> 285-tiles track
Track generation: 1204..1509 -> 305-tiles track
Track generation: 1215..1523 -> 308-tiles track
Track generation: 1097..1378 -> 281-tiles track
retry to generate track (normal if there are not many of this messages)
Track generation: 1107..1388 -> 281-tiles track
Track generation: 1200..1505 -> 305-tiles track
Track generation: 1130..1426 -> 296-tiles track
Track generation: 1039..1309 -> 270-tiles track
[TorchPPO] 1.6% | 256,000/16,000,000 | 118 steps/s | avg 112 steps/s | 0.01 iters/s | ETA 36.9h | pg=0.0219 | vf=43.9991 | ent=-3.4166 | kl=0.032695 | clip=0.327 | grad=26.726 | lr=0.000246 | 50 MB alloc | last_eval=21.6s
Track generation: 1143..1433 -> 290-tiles track
Track generation: 1260..1579 -> 319-tiles track
Track generation: 1219..1528 -> 309-tiles track
Track generation: 1095..1373 -> 278-tiles track
Track generation: 1055..1323 -> 268-tiles track
Track generation: 1147..1438 -> 291-tiles track
Track generation: 1076..1349 -> 273-tiles track
Track generation: 1169..1465 -> 296-tiles track
Track generation: 1272..1594 -> 322-tiles track
Track generation: 1082..1357 -> 275-tiles track
Track generation: 1144..1434 -> 290-tiles track
Track generation: 1173..1470 -> 297-tiles track
Track generation: 1163..1458 -> 295-tiles track
Track generation: 992..1244 -> 252-tiles track
Track generation: 1133..1424 -> 291-tiles track
retry to generate track (normal if there are not many of this messages)
Track generation: 1118..1410 -> 292-tiles track
Track generation: 1280..1609 -> 329-tiles track
Track generation: 1079..1353 -> 274-tiles track
Track generation: 1196..1499 -> 303-tiles track
Track generation: 980..1229 -> 249-tiles track
Track generation: 1116..1399 -> 283-tiles track
Track generation: 1224..1534 -> 310-tiles track
Track generation: 1379..1728 -> 349-tiles track
Track generation: 1330..1667 -> 337-tiles track
Track generation: 1262..1582 -> 320-tiles track
Track generation: 1160..1454 -> 294-tiles track
Track generation: 1123..1408 -> 285-tiles track
Track generation: 1164..1459 -> 295-tiles track
Track generation: 1131..1426 -> 295-tiles track
Track generation: 1081..1359 -> 278-tiles track
[TorchPPO] 1.5% | 153,600/10,000,000 | 120 steps/s | avg 116 steps/s | 0.01 iters/s | ETA 22.8h | pg=0.0029 | vf=56.1334 | ent=-3.4009 | kl=0.010239 | clip=0.133 | grad=18.894 | lr=0.000246 | 50 MB alloc | last_eval=0.0s
Track generation: 1156..1449 -> 293-tiles track
Track generation: 1111..1403 -> 292-tiles track
Track generation: 1063..1333 -> 270-tiles track
Track generation: 1060..1329 -> 269-tiles track
Track generation: 1012..1268 -> 256-tiles track
Track generation: 1152..1444 -> 292-tiles track
Track generation: 992..1244 -> 252-tiles track
Track generation: 1167..1473 -> 306-tiles track
Track generation: 1104..1384 -> 280-tiles track
Track generation: 1143..1433 -> 290-tiles track
Track generation: 1125..1414 -> 289-tiles track
Track generation: 1051..1318 -> 267-tiles track
Track generation: 1173..1476 -> 303-tiles track
Track generation: 1150..1442 -> 292-tiles track
Track generation: 1168..1464 -> 296-tiles track
Track generation: 1119..1410 -> 291-tiles track
Track generation: 1152..1444 -> 292-tiles track
Track generation: 1169..1465 -> 296-tiles track
Track generation: 1059..1330 -> 271-tiles track
retry to generate track (normal if there are not many of this messages)
Track generation: 1148..1439 -> 291-tiles track
Track generation: 1160..1454 -> 294-tiles track
Track generation: 1330..1667 -> 337-tiles track
Track generation: 1289..1625 -> 336-tiles track
Track generation: 1096..1373 -> 277-tiles track
Track generation: 1050..1316 -> 266-tiles track
[TorchPPO] 1.7% | 266,240/16,000,000 | 120 steps/s | avg 113 steps/s | 0.01 iters/s | ETA 36.4h | pg=0.0226 | vf=36.9436 | ent=-3.4186 | kl=0.038429 | clip=0.376 | grad=17.765 | lr=0.000246 | 51 MB alloc | last_eval=21.6s
Track generation: 1242..1557 -> 315-tiles track
Track generation: 1071..1349 -> 278-tiles track
Track generation: 1096..1374 -> 278-tiles track
Track generation: 1144..1434 -> 290-tiles track
Track generation: 999..1253 -> 254-tiles track
Track generation: 1178..1477 -> 299-tiles track
Track generation: 1263..1583 -> 320-tiles track
Track generation: 1108..1389 -> 281-tiles track
Track generation: 1033..1299 -> 266-tiles track
retry to generate track (normal if there are not many of this messages)
Track generation: 1236..1549 -> 313-tiles track
Track generation: 1206..1513 -> 307-tiles track
retry to generate track (normal if there are not many of this messages)
Track generation: 1220..1529 -> 309-tiles track
Track generation: 1129..1424 -> 295-tiles track
Track generation: 1143..1433 -> 290-tiles track
Track generation: 1219..1538 -> 319-tiles track
retry to generate track (normal if there are not many of this messages)
Track generation: 1199..1503 -> 304-tiles track
Track generation: 1212..1519 -> 307-tiles track
Track generation: 1360..1704 -> 344-tiles track
Track generation: 1220..1530 -> 310-tiles track
Track generation: 1123..1408 -> 285-tiles track
Track generation: 1167..1463 -> 296-tiles track
Track generation: 1004..1259 -> 255-tiles track
Track generation: 1063..1333 -> 270-tiles track
Track generation: 1211..1518 -> 307-tiles track
Track generation: 1095..1372 -> 277-tiles track
Track generation: 1108..1389 -> 281-tiles track
Track generation: 1087..1361 -> 274-tiles track
Track generation: 1163..1468 -> 305-tiles track
Track generation: 1148..1439 -> 291-tiles track
Track generation: 1154..1447 -> 293-tiles track
Track generation: 1052..1323 -> 271-tiles track
retry to generate track (normal if there are not many of this messages)
Track generation: 1264..1584 -> 320-tiles track
[TorchPPO] 1.6% | 163,840/10,000,000 | 119 steps/s | avg 116 steps/s | 0.01 iters/s | ETA 22.9h | pg=0.0027 | vf=46.0266 | ent=-3.4028 | kl=0.006054 | clip=0.075 | grad=74.317 | lr=0.000246 | 50 MB alloc | last_eval=0.0s
Track generation: 1271..1593 -> 322-tiles track
Track generation: 1019..1280 -> 261-tiles track
retry to generate track (normal if there are not many of this messages)
Track generation: 989..1248 -> 259-tiles track
Track generation: 1084..1359 -> 275-tiles track
Track generation: 952..1195 -> 243-tiles track
retry to generate track (normal if there are not many of this messages)
Track generation: 1112..1401 -> 289-tiles track
Track generation: 1151..1443 -> 292-tiles track
Track generation: 1189..1490 -> 301-tiles track
Track generation: 1140..1429 -> 289-tiles track
Track generation: 1180..1479 -> 299-tiles track
Track generation: 1005..1260 -> 255-tiles track
Track generation: 1011..1269 -> 258-tiles track
retry to generate track (normal if there are not many of this messages)
Track generation: 995..1247 -> 252-tiles track
Track generation: 1356..1699 -> 343-tiles track
Track generation: 1073..1353 -> 280-tiles track
Track generation: 1108..1393 -> 285-tiles track
retry to generate track (normal if there are not many of this messages)
Track generation: 1026..1287 -> 261-tiles track
Track generation: 1071..1343 -> 272-tiles track
Track generation: 1194..1497 -> 303-tiles track
Track generation: 1134..1422 -> 288-tiles track
Track generation: 1125..1410 -> 285-tiles track
Track generation: 1145..1440 -> 295-tiles track
Track generation: 1044..1309 -> 265-tiles track
Track generation: 1130..1417 -> 287-tiles track
Track generation: 1064..1344 -> 280-tiles track
Track generation: 1235..1549 -> 314-tiles track
[TorchPPO] 1.7% | 276,480/16,000,000 | 121 steps/s | avg 113 steps/s | 0.01 iters/s | ETA 36.0h | pg=0.0054 | vf=44.4821 | ent=-3.4209 | kl=0.012078 | clip=0.165 | grad=22.988 | lr=0.000246 | 50 MB alloc | last_eval=21.6s
Track generation: 1264..1584 -> 320-tiles track
Track generation: 1126..1421 -> 295-tiles track
Track generation: 1320..1654 -> 334-tiles track
Track generation: 1315..1648 -> 333-tiles track
Track generation: 868..1097 -> 229-tiles track
Track generation: 1400..1754 -> 354-tiles track
Track generation: 1217..1525 -> 308-tiles track
Track generation: 1203..1508 -> 305-tiles track
Track generation: 1317..1651 -> 334-tiles track
Track generation: 1397..1750 -> 353-tiles track
Track generation: 956..1199 -> 243-tiles track
Track generation: 1236..1557 -> 321-tiles track
Track generation: 1148..1438 -> 290-tiles track
Track generation: 1136..1424 -> 288-tiles track
Track generation: 1418..1776 -> 358-tiles track
Track generation: 1211..1518 -> 307-tiles track
Track generation: 1088..1370 -> 282-tiles track
Track generation: 1141..1433 -> 292-tiles track
retry to generate track (normal if there are not many of this messages)
Track generation: 1124..1409 -> 285-tiles track
Track generation: 1079..1363 -> 284-tiles track
Track generation: 1149..1440 -> 291-tiles track
Track generation: 1192..1494 -> 302-tiles track
Track generation: 1199..1512 -> 313-tiles track
Track generation: 1044..1309 -> 265-tiles track
[TorchPPO] 1.7% | 174,080/10,000,000 | 120 steps/s | avg 116 steps/s | 0.01 iters/s | ETA 22.8h | pg=0.0020 | vf=36.7253 | ent=-3.4046 | kl=0.007236 | clip=0.096 | grad=18.757 | lr=0.000246 | 51 MB alloc | last_eval=0.0s
Track generation: 1200..1504 -> 304-tiles track
Track generation: 1255..1573 -> 318-tiles track
Track generation: 1117..1401 -> 284-tiles track
Track generation: 1061..1332 -> 271-tiles track
retry to generate track (normal if there are not many of this messages)
Track generation: 1205..1511 -> 306-tiles track
Track generation: 1153..1445 -> 292-tiles track
Track generation: 1189..1490 -> 301-tiles track
Track generation: 1085..1359 -> 274-tiles track
Track generation: 1241..1556 -> 315-tiles track
Track generation: 1045..1319 -> 274-tiles track
Track generation: 1093..1372 -> 279-tiles track
retry to generate track (normal if there are not many of this messages)
Track generation: 1061..1341 -> 280-tiles track
Track generation: 1254..1570 -> 316-tiles track
Track generation: 1136..1424 -> 288-tiles track
Track generation: 1151..1443 -> 292-tiles track
Track generation: 1127..1413 -> 286-tiles track
Track generation: 1230..1541 -> 311-tiles track
Track generation: 1259..1578 -> 319-tiles track
Track generation: 1149..1441 -> 292-tiles track
Track generation: 984..1238 -> 254-tiles track
Track generation: 1301..1630 -> 329-tiles track
Track generation: 1084..1359 -> 275-tiles track
Track generation: 960..1204 -> 244-tiles track
[TorchPPO] 1.8% | 286,720/16,000,000 | 120 steps/s | avg 113 steps/s | 0.01 iters/s | ETA 36.3h | pg=0.0038 | vf=47.9375 | ent=-3.4237 | kl=0.008399 | clip=0.108 | grad=30.182 | lr=0.000246 | 50 MB alloc | last_eval=21.6s
Track generation: 1099..1378 -> 279-tiles track
Track generation: 1078..1359 -> 281-tiles track
Track generation: 1212..1519 -> 307-tiles track
Track generation: 1223..1533 -> 310-tiles track
Track generation: 1096..1379 -> 283-tiles track
Track generation: 1120..1404 -> 284-tiles track
Track generation: 1142..1439 -> 297-tiles track
Track generation: 1096..1374 -> 278-tiles track
Track generation: 1243..1566 -> 323-tiles track
Track generation: 1076..1349 -> 273-tiles track
Track generation: 897..1131 -> 234-tiles track
Track generation: 1120..1404 -> 284-tiles track
Track generation: 1134..1433 -> 299-tiles track
retry to generate track (normal if there are not many of this messages)
Track generation: 1182..1484 -> 302-tiles track
retry to generate track (normal if there are not many of this messages)
Track generation: 999..1256 -> 257-tiles track
retry to generate track (normal if there are not many of this messages)
Track generation: 1161..1455 -> 294-tiles track
Track generation: 1120..1404 -> 284-tiles track
Track generation: 1232..1544 -> 312-tiles track
Track generation: 1121..1405 -> 284-tiles track
Track generation: 1299..1628 -> 329-tiles track
Track generation: 1183..1483 -> 300-tiles track
Track generation: 1073..1345 -> 272-tiles track
Track generation: 1127..1415 -> 288-tiles track
retry to generate track (normal if there are not many of this messages)
Track generation: 1103..1383 -> 280-tiles track
Track generation: 1144..1434 -> 290-tiles track
Track generation: 1224..1534 -> 310-tiles track
Track generation: 1216..1524 -> 308-tiles track
Track generation: 1184..1484 -> 300-tiles track
Track generation: 1105..1394 -> 289-tiles track
Track generation: 1072..1344 -> 272-tiles track
Track generation: 1009..1265 -> 256-tiles track
Track generation: 1164..1459 -> 295-tiles track
[TorchPPO] 1.8% | 184,320/10,000,000 | 121 steps/s | avg 116 steps/s | 0.01 iters/s | ETA 22.5h | pg=0.0105 | vf=47.1509 | ent=-3.4075 | kl=0.019932 | clip=0.197 | grad=36.905 | lr=0.000246 | 50 MB alloc | last_eval=0.0s
Track generation: 1164..1459 -> 295-tiles track
Track generation: 963..1210 -> 247-tiles track
retry to generate track (normal if there are not many of this messages)
Track generation: 1160..1454 -> 294-tiles track
Track generation: 1084..1359 -> 275-tiles track
Track generation: 1231..1543 -> 312-tiles track
Track generation: 1141..1435 -> 294-tiles track
Track generation: 1275..1599 -> 324-tiles track
Track generation: 1358..1708 -> 350-tiles track
Track generation: 1080..1354 -> 274-tiles track
Track generation: 1136..1424 -> 288-tiles track
Track generation: 1250..1571 -> 321-tiles track
[TorchPPO] 1.9% | 296,960/16,000,000 | 120 steps/s | avg 113 steps/s | 0.01 iters/s | ETA 36.5h | pg=0.0034 | vf=56.2936 | ent=-3.4268 | kl=0.008555 | clip=0.116 | grad=24.665 | lr=0.000246 | 51 MB alloc | last_eval=21.6s
Track generation: 1184..1485 -> 301-tiles track
Track generation: 1108..1389 -> 281-tiles track
Track generation: 1149..1449 -> 300-tiles track
Track generation: 1283..1609 -> 326-tiles track
Track generation: 1116..1399 -> 283-tiles track
Track generation: 1291..1618 -> 327-tiles track
Track generation: 1078..1358 -> 280-tiles track
Track generation: 1138..1436 -> 298-tiles track
Track generation: 1257..1575 -> 318-tiles track
Track generation: 1190..1492 -> 302-tiles track
Track generation: 1141..1430 -> 289-tiles track
Track generation: 1164..1459 -> 295-tiles track
Track generation: 989..1244 -> 255-tiles track
retry to generate track (normal if there are not many of this messages)
Track generation: 1352..1694 -> 342-tiles track
Track generation: 995..1248 -> 253-tiles track
Track generation: 1305..1635 -> 330-tiles track
Track generation: 1090..1364 -> 274-tiles track
Track generation: 1135..1423 -> 288-tiles track
Track generation: 1187..1488 -> 301-tiles track
Track generation: 995..1248 -> 253-tiles track
Track generation: 981..1233 -> 252-tiles track
retry to generate track (normal if there are not many of this messages)
Track generation: 1087..1363 -> 276-tiles track
Track generation: 1076..1355 -> 279-tiles track
Track generation: 1238..1552 -> 314-tiles track
Track generation: 1071..1343 -> 272-tiles track
Track generation: 1070..1347 -> 277-tiles track
[TorchPPO] 1.9% | 194,560/10,000,000 | 121 steps/s | avg 117 steps/s | 0.01 iters/s | ETA 22.6h | pg=0.0048 | vf=31.1094 | ent=-3.4105 | kl=0.014954 | clip=0.140 | grad=42.729 | lr=0.000245 | 50 MB alloc | last_eval=0.0s
Track generation: 1023..1283 -> 260-tiles track
Track generation: 1076..1349 -> 273-tiles track
Track generation: 1114..1397 -> 283-tiles track
Track generation: 1107..1388 -> 281-tiles track
Track generation: 1029..1290 -> 261-tiles track
Track generation: 1038..1301 -> 263-tiles track
Track generation: 1183..1482 -> 299-tiles track
Track generation: 1146..1437 -> 291-tiles track
Track generation: 1010..1267 -> 257-tiles track
Track generation: 1166..1462 -> 296-tiles track
Track generation: 1230..1542 -> 312-tiles track
Track generation: 1107..1388 -> 281-tiles track
Track generation: 1157..1450 -> 293-tiles track
Track generation: 971..1217 -> 246-tiles track
Track generation: 1187..1488 -> 301-tiles track
Track generation: 1143..1433 -> 290-tiles track
Track generation: 1242..1557 -> 315-tiles track
Track generation: 1184..1484 -> 300-tiles track
Track generation: 1175..1473 -> 298-tiles track
Track generation: 1117..1400 -> 283-tiles track
Track generation: 1070..1342 -> 272-tiles track
Track generation: 1048..1322 -> 274-tiles track
[TorchPPO] 1.9% | 307,200/16,000,000 | 123 steps/s | avg 114 steps/s | 0.01 iters/s | ETA 35.5h | pg=0.0091 | vf=145.3743 | ent=-3.4297 | kl=0.013822 | clip=0.176 | grad=263.030 | lr=0.000245 | 50 MB alloc | last_eval=21.6s
Track generation: 1180..1479 -> 299-tiles track
Track generation: 1140..1429 -> 289-tiles track
Track generation: 1064..1339 -> 275-tiles track
Track generation: 1140..1436 -> 296-tiles track
Track generation: 1130..1423 -> 293-tiles track
Track generation: 1064..1336 -> 272-tiles track
retry to generate track (normal if there are not many of this messages)
Track generation: 1263..1583 -> 320-tiles track
Track generation: 1118..1408 -> 290-tiles track
Track generation: 1196..1500 -> 304-tiles track
Track generation: 1104..1384 -> 280-tiles track
Track generation: 1128..1414 -> 286-tiles track
Track generation: 1165..1461 -> 296-tiles track
Track generation: 1138..1427 -> 289-tiles track
Track generation: 1135..1423 -> 288-tiles track
Track generation: 1161..1463 -> 302-tiles track
Track generation: 1176..1474 -> 298-tiles track
Track generation: 1219..1528 -> 309-tiles track
Track generation: 1179..1478 -> 299-tiles track
Track generation: 1077..1354 -> 277-tiles track
retry to generate track (normal if there are not many of this messages)
Track generation: 1156..1448 -> 292-tiles track
Track generation: 946..1192 -> 246-tiles track
Track generation: 1173..1470 -> 297-tiles track
Track generation: 1070..1348 -> 278-tiles track
Track generation: 1191..1493 -> 302-tiles track
[TorchPPO] 2.0% | 204,800/10,000,000 | 121 steps/s | avg 117 steps/s | 0.01 iters/s | ETA 22.5h | pg=0.0048 | vf=39.4446 | ent=-3.4131 | kl=0.008732 | clip=0.109 | grad=25.976 | lr=0.000245 | 51 MB alloc | last_eval=0.0s
[TorchPPO] Checkpoint saved: /workspace/Racing_Gym_RL/artifacts/prime_marl_10car_16m/models/torch_ppo_step_204800.pt
Track generation: 1296..1624 -> 328-tiles track
Track generation: 1175..1473 -> 298-tiles track
Track generation: 1140..1435 -> 295-tiles track
retry to generate track (normal if there are not many of this messages)
Track generation: 1171..1468 -> 297-tiles track
Track generation: 1331..1668 -> 337-tiles track
Track generation: 1024..1290 -> 266-tiles track
Track generation: 1093..1380 -> 287-tiles track
Track generation: 1076..1349 -> 273-tiles track
Track generation: 1137..1433 -> 296-tiles track
Track generation: 1052..1319 -> 267-tiles track
Track generation: 1107..1388 -> 281-tiles track
Track generation: 1167..1463 -> 296-tiles track
Track generation: 1266..1596 -> 330-tiles track
Track generation: 1188..1489 -> 301-tiles track
Track generation: 1190..1492 -> 302-tiles track
Track generation: 1171..1469 -> 298-tiles track
Track generation: 1274..1598 -> 324-tiles track
Track generation: 1203..1517 -> 314-tiles track
Track generation: 1216..1524 -> 308-tiles track
Track generation: 1136..1424 -> 288-tiles track
Track generation: 1363..1708 -> 345-tiles track
Track generation: 1061..1330 -> 269-tiles track
Track generation: 1121..1405 -> 284-tiles track
Track generation: 1278..1611 -> 333-tiles track
[TorchPPO] 2.0% | 317,440/16,000,000 | 119 steps/s | avg 114 steps/s | 0.01 iters/s | ETA 36.7h | pg=0.0160 | vf=71.8964 | ent=-3.4314 | kl=0.024075 | clip=0.260 | grad=26.014 | lr=0.000245 | 50 MB alloc | last_eval=21.6s
[TorchPPO Eval] step=204,800 | mean_reward=-1.34 +/- 0.00 | progress=1.85% | offtrack_rate=100.00% | contact_rate=0.00% | hook_rate=0.00% | contact_term_rate=0.00% | steer_var=0.11630 | mean_speed=17.38 | throttle=0.97 | brake=0.00 | stage=1 | eval_time=26.1s (first eval)
[TorchPPO] Best model saved (step 204,800, reward -1.34):
  -> /workspace/Racing_Gym_RL/artifacts/prime_marl_10car_16m/models/best_model_torch.pt
  -> (copy) /workspace/Racing_Gym_RL/artifacts/prime_marl_10car_16m/models/best_model_torch_step_204800.pt
Track generation: 1097..1423 -> 326-tiles track
retry to generate track (normal if there are not many of this messages)
Track generation: 1115..1398 -> 283-tiles track
Track generation: 1068..1339 -> 271-tiles track
Track generation: 1123..1414 -> 291-tiles track
Track generation: 1095..1380 -> 285-tiles track
Track generation: 1240..1554 -> 314-tiles track
Track generation: 1068..1339 -> 271-tiles track
Track generation: 1058..1334 -> 276-tiles track
Track generation: 1073..1345 -> 272-tiles track
Track generation: 1100..1378 -> 278-tiles track
Track generation: 1240..1554 -> 314-tiles track
Track generation: 1049..1317 -> 268-tiles track
Track generation: 1280..1604 -> 324-tiles track
Track generation: 1292..1619 -> 327-tiles track
Track generation: 986..1243 -> 257-tiles track
Track generation: 1193..1495 -> 302-tiles track
[TorchPPO] 2.0% | 327,680/16,000,000 | 122 steps/s | avg 114 steps/s | 0.01 iters/s | ETA 35.8h | pg=0.0036 | vf=64.5157 | ent=-3.4327 | kl=0.006419 | clip=0.079 | grad=34.012 | lr=0.000245 | 51 MB alloc | last_eval=21.6s
Track generation: 1133..1420 -> 287-tiles track
Track generation: 1031..1293 -> 262-tiles track
Track generation: 1224..1534 -> 310-tiles track
Track generation: 1071..1343 -> 272-tiles track
Track generation: 1058..1323 -> 265-tiles track
Track generation: 992..1251 -> 259-tiles track
Track generation: 1003..1262 -> 259-tiles track
Track generation: 1144..1434 -> 290-tiles track
Track generation: 1357..1700 -> 343-tiles track
Track generation: 999..1261 -> 262-tiles track
Track generation: 1105..1385 -> 280-tiles track
Track generation: 1110..1391 -> 281-tiles track
Track generation: 1105..1394 -> 289-tiles track
Track generation: 1102..1389 -> 287-tiles track
Track generation: 1145..1438 -> 293-tiles track
retry to generate track (normal if there are not many of this messages)
Track generation: 1155..1448 -> 293-tiles track
Track generation: 1111..1393 -> 282-tiles track
Track generation: 1208..1514 -> 306-tiles track
Track generation: 1241..1556 -> 315-tiles track
Track generation: 965..1219 -> 254-tiles track
Track generation: 1071..1343 -> 272-tiles track
Track generation: 1107..1388 -> 281-tiles track
Track generation: 1055..1327 -> 272-tiles track
Track generation: 1331..1668 -> 337-tiles track
[TorchPPO] 2.2% | 215,040/10,000,000 | 92 steps/s | avg 115 steps/s | 0.01 iters/s | ETA 29.6h | pg=0.0025 | vf=48.7346 | ent=-3.4153 | kl=0.005797 | clip=0.075 | grad=26.247 | lr=0.000245 | 50 MB alloc | last_eval=26.1s
Track generation: 1187..1488 -> 301-tiles track
Track generation: 1012..1269 -> 257-tiles track
Track generation: 1015..1275 -> 260-tiles track
retry to generate track (normal if there are not many of this messages)
Track generation: 1121..1389 -> 268-tiles track
retry to generate track (normal if there are not many of this messages)
Track generation: 985..1243 -> 258-tiles track
Track generation: 1188..1495 -> 307-tiles track
Track generation: 1159..1453 -> 294-tiles track
Track generation: 1288..1613 -> 325-tiles track
Track generation: 1128..1414 -> 286-tiles track
Track generation: 1240..1554 -> 314-tiles track
Track generation: 1101..1381 -> 280-tiles track
Track generation: 1091..1368 -> 277-tiles track
Track generation: 1268..1589 -> 321-tiles track
Track generation: 1004..1263 -> 259-tiles track
retry to generate track (normal if there are not many of this messages)
Track generation: 1243..1558 -> 315-tiles track
Track generation: 1199..1503 -> 304-tiles track
Track generation: 1279..1603 -> 324-tiles track
Track generation: 1244..1559 -> 315-tiles track
Track generation: 1164..1459 -> 295-tiles track
Track generation: 1176..1474 -> 298-tiles track
Track generation: 1178..1476 -> 298-tiles track
Track generation: 1075..1348 -> 273-tiles track
Track generation: 1196..1499 -> 303-tiles track
[TorchPPO] 2.1% | 337,920/16,000,000 | 121 steps/s | avg 114 steps/s | 0.01 iters/s | ETA 36.0h | pg=0.0085 | vf=70.6333 | ent=-3.4341 | kl=0.015004 | clip=0.189 | grad=43.590 | lr=0.000245 | 50 MB alloc | last_eval=21.6s
Track generation: 1075..1353 -> 278-tiles track
Track generation: 1150..1442 -> 292-tiles track
Track generation: 1209..1515 -> 306-tiles track
Track generation: 1092..1369 -> 277-tiles track
Track generation: 1157..1450 -> 293-tiles track
Track generation: 1037..1304 -> 267-tiles track
retry to generate track (normal if there are not many of this messages)
Track generation: 1102..1386 -> 284-tiles track
Track generation: 1174..1477 -> 303-tiles track
Track generation: 1104..1384 -> 280-tiles track
Track generation: 1091..1368 -> 277-tiles track
Track generation: 1094..1373 -> 279-tiles track
retry to generate track (normal if there are not many of this messages)
Track generation: 1152..1450 -> 298-tiles track
Track generation: 1234..1547 -> 313-tiles track
Track generation: 1248..1564 -> 316-tiles track
Track generation: 1183..1483 -> 300-tiles track
Track generation: 1179..1478 -> 299-tiles track
Track generation: 1151..1443 -> 292-tiles track
Track generation: 1178..1476 -> 298-tiles track
Track generation: 1023..1285 -> 262-tiles track
retry to generate track (normal if there are not many of this messages)
Track generation: 1195..1504 -> 309-tiles track
Track generation: 1133..1426 -> 293-tiles track
Track generation: 1291..1618 -> 327-tiles track
Track generation: 1180..1479 -> 299-tiles track
[TorchPPO] 2.3% | 225,280/10,000,000 | 120 steps/s | avg 116 steps/s | 0.01 iters/s | ETA 22.7h | pg=0.0047 | vf=61.8314 | ent=-3.4174 | kl=0.009549 | clip=0.115 | grad=30.328 | lr=0.000245 | 50 MB alloc | last_eval=26.1s
Track generation: 1248..1564 -> 316-tiles track
Track generation: 1068..1339 -> 271-tiles track
Track generation: 1204..1509 -> 305-tiles track
Track generation: 1058..1327 -> 269-tiles track
Track generation: 1103..1389 -> 286-tiles track
Track generation: 1175..1473 -> 298-tiles track
Track generation: 1161..1455 -> 294-tiles track
Track generation: 1139..1433 -> 294-tiles track
Track generation: 1313..1645 -> 332-tiles track
Track generation: 1235..1549 -> 314-tiles track
Track generation: 1050..1322 -> 272-tiles track
Track generation: 1103..1383 -> 280-tiles track
[TorchPPO] 2.2% | 348,160/16,000,000 | 120 steps/s | avg 114 steps/s | 0.01 iters/s | ETA 36.1h | pg=0.0052 | vf=76.1142 | ent=-3.4357 | kl=0.010842 | clip=0.142 | grad=74.689 | lr=0.000245 | 50 MB alloc | last_eval=21.6s
Track generation: 1163..1458 -> 295-tiles track
Track generation: 1063..1333 -> 270-tiles track
Track generation: 1008..1271 -> 263-tiles track
Track generation: 1219..1528 -> 309-tiles track
Track generation: 1119..1403 -> 284-tiles track
Track generation: 1227..1538 -> 311-tiles track
Track generation: 1159..1457 -> 298-tiles track
Track generation: 1164..1459 -> 295-tiles track
Track generation: 1239..1553 -> 314-tiles track
Track generation: 1134..1422 -> 288-tiles track
Track generation: 1419..1778 -> 359-tiles track
Track generation: 1056..1324 -> 268-tiles track
Track generation: 1100..1387 -> 287-tiles track
Track generation: 1029..1294 -> 265-tiles track
retry to generate track (normal if there are not many of this messages)
Track generation: 1353..1695 -> 342-tiles track
Track generation: 1157..1450 -> 293-tiles track
Track generation: 1145..1437 -> 292-tiles track
retry to generate track (normal if there are not many of this messages)
Track generation: 1215..1523 -> 308-tiles track
Track generation: 1276..1599 -> 323-tiles track
Track generation: 1124..1409 -> 285-tiles track
Track generation: 1204..1509 -> 305-tiles track
Track generation: 1215..1523 -> 308-tiles track
[TorchPPO] 2.4% | 235,520/10,000,000 | 120 steps/s | avg 116 steps/s | 0.01 iters/s | ETA 22.6h | pg=0.0010 | vf=44.4382 | ent=-3.4195 | kl=0.009414 | clip=0.124 | grad=16.277 | lr=0.000244 | 51 MB alloc | last_eval=26.1s
Track generation: 1214..1522 -> 308-tiles track
Track generation: 1190..1498 -> 308-tiles track
Track generation: 1128..1414 -> 286-tiles track
Track generation: 1108..1389 -> 281-tiles track
Track generation: 1198..1502 -> 304-tiles track
Track generation: 1061..1339 -> 278-tiles track
Track generation: 1258..1577 -> 319-tiles track
Track generation: 1104..1384 -> 280-tiles track
Track generation: 1118..1402 -> 284-tiles track
Track generation: 1039..1314 -> 275-tiles track
Track generation: 1204..1509 -> 305-tiles track
Track generation: 1053..1325 -> 272-tiles track
Track generation: 1158..1456 -> 298-tiles track
Track generation: 1180..1479 -> 299-tiles track
Track generation: 1112..1394 -> 282-tiles track
Track generation: 1166..1462 -> 296-tiles track
Track generation: 1140..1429 -> 289-tiles track
Track generation: 1104..1384 -> 280-tiles track
Track generation: 1059..1328 -> 269-tiles track
Track generation: 1167..1463 -> 296-tiles track
Track generation: 1265..1586 -> 321-tiles track
Track generation: 1251..1568 -> 317-tiles track
Track generation: 1224..1539 -> 315-tiles track
Track generation: 1111..1393 -> 282-tiles track
[TorchPPO] 2.2% | 358,400/16,000,000 | 119 steps/s | avg 115 steps/s | 0.01 iters/s | ETA 36.4h | pg=0.0091 | vf=103.1821 | ent=-3.4374 | kl=0.018841 | clip=0.203 | grad=88.119 | lr=0.000245 | 51 MB alloc | last_eval=21.6s
Track generation: 1097..1378 -> 281-tiles track
retry to generate track (normal if there are not many of this messages)
Track generation: 1107..1388 -> 281-tiles track
Track generation: 1200..1505 -> 305-tiles track
Track generation: 1130..1426 -> 296-tiles track
Track generation: 1039..1309 -> 270-tiles track
Track generation: 1156..1449 -> 293-tiles track
Track generation: 1111..1403 -> 292-tiles track
Track generation: 1063..1333 -> 270-tiles track
Track generation: 1060..1329 -> 269-tiles track
Track generation: 1012..1268 -> 256-tiles track
Track generation: 1152..1444 -> 292-tiles track
Track generation: 992..1244 -> 252-tiles track
Track generation: 1167..1473 -> 306-tiles track
Track generation: 1104..1384 -> 280-tiles track
Track generation: 1143..1433 -> 290-tiles track
Track generation: 1125..1414 -> 289-tiles track
Track generation: 1051..1318 -> 267-tiles track
Track generation: 1173..1476 -> 303-tiles track
Track generation: 1150..1442 -> 292-tiles track
Track generation: 1168..1464 -> 296-tiles track
Track generation: 1119..1410 -> 291-tiles track
Track generation: 1152..1444 -> 292-tiles track
Track generation: 1169..1465 -> 296-tiles track
Track generation: 1059..1330 -> 271-tiles track
retry to generate track (normal if there are not many of this messages)
Track generation: 1148..1439 -> 291-tiles track
[TorchPPO] 2.5% | 245,760/10,000,000 | 122 steps/s | avg 116 steps/s | 0.01 iters/s | ETA 22.2h | pg=0.0040 | vf=86.1500 | ent=-3.4221 | kl=0.009227 | clip=0.123 | grad=68.058 | lr=0.000244 | 50 MB alloc | last_eval=26.1s
Track generation: 1135..1423 -> 288-tiles track
Track generation: 1153..1445 -> 292-tiles track
Track generation: 1240..1554 -> 314-tiles track
Track generation: 1055..1323 -> 268-tiles track
Track generation: 1073..1345 -> 272-tiles track
Track generation: 1203..1517 -> 314-tiles track
Track generation: 1163..1458 -> 295-tiles track
Track generation: 1045..1320 -> 275-tiles track
Track generation: 989..1244 -> 255-tiles track
Track generation: 1131..1418 -> 287-tiles track
Track generation: 1134..1422 -> 288-tiles track
Track generation: 985..1235 -> 250-tiles track
Track generation: 1030..1291 -> 261-tiles track
Track generation: 1224..1541 -> 317-tiles track
Track generation: 1219..1528 -> 309-tiles track
Track generation: 1230..1542 -> 312-tiles track
Track generation: 1247..1563 -> 316-tiles track
Track generation: 1072..1344 -> 272-tiles track
Track generation: 1244..1559 -> 315-tiles track
Track generation: 1142..1432 -> 290-tiles track
Track generation: 1074..1355 -> 281-tiles track
Track generation: 1192..1494 -> 302-tiles track
Track generation: 1191..1493 -> 302-tiles track
[TorchPPO] 2.3% | 368,640/16,000,000 | 120 steps/s | avg 115 steps/s | 0.01 iters/s | ETA 36.1h | pg=0.0018 | vf=49.0614 | ent=-3.4387 | kl=0.006978 | clip=0.076 | grad=21.191 | lr=0.000244 | 50 MB alloc | last_eval=21.6s
Track generation: 1160..1454 -> 294-tiles track
Track generation: 1330..1667 -> 337-tiles track
Track generation: 1289..1625 -> 336-tiles track
Track generation: 1096..1373 -> 277-tiles track
Track generation: 1050..1316 -> 266-tiles track
Track generation: 1271..1593 -> 322-tiles track
Track generation: 1019..1280 -> 261-tiles track
retry to generate track (normal if there are not many of this messages)
Track generation: 989..1248 -> 259-tiles track
Track generation: 1084..1359 -> 275-tiles track
Track generation: 952..1195 -> 243-tiles track
retry to generate track (normal if there are not many of this messages)
Track generation: 1112..1401 -> 289-tiles track
Track generation: 1151..1443 -> 292-tiles track
Track generation: 1189..1490 -> 301-tiles track
Track generation: 1140..1429 -> 289-tiles track
Track generation: 1180..1479 -> 299-tiles track
Track generation: 1005..1260 -> 255-tiles track
Track generation: 1011..1269 -> 258-tiles track
retry to generate track (normal if there are not many of this messages)
Track generation: 995..1247 -> 252-tiles track
Track generation: 1356..1699 -> 343-tiles track
Track generation: 1073..1353 -> 280-tiles track
Track generation: 1108..1393 -> 285-tiles track
retry to generate track (normal if there are not many of this messages)
Track generation: 1026..1287 -> 261-tiles track
[TorchPPO] 2.6% | 256,000/10,000,000 | 123 steps/s | avg 116 steps/s | 0.01 iters/s | ETA 22.1h | pg=0.0026 | vf=54.2939 | ent=-3.4241 | kl=0.004180 | clip=0.047 | grad=26.860 | lr=0.000244 | 50 MB alloc | last_eval=26.1s
Track generation: 1172..1486 -> 314-tiles track
Track generation: 1263..1583 -> 320-tiles track
Track generation: 1226..1536 -> 310-tiles track
Track generation: 999..1259 -> 260-tiles track
Track generation: 1256..1575 -> 319-tiles track
Track generation: 1108..1393 -> 285-tiles track
Track generation: 1263..1583 -> 320-tiles track
Track generation: 1176..1473 -> 297-tiles track
Track generation: 1293..1621 -> 328-tiles track
Track generation: 1108..1389 -> 281-tiles track
Track generation: 1176..1474 -> 298-tiles track
Track generation: 1044..1309 -> 265-tiles track
Track generation: 1142..1438 -> 296-tiles track
Track generation: 1051..1318 -> 267-tiles track
Track generation: 1004..1261 -> 257-tiles track
retry to generate track (normal if there are not many of this messages)
Track generation: 1112..1394 -> 282-tiles track
Track generation: 1252..1569 -> 317-tiles track
Track generation: 1115..1398 -> 283-tiles track
Track generation: 1216..1524 -> 308-tiles track
[TorchPPO] 2.4% | 378,880/16,000,000 | 120 steps/s | avg 115 steps/s | 0.01 iters/s | ETA 36.2h | pg=0.0039 | vf=53.0743 | ent=-3.4410 | kl=0.011089 | clip=0.155 | grad=22.553 | lr=0.000244 | 50 MB alloc | last_eval=21.6s
Track generation: 1071..1343 -> 272-tiles track
Track generation: 1194..1497 -> 303-tiles track
Track generation: 1134..1422 -> 288-tiles track
Track generation: 1125..1410 -> 285-tiles track
Track generation: 1145..1440 -> 295-tiles track
Track generation: 1044..1309 -> 265-tiles track
Track generation: 1130..1417 -> 287-tiles track
Track generation: 1064..1344 -> 280-tiles track
Track generation: 1235..1549 -> 314-tiles track
Track generation: 1200..1504 -> 304-tiles track
Track generation: 1255..1573 -> 318-tiles track
Track generation: 1117..1401 -> 284-tiles track
Track generation: 1061..1332 -> 271-tiles track
retry to generate track (normal if there are not many of this messages)
Track generation: 1205..1511 -> 306-tiles track
Track generation: 1153..1445 -> 292-tiles track
Track generation: 1189..1490 -> 301-tiles track
Track generation: 1085..1359 -> 274-tiles track
Track generation: 1241..1556 -> 315-tiles track
Track generation: 1045..1319 -> 274-tiles track
Track generation: 1093..1372 -> 279-tiles track
retry to generate track (normal if there are not many of this messages)
Track generation: 1061..1341 -> 280-tiles track
Track generation: 1254..1570 -> 316-tiles track
Track generation: 1136..1424 -> 288-tiles track
Track generation: 1151..1443 -> 292-tiles track
Track generation: 1127..1413 -> 286-tiles track
[TorchPPO] 2.7% | 266,240/10,000,000 | 121 steps/s | avg 116 steps/s | 0.01 iters/s | ETA 22.3h | pg=0.0034 | vf=91.5038 | ent=-3.4257 | kl=0.009550 | clip=0.123 | grad=43.032 | lr=0.000244 | 51 MB alloc | last_eval=26.1s
Track generation: 1173..1478 -> 305-tiles track
Track generation: 1260..1579 -> 319-tiles track
Track generation: 1225..1535 -> 310-tiles track
Track generation: 1132..1419 -> 287-tiles track
Track generation: 1062..1338 -> 276-tiles track
Track generation: 1147..1443 -> 296-tiles track
Track generation: 1076..1357 -> 281-tiles track
Track generation: 1102..1382 -> 280-tiles track
Track generation: 1331..1668 -> 337-tiles track
Track generation: 1012..1269 -> 257-tiles track
Track generation: 904..1140 -> 236-tiles track
Track generation: 1132..1419 -> 287-tiles track
Track generation: 1139..1428 -> 289-tiles track
Track generation: 1165..1465 -> 300-tiles track
[TorchPPO] 2.4% | 389,120/16,000,000 | 121 steps/s | avg 115 steps/s | 0.01 iters/s | ETA 35.7h | pg=0.0028 | vf=51.3993 | ent=-3.4437 | kl=0.008418 | clip=0.110 | grad=30.766 | lr=0.000244 | 51 MB alloc | last_eval=21.6s
Track generation: 1230..1541 -> 311-tiles track
Track generation: 1259..1578 -> 319-tiles track
Track generation: 1149..1441 -> 292-tiles track
Track generation: 984..1238 -> 254-tiles track
Track generation: 1301..1630 -> 329-tiles track
Track generation: 1084..1359 -> 275-tiles track
Track generation: 960..1204 -> 244-tiles track
Track generation: 1164..1459 -> 295-tiles track
Track generation: 963..1210 -> 247-tiles track
retry to generate track (normal if there are not many of this messages)
Track generation: 1160..1454 -> 294-tiles track
[TorchPPO] 2.8% | 276,480/10,000,000 | 124 steps/s | avg 117 steps/s | 0.01 iters/s | ETA 21.8h | pg=0.0019 | vf=47.3736 | ent=-3.4271 | kl=0.006941 | clip=0.094 | grad=24.413 | lr=0.000243 | 50 MB alloc | last_eval=26.1s
Track generation: 1189..1491 -> 302-tiles track
Track generation: 1209..1524 -> 315-tiles track
Track generation: 1117..1400 -> 283-tiles track
Track generation: 1237..1550 -> 313-tiles track
Track generation: 1042..1307 -> 265-tiles track
Track generation: 998..1258 -> 260-tiles track
Track generation: 1163..1458 -> 295-tiles track
Track generation: 1060..1329 -> 269-tiles track
Track generation: 1092..1369 -> 277-tiles track
Track generation: 1168..1464 -> 296-tiles track
Track generation: 1164..1459 -> 295-tiles track
Track generation: 1074..1347 -> 273-tiles track
Track generation: 1280..1604 -> 324-tiles track
[TorchPPO] 2.5% | 399,360/16,000,000 | 123 steps/s | avg 115 steps/s | 0.01 iters/s | ETA 35.3h | pg=0.0027 | vf=46.4256 | ent=-3.4460 | kl=0.005752 | clip=0.069 | grad=28.411 | lr=0.000244 | 50 MB alloc | last_eval=21.6s
Track generation: 1084..1359 -> 275-tiles track
Track generation: 1231..1543 -> 312-tiles track
Track generation: 1141..1435 -> 294-tiles track
Track generation: 1275..1599 -> 324-tiles track
Track generation: 1358..1708 -> 350-tiles track
Track generation: 1080..1354 -> 274-tiles track
Track generation: 1136..1424 -> 288-tiles track
Track generation: 1250..1571 -> 321-tiles track
Track generation: 1023..1283 -> 260-tiles track
Track generation: 1076..1349 -> 273-tiles track
Track generation: 1114..1397 -> 283-tiles track
Track generation: 1107..1388 -> 281-tiles track
Track generation: 1029..1290 -> 261-tiles track
Track generation: 1038..1301 -> 263-tiles track
Track generation: 1183..1482 -> 299-tiles track
Track generation: 1146..1437 -> 291-tiles track
[TorchPPO] 2.9% | 286,720/10,000,000 | 119 steps/s | avg 117 steps/s | 0.01 iters/s | ETA 22.6h | pg=0.0142 | vf=127.5873 | ent=-3.4286 | kl=0.020167 | clip=0.228 | grad=201.630 | lr=0.000243 | 50 MB alloc | last_eval=26.1s
Track generation: 1100..1379 -> 279-tiles track
Track generation: 1212..1519 -> 307-tiles track
Track generation: 1137..1429 -> 292-tiles track
retry to generate track (normal if there are not many of this messages)
Track generation: 1074..1353 -> 279-tiles track
Track generation: 1316..1651 -> 335-tiles track
Track generation: 1069..1340 -> 271-tiles track
Track generation: 1108..1389 -> 281-tiles track
Track generation: 993..1247 -> 254-tiles track
retry to generate track (normal if there are not many of this messages)
Track generation: 1252..1569 -> 317-tiles track
Track generation: 1190..1491 -> 301-tiles track
Track generation: 1417..1776 -> 359-tiles track
Track generation: 1122..1407 -> 285-tiles track
Track generation: 1038..1304 -> 266-tiles track
retry to generate track (normal if there are not many of this messages)
Track generation: 1039..1308 -> 269-tiles track
Track generation: 1231..1543 -> 312-tiles track
Track generation: 1129..1416 -> 287-tiles track
Track generation: 1003..1259 -> 256-tiles track
Track generation: 1299..1628 -> 329-tiles track
Track generation: 1240..1554 -> 314-tiles track
Track generation: 1188..1489 -> 301-tiles track
Track generation: 1124..1409 -> 285-tiles track
Track generation: 1302..1629 -> 327-tiles track
Track generation: 1011..1268 -> 257-tiles track
[TorchPPO] 2.6% | 409,600/16,000,000 | 120 steps/s | avg 115 steps/s | 0.01 iters/s | ETA 36.1h | pg=0.0040 | vf=62.2260 | ent=-3.4477 | kl=0.009384 | clip=0.126 | grad=23.690 | lr=0.000244 | 50 MB alloc | last_eval=21.6s
[TorchPPO] Checkpoint saved: /workspace/Racing_Gym_RL/artifacts/prime_marl_10car_16m/models/torch_ppo_step_409600.pt
Track generation: 1010..1267 -> 257-tiles track
Track generation: 1166..1462 -> 296-tiles track
Track generation: 1230..1542 -> 312-tiles track
Track generation: 1107..1388 -> 281-tiles track
Track generation: 1157..1450 -> 293-tiles track
Track generation: 971..1217 -> 246-tiles track
Track generation: 1187..1488 -> 301-tiles track
Track generation: 1143..1433 -> 290-tiles track
Track generation: 1242..1557 -> 315-tiles track
Track generation: 1184..1484 -> 300-tiles track
Track generation: 1175..1473 -> 298-tiles track
Track generation: 1117..1400 -> 283-tiles track
Track generation: 1070..1342 -> 272-tiles track
Track generation: 1048..1322 -> 274-tiles track
Track generation: 1296..1624 -> 328-tiles track
Track generation: 1175..1473 -> 298-tiles track
Track generation: 1140..1435 -> 295-tiles track
retry to generate track (normal if there are not many of this messages)
Track generation: 1171..1468 -> 297-tiles track
Track generation: 1331..1668 -> 337-tiles track
Track generation: 1024..1290 -> 266-tiles track
Track generation: 1093..1380 -> 287-tiles track
Track generation: 1076..1349 -> 273-tiles track
Track generation: 1137..1433 -> 296-tiles track
Track generation: 1052..1319 -> 267-tiles track
Track generation: 1107..1388 -> 281-tiles track
Track generation: 1167..1463 -> 296-tiles track
Track generation: 1266..1596 -> 330-tiles track
[TorchPPO] 3.0% | 296,960/10,000,000 | 120 steps/s | avg 117 steps/s | 0.01 iters/s | ETA 22.5h | pg=0.0167 | vf=79.2299 | ent=-3.4293 | kl=0.026996 | clip=0.281 | grad=102.801 | lr=0.000243 | 51 MB alloc | last_eval=26.1s
[TorchPPO Eval] step=409,600 | mean_reward=-12.75 +/- 0.00 | progress=2.60% | offtrack_rate=100.00% | contact_rate=0.00% | hook_rate=0.00% | contact_term_rate=0.00% | steer_var=0.37214 | mean_speed=20.80 | throttle=0.95 | brake=0.00 | stage=1 | eval_time=25.5s
Track generation: 1188..1489 -> 301-tiles track
Track generation: 1190..1492 -> 302-tiles track
Track generation: 1171..1469 -> 298-tiles track
Track generation: 1274..1598 -> 324-tiles track
Track generation: 1203..1517 -> 314-tiles track
Track generation: 1216..1524 -> 308-tiles track
Track generation: 1136..1424 -> 288-tiles track
Track generation: 1363..1708 -> 345-tiles track
Track generation: 1061..1330 -> 269-tiles track
Track generation: 1121..1405 -> 284-tiles track
Track generation: 1278..1611 -> 333-tiles track
Track generation: 1097..1423 -> 326-tiles track
retry to generate track (normal if there are not many of this messages)
Track generation: 1115..1398 -> 283-tiles track
Track generation: 1068..1339 -> 271-tiles track
Track generation: 1123..1414 -> 291-tiles track
Track generation: 1095..1380 -> 285-tiles track
Track generation: 1240..1554 -> 314-tiles track
Track generation: 1068..1339 -> 271-tiles track
Track generation: 1058..1334 -> 276-tiles track
Track generation: 1073..1345 -> 272-tiles track
Track generation: 1100..1378 -> 278-tiles track
Track generation: 1240..1554 -> 314-tiles track
Track generation: 1049..1317 -> 268-tiles track
[TorchPPO] 3.1% | 307,200/10,000,000 | 118 steps/s | avg 117 steps/s | 0.01 iters/s | ETA 22.8h | pg=0.0101 | vf=47.0270 | ent=-3.4299 | kl=0.017378 | clip=0.207 | grad=31.595 | lr=0.000243 | 50 MB alloc | last_eval=26.1s
Track generation: 1127..1413 -> 286-tiles track
Track generation: 1112..1400 -> 288-tiles track
Track generation: 1262..1581 -> 319-tiles track
Track generation: 976..1224 -> 248-tiles track
Track generation: 1135..1423 -> 288-tiles track
Track generation: 1312..1644 -> 332-tiles track
Track generation: 1271..1593 -> 322-tiles track
Track generation: 1197..1500 -> 303-tiles track
Track generation: 1120..1413 -> 293-tiles track
Track generation: 1073..1345 -> 272-tiles track
Track generation: 1112..1403 -> 291-tiles track
Track generation: 983..1236 -> 253-tiles track
retry to generate track (normal if there are not many of this messages)
Track generation: 1135..1423 -> 288-tiles track
Track generation: 1272..1595 -> 323-tiles track
Track generation: 1159..1453 -> 294-tiles track
[TorchPPO] 2.6% | 419,840/16,000,000 | 94 steps/s | avg 115 steps/s | 0.01 iters/s | ETA 46.2h | pg=0.0041 | vf=44.3303 | ent=-3.4493 | kl=0.011369 | clip=0.150 | grad=15.613 | lr=0.000244 | 51 MB alloc | last_eval=25.5s
Track generation: 1280..1604 -> 324-tiles track
Track generation: 1292..1619 -> 327-tiles track
Track generation: 986..1243 -> 257-tiles track
Track generation: 1193..1495 -> 302-tiles track
Track generation: 1187..1488 -> 301-tiles track
Track generation: 1012..1269 -> 257-tiles track
Track generation: 1015..1275 -> 260-tiles track
retry to generate track (normal if there are not many of this messages)
Track generation: 1121..1389 -> 268-tiles track
retry to generate track (normal if there are not many of this messages)
Track generation: 985..1243 -> 258-tiles track
Track generation: 1188..1495 -> 307-tiles track
Track generation: 1159..1453 -> 294-tiles track
Track generation: 1288..1613 -> 325-tiles track
Track generation: 1128..1414 -> 286-tiles track
Track generation: 1240..1554 -> 314-tiles track
Track generation: 1101..1381 -> 280-tiles track
Track generation: 1091..1368 -> 277-tiles track
Track generation: 1268..1589 -> 321-tiles track
[TorchPPO] 3.2% | 317,440/10,000,000 | 120 steps/s | avg 117 steps/s | 0.01 iters/s | ETA 22.4h | pg=0.0144 | vf=57.6053 | ent=-3.4308 | kl=0.025762 | clip=0.289 | grad=44.155 | lr=0.000242 | 50 MB alloc | last_eval=26.1s
Track generation: 1351..1693 -> 342-tiles track
Track generation: 1048..1314 -> 266-tiles track
Track generation: 1249..1565 -> 316-tiles track
Track generation: 1143..1434 -> 291-tiles track
Track generation: 1225..1535 -> 310-tiles track
Track generation: 1099..1378 -> 279-tiles track
Track generation: 1145..1436 -> 291-tiles track
Track generation: 1182..1481 -> 299-tiles track
Track generation: 1140..1429 -> 289-tiles track
Track generation: 1271..1593 -> 322-tiles track
Track generation: 1218..1526 -> 308-tiles track
Track generation: 1103..1392 -> 289-tiles track
Track generation: 1279..1603 -> 324-tiles track
Track generation: 1222..1532 -> 310-tiles track
Track generation: 1111..1393 -> 282-tiles track
Track generation: 1020..1279 -> 259-tiles track
Track generation: 1167..1463 -> 296-tiles track
Track generation: 1100..1379 -> 279-tiles track
Track generation: 1320..1654 -> 334-tiles track
Track generation: 1092..1369 -> 277-tiles track
Track generation: 1243..1558 -> 315-tiles track
[TorchPPO] 2.7% | 430,080/16,000,000 | 120 steps/s | avg 115 steps/s | 0.01 iters/s | ETA 36.1h | pg=0.0062 | vf=68.3797 | ent=-3.4513 | kl=0.012358 | clip=0.166 | grad=34.914 | lr=0.000243 | 50 MB alloc | last_eval=25.5s
Track generation: 1004..1263 -> 259-tiles track
retry to generate track (normal if there are not many of this messages)
Track generation: 1243..1558 -> 315-tiles track
Track generation: 1199..1503 -> 304-tiles track
Track generation: 1279..1603 -> 324-tiles track
Track generation: 1244..1559 -> 315-tiles track
Track generation: 1164..1459 -> 295-tiles track
Track generation: 1176..1474 -> 298-tiles track
Track generation: 1178..1476 -> 298-tiles track
Track generation: 1075..1348 -> 273-tiles track
Track generation: 1196..1499 -> 303-tiles track
Track generation: 1248..1564 -> 316-tiles track
Track generation: 1068..1339 -> 271-tiles track
Track generation: 1204..1509 -> 305-tiles track
Track generation: 1058..1327 -> 269-tiles track
Track generation: 1103..1389 -> 286-tiles track
Track generation: 1175..1473 -> 298-tiles track
Track generation: 1161..1455 -> 294-tiles track
Track generation: 1139..1433 -> 294-tiles track
Track generation: 1313..1645 -> 332-tiles track
Track generation: 1235..1549 -> 314-tiles track
Track generation: 1050..1322 -> 272-tiles track
Track generation: 1103..1383 -> 280-tiles track
Track generation: 1214..1522 -> 308-tiles track
[TorchPPO] 3.3% | 327,680/10,000,000 | 120 steps/s | avg 117 steps/s | 0.01 iters/s | ETA 22.3h | pg=0.0038 | vf=96.6443 | ent=-3.4320 | kl=0.007887 | clip=0.102 | grad=54.306 | lr=0.000242 | 51 MB alloc | last_eval=26.1s
Track generation: 1058..1335 -> 277-tiles track
Track generation: 1307..1638 -> 331-tiles track
Track generation: 1201..1506 -> 305-tiles track
Track generation: 1088..1364 -> 276-tiles track
Track generation: 1167..1463 -> 296-tiles track
Track generation: 1176..1474 -> 298-tiles track
Track generation: 1228..1539 -> 311-tiles track
Track generation: 1171..1468 -> 297-tiles track
Track generation: 1060..1329 -> 269-tiles track
Track generation: 1149..1443 -> 294-tiles track
retry to generate track (normal if there are not many of this messages)
Track generation: 1188..1488 -> 300-tiles track
Track generation: 1251..1568 -> 317-tiles track
Track generation: 1314..1646 -> 332-tiles track
Track generation: 1144..1434 -> 290-tiles track
Track generation: 1060..1334 -> 274-tiles track
Track generation: 1171..1468 -> 297-tiles track
Track generation: 1054..1329 -> 275-tiles track
Track generation: 1178..1478 -> 300-tiles track
[TorchPPO] 2.8% | 440,320/16,000,000 | 121 steps/s | avg 115 steps/s | 0.01 iters/s | ETA 35.7h | pg=0.0060 | vf=47.1195 | ent=-3.4530 | kl=0.011709 | clip=0.153 | grad=60.848 | lr=0.000243 | 50 MB alloc | last_eval=25.5s
Track generation: 1190..1498 -> 308-tiles track
Track generation: 1128..1414 -> 286-tiles track
Track generation: 1108..1389 -> 281-tiles track
Track generation: 1198..1502 -> 304-tiles track
Track generation: 1061..1339 -> 278-tiles track
Track generation: 1258..1577 -> 319-tiles track
Track generation: 1104..1384 -> 280-tiles track
Track generation: 1118..1402 -> 284-tiles track
Track generation: 1039..1314 -> 275-tiles track
Track generation: 1204..1509 -> 305-tiles track
Track generation: 1053..1325 -> 272-tiles track
Track generation: 1158..1456 -> 298-tiles track
Track generation: 1180..1479 -> 299-tiles track
Track generation: 1112..1394 -> 282-tiles track
Track generation: 1166..1462 -> 296-tiles track
Track generation: 1140..1429 -> 289-tiles track
Track generation: 1104..1384 -> 280-tiles track
Track generation: 1059..1328 -> 269-tiles track
Track generation: 1167..1463 -> 296-tiles track
Track generation: 1265..1586 -> 321-tiles track
Track generation: 1251..1568 -> 317-tiles track
Track generation: 1224..1539 -> 315-tiles track
Track generation: 1111..1393 -> 282-tiles track
Track generation: 1135..1423 -> 288-tiles track
Track generation: 1153..1445 -> 292-tiles track
[TorchPPO] 3.4% | 337,920/10,000,000 | 121 steps/s | avg 117 steps/s | 0.01 iters/s | ETA 22.2h | pg=0.0053 | vf=55.5917 | ent=-3.4330 | kl=0.006248 | clip=0.076 | grad=29.090 | lr=0.000242 | 50 MB alloc | last_eval=26.1s
Track generation: 1279..1603 -> 324-tiles track
Track generation: 1051..1318 -> 267-tiles track
Track generation: 1123..1408 -> 285-tiles track
Track generation: 1191..1493 -> 302-tiles track
Track generation: 1071..1348 -> 277-tiles track
Track generation: 1249..1571 -> 322-tiles track
Track generation: 1063..1339 -> 276-tiles track
Track generation: 1231..1543 -> 312-tiles track
Track generation: 1155..1448 -> 293-tiles track
Track generation: 1194..1496 -> 302-tiles track
[TorchPPO] 2.8% | 450,560/16,000,000 | 119 steps/s | avg 115 steps/s | 0.01 iters/s | ETA 36.2h | pg=0.0067 | vf=27.4979 | ent=-3.4547 | kl=0.011649 | clip=0.155 | grad=40.401 | lr=0.000243 | 51 MB alloc | last_eval=25.5s
Track generation: 1240..1554 -> 314-tiles track
Track generation: 1055..1323 -> 268-tiles track
Track generation: 1073..1345 -> 272-tiles track
Track generation: 1203..1517 -> 314-tiles track
Track generation: 1163..1458 -> 295-tiles track
Track generation: 1045..1320 -> 275-tiles track
Track generation: 989..1244 -> 255-tiles track
Track generation: 1131..1418 -> 287-tiles track
Track generation: 1134..1422 -> 288-tiles track
Track generation: 985..1235 -> 250-tiles track
Track generation: 1030..1291 -> 261-tiles track
Track generation: 1224..1541 -> 317-tiles track
Track generation: 1219..1528 -> 309-tiles track
Track generation: 1230..1542 -> 312-tiles track
Track generation: 1247..1563 -> 316-tiles track
Track generation: 1072..1344 -> 272-tiles track
Track generation: 1244..1559 -> 315-tiles track
Track generation: 1142..1432 -> 290-tiles track
Track generation: 1074..1355 -> 281-tiles track
[TorchPPO] 3.5% | 348,160/10,000,000 | 121 steps/s | avg 117 steps/s | 0.01 iters/s | ETA 22.1h | pg=0.0017 | vf=64.1076 | ent=-3.4344 | kl=0.006951 | clip=0.088 | grad=20.643 | lr=0.000242 | 50 MB alloc | last_eval=26.1s
Track generation: 1008..1266 -> 258-tiles track
retry to generate track (normal if there are not many of this messages)
Track generation: 1115..1398 -> 283-tiles track
Track generation: 1216..1524 -> 308-tiles track
Track generation: 1096..1374 -> 278-tiles track
Track generation: 1219..1528 -> 309-tiles track
Track generation: 1076..1349 -> 273-tiles track
Track generation: 1244..1559 -> 315-tiles track
Track generation: 910..1145 -> 235-tiles track
retry to generate track (normal if there are not many of this messages)
Track generation: 1120..1404 -> 284-tiles track
Track generation: 1123..1414 -> 291-tiles track
Track generation: 1107..1395 -> 288-tiles track
Track generation: 1216..1524 -> 308-tiles track
Track generation: 1264..1588 -> 324-tiles track
Track generation: 1099..1378 -> 279-tiles track
Track generation: 1205..1511 -> 306-tiles track
Track generation: 1104..1389 -> 285-tiles track
Track generation: 1059..1335 -> 276-tiles track
Track generation: 1191..1504 -> 313-tiles track
Track generation: 1073..1349 -> 276-tiles track
retry to generate track (normal if there are not many of this messages)
Track generation: 1288..1614 -> 326-tiles track
Track generation: 1227..1538 -> 311-tiles track
Track generation: 1046..1309 -> 263-tiles track
Track generation: 1233..1554 -> 321-tiles track
[TorchPPO] 2.9% | 460,800/16,000,000 | 120 steps/s | avg 115 steps/s | 0.01 iters/s | ETA 35.9h | pg=0.0135 | vf=89.3448 | ent=-3.4565 | kl=0.022824 | clip=0.276 | grad=58.561 | lr=0.000243 | 50 MB alloc | last_eval=25.5s
Track generation: 1192..1494 -> 302-tiles track
Track generation: 1191..1493 -> 302-tiles track
Track generation: 1172..1486 -> 314-tiles track
Track generation: 1263..1583 -> 320-tiles track
Track generation: 1226..1536 -> 310-tiles track
Track generation: 999..1259 -> 260-tiles track
Track generation: 1256..1575 -> 319-tiles track
Track generation: 1108..1393 -> 285-tiles track
Track generation: 1263..1583 -> 320-tiles track
Track generation: 1176..1473 -> 297-tiles track
Track generation: 1293..1621 -> 328-tiles track
Track generation: 1108..1389 -> 281-tiles track
Track generation: 1176..1474 -> 298-tiles track
Track generation: 1044..1309 -> 265-tiles track
Track generation: 1142..1438 -> 296-tiles track
Track generation: 1051..1318 -> 267-tiles track
Track generation: 1004..1261 -> 257-tiles track
retry to generate track (normal if there are not many of this messages)
Track generation: 1112..1394 -> 282-tiles track
Track generation: 1252..1569 -> 317-tiles track
Track generation: 1115..1398 -> 283-tiles track
Track generation: 1216..1524 -> 308-tiles track
Track generation: 1173..1478 -> 305-tiles track
[TorchPPO] 3.6% | 358,400/10,000,000 | 121 steps/s | avg 117 steps/s | 0.01 iters/s | ETA 22.1h | pg=0.0018 | vf=58.6022 | ent=-3.4366 | kl=0.004434 | clip=0.055 | grad=17.761 | lr=0.000241 | 51 MB alloc | last_eval=26.1s
Track generation: 1200..1505 -> 305-tiles track
Track generation: 1050..1316 -> 266-tiles track
Track generation: 1093..1370 -> 277-tiles track
Track generation: 1268..1597 -> 329-tiles track
Track generation: 1192..1494 -> 302-tiles track
Track generation: 1106..1390 -> 284-tiles track
retry to generate track (normal if there are not many of this messages)
Track generation: 1310..1641 -> 331-tiles track
Track generation: 1164..1459 -> 295-tiles track
Track generation: 1140..1437 -> 297-tiles track
Track generation: 1248..1564 -> 316-tiles track
Track generation: 1059..1328 -> 269-tiles track
Track generation: 1087..1363 -> 276-tiles track
Track generation: 1215..1523 -> 308-tiles track
Track generation: 1215..1523 -> 308-tiles track
Track generation: 1192..1494 -> 302-tiles track
Track generation: 1260..1579 -> 319-tiles track
Track generation: 1183..1483 -> 300-tiles track
Track generation: 1208..1514 -> 306-tiles track
Track generation: 1048..1320 -> 272-tiles track
Track generation: 1141..1430 -> 289-tiles track
Track generation: 1263..1583 -> 320-tiles track
Track generation: 1087..1365 -> 278-tiles track
retry to generate track (normal if there are not many of this messages)
Track generation: 1095..1373 -> 278-tiles track
[TorchPPO] 2.9% | 471,040/16,000,000 | 120 steps/s | avg 115 steps/s | 0.01 iters/s | ETA 35.9h | pg=0.0171 | vf=31.2006 | ent=-3.4581 | kl=0.032717 | clip=0.341 | grad=21.844 | lr=0.000243 | 50 MB alloc | last_eval=25.5s
Track generation: 1260..1579 -> 319-tiles track
Track generation: 1225..1535 -> 310-tiles track
Track generation: 1132..1419 -> 287-tiles track
Track generation: 1062..1338 -> 276-tiles track
Track generation: 1147..1443 -> 296-tiles track
Track generation: 1076..1357 -> 281-tiles track
Track generation: 1102..1382 -> 280-tiles track
Track generation: 1331..1668 -> 337-tiles track
Track generation: 1012..1269 -> 257-tiles track
Track generation: 904..1140 -> 236-tiles track
Track generation: 1132..1419 -> 287-tiles track
Track generation: 1139..1428 -> 289-tiles track
Track generation: 1165..1465 -> 300-tiles track
Track generation: 1189..1491 -> 302-tiles track
Track generation: 1209..1524 -> 315-tiles track
Track generation: 1117..1400 -> 283-tiles track
Track generation: 1237..1550 -> 313-tiles track
Track generation: 1042..1307 -> 265-tiles track
[TorchPPO] 3.7% | 368,640/10,000,000 | 121 steps/s | avg 118 steps/s | 0.01 iters/s | ETA 22.1h | pg=0.0013 | vf=69.8654 | ent=-3.4394 | kl=0.005119 | clip=0.062 | grad=30.453 | lr=0.000241 | 50 MB alloc | last_eval=26.1s
Track generation: 1122..1406 -> 284-tiles track
Track generation: 1321..1656 -> 335-tiles track
Track generation: 1205..1510 -> 305-tiles track
Track generation: 1038..1304 -> 266-tiles track
retry to generate track (normal if there are not many of this messages)
Track generation: 1085..1367 -> 282-tiles track
Track generation: 1172..1469 -> 297-tiles track
Track generation: 1252..1569 -> 317-tiles track
Track generation: 1119..1403 -> 284-tiles track
Track generation: 1029..1290 -> 261-tiles track
Track generation: 1051..1318 -> 267-tiles track
Track generation: 1396..1749 -> 353-tiles track
Track generation: 1047..1313 -> 266-tiles track
Track generation: 1427..1788 -> 361-tiles track
Track generation: 1199..1503 -> 304-tiles track
Track generation: 1235..1550 -> 315-tiles track
Track generation: 1145..1413 -> 268-tiles track
retry to generate track (normal if there are not many of this messages)
Track generation: 1091..1368 -> 277-tiles track
Track generation: 1121..1408 -> 287-tiles track
retry to generate track (normal if there are not many of this messages)
Track generation: 1168..1464 -> 296-tiles track
Track generation: 1192..1494 -> 302-tiles track
Track generation: 1190..1496 -> 306-tiles track
[TorchPPO] 3.0% | 481,280/16,000,000 | 120 steps/s | avg 115 steps/s | 0.01 iters/s | ETA 36.0h | pg=0.0198 | vf=44.7839 | ent=-3.4601 | kl=0.035211 | clip=0.335 | grad=23.525 | lr=0.000243 | 51 MB alloc | last_eval=25.5s
Track generation: 998..1258 -> 260-tiles track
Track generation: 1163..1458 -> 295-tiles track
Track generation: 1060..1329 -> 269-tiles track
Track generation: 1092..1369 -> 277-tiles track
Track generation: 1168..1464 -> 296-tiles track
Track generation: 1164..1459 -> 295-tiles track
Track generation: 1074..1347 -> 273-tiles track
Track generation: 1280..1604 -> 324-tiles track
Track generation: 1100..1379 -> 279-tiles track
Track generation: 1212..1519 -> 307-tiles track
Track generation: 1137..1429 -> 292-tiles track
retry to generate track (normal if there are not many of this messages)
Track generation: 1074..1353 -> 279-tiles track
Track generation: 1316..1651 -> 335-tiles track
Track generation: 1069..1340 -> 271-tiles track
Track generation: 1108..1389 -> 281-tiles track
Track generation: 993..1247 -> 254-tiles track
retry to generate track (normal if there are not many of this messages)
Track generation: 1252..1569 -> 317-tiles track
Track generation: 1190..1491 -> 301-tiles track
Track generation: 1417..1776 -> 359-tiles track
Track generation: 1122..1407 -> 285-tiles track
Track generation: 1038..1304 -> 266-tiles track
retry to generate track (normal if there are not many of this messages)
Track generation: 1039..1308 -> 269-tiles track
Track generation: 1231..1543 -> 312-tiles track
[TorchPPO] 3.8% | 378,880/10,000,000 | 121 steps/s | avg 118 steps/s | 0.01 iters/s | ETA 22.2h | pg=0.0064 | vf=75.9075 | ent=-3.4417 | kl=0.014171 | clip=0.184 | grad=28.992 | lr=0.000241 | 50 MB alloc | last_eval=26.1s
Track generation: 1086..1369 -> 283-tiles track
Track generation: 1140..1429 -> 289-tiles track
Track generation: 1115..1398 -> 283-tiles track
Track generation: 1014..1272 -> 258-tiles track
Track generation: 1119..1403 -> 284-tiles track
Track generation: 1061..1335 -> 274-tiles track
Track generation: 1199..1506 -> 307-tiles track
retry to generate track (normal if there are not many of this messages)
Track generation: 1274..1605 -> 331-tiles track
Track generation: 1064..1334 -> 270-tiles track
Track generation: 1068..1339 -> 271-tiles track
Track generation: 1137..1426 -> 289-tiles track
Track generation: 1214..1522 -> 308-tiles track
Track generation: 1136..1424 -> 288-tiles track
Track generation: 1076..1349 -> 273-tiles track
Track generation: 1155..1456 -> 301-tiles track
Track generation: 1280..1604 -> 324-tiles track
Track generation: 1125..1416 -> 291-tiles track
[TorchPPO] 3.1% | 491,520/16,000,000 | 120 steps/s | avg 115 steps/s | 0.01 iters/s | ETA 35.9h | pg=0.0066 | vf=43.9595 | ent=-3.4623 | kl=0.014179 | clip=0.178 | grad=51.393 | lr=0.000242 | 50 MB alloc | last_eval=25.5s
Track generation: 1129..1416 -> 287-tiles track
Track generation: 1003..1259 -> 256-tiles track
Track generation: 1299..1628 -> 329-tiles track
Track generation: 1240..1554 -> 314-tiles track
Track generation: 1188..1489 -> 301-tiles track
Track generation: 1124..1409 -> 285-tiles track
Track generation: 1302..1629 -> 327-tiles track
Track generation: 1011..1268 -> 257-tiles track
Track generation: 1127..1413 -> 286-tiles track
Track generation: 1112..1400 -> 288-tiles track
Track generation: 1262..1581 -> 319-tiles track
Track generation: 976..1224 -> 248-tiles track
Track generation: 1135..1423 -> 288-tiles track
Track generation: 1312..1644 -> 332-tiles track
Track generation: 1271..1593 -> 322-tiles track
Track generation: 1197..1500 -> 303-tiles track
Track generation: 1120..1413 -> 293-tiles track
[TorchPPO] 3.9% | 389,120/10,000,000 | 120 steps/s | avg 118 steps/s | 0.01 iters/s | ETA 22.2h | pg=0.0034 | vf=50.1637 | ent=-3.4438 | kl=0.007407 | clip=0.082 | grad=23.293 | lr=0.000241 | 51 MB alloc | last_eval=26.1s
Track generation: 1232..1544 -> 312-tiles track
Track generation: 1293..1621 -> 328-tiles track
Track generation: 1030..1298 -> 268-tiles track
Track generation: 965..1218 -> 253-tiles track
Track generation: 1120..1404 -> 284-tiles track
Track generation: 1104..1384 -> 280-tiles track
Track generation: 1148..1439 -> 291-tiles track
Track generation: 1212..1520 -> 308-tiles track
Track generation: 1164..1459 -> 295-tiles track
Track generation: 1152..1444 -> 292-tiles track
Track generation: 1088..1364 -> 276-tiles track
Track generation: 1130..1417 -> 287-tiles track
Track generation: 1056..1324 -> 268-tiles track
Track generation: 1028..1295 -> 267-tiles track
Track generation: 1373..1720 -> 347-tiles track
Track generation: 1150..1447 -> 297-tiles track
Track generation: 1009..1265 -> 256-tiles track
[TorchPPO] 3.1% | 501,760/16,000,000 | 119 steps/s | avg 116 steps/s | 0.01 iters/s | ETA 36.3h | pg=0.0036 | vf=51.2081 | ent=-3.4644 | kl=0.008392 | clip=0.104 | grad=30.717 | lr=0.000242 | 50 MB alloc | last_eval=25.5s
Track generation: 1073..1345 -> 272-tiles track
Track generation: 1112..1403 -> 291-tiles track
Track generation: 983..1236 -> 253-tiles track
retry to generate track (normal if there are not many of this messages)
Track generation: 1135..1423 -> 288-tiles track
Track generation: 1272..1595 -> 323-tiles track
Track generation: 1159..1453 -> 294-tiles track
Track generation: 1351..1693 -> 342-tiles track
Track generation: 1048..1314 -> 266-tiles track
Track generation: 1249..1565 -> 316-tiles track
Track generation: 1143..1434 -> 291-tiles track
Track generation: 1225..1535 -> 310-tiles track
Track generation: 1099..1378 -> 279-tiles track
Track generation: 1145..1436 -> 291-tiles track
Track generation: 1182..1481 -> 299-tiles track
Track generation: 1140..1429 -> 289-tiles track
Track generation: 1271..1593 -> 322-tiles track
Track generation: 1218..1526 -> 308-tiles track
Track generation: 1103..1392 -> 289-tiles track
Track generation: 1279..1603 -> 324-tiles track
Track generation: 1222..1532 -> 310-tiles track
Track generation: 1111..1393 -> 282-tiles track
Track generation: 1020..1279 -> 259-tiles track
[TorchPPO] 4.0% | 399,360/10,000,000 | 120 steps/s | avg 118 steps/s | 0.01 iters/s | ETA 22.3h | pg=0.0038 | vf=55.1495 | ent=-3.4465 | kl=0.009276 | clip=0.127 | grad=26.950 | lr=0.000240 | 50 MB alloc | last_eval=26.1s
Track generation: 1034..1304 -> 270-tiles track
Track generation: 1144..1434 -> 290-tiles track
Track generation: 1187..1488 -> 301-tiles track
Track generation: 1177..1475 -> 298-tiles track
Track generation: 1311..1643 -> 332-tiles track
Track generation: 1072..1344 -> 272-tiles track
Track generation: 1029..1291 -> 262-tiles track
Track generation: 1123..1408 -> 285-tiles track
Track generation: 1145..1435 -> 290-tiles track
Track generation: 1131..1418 -> 287-tiles track
Track generation: 1075..1348 -> 273-tiles track
Track generation: 1225..1535 -> 310-tiles track
Track generation: 1156..1449 -> 293-tiles track
Track generation: 1025..1285 -> 260-tiles track
Track generation: 1080..1354 -> 274-tiles track
Track generation: 956..1205 -> 249-tiles track
[TorchPPO] 3.2% | 512,000/16,000,000 | 123 steps/s | avg 116 steps/s | 0.01 iters/s | ETA 34.9h | pg=-0.0003 | vf=63.0878 | ent=-3.4661 | kl=0.005332 | clip=0.065 | grad=52.410 | lr=0.000242 | 51 MB alloc | last_eval=25.5s
Track generation: 1167..1463 -> 296-tiles track
Track generation: 1100..1379 -> 279-tiles track
Track generation: 1320..1654 -> 334-tiles track
Track generation: 1092..1369 -> 277-tiles track
Track generation: 1243..1558 -> 315-tiles track
Track generation: 1058..1335 -> 277-tiles track
Track generation: 1307..1638 -> 331-tiles track
Track generation: 1201..1506 -> 305-tiles track
Track generation: 1088..1364 -> 276-tiles track
Track generation: 1167..1463 -> 296-tiles track
Track generation: 1176..1474 -> 298-tiles track
Track generation: 1228..1539 -> 311-tiles track
Track generation: 1171..1468 -> 297-tiles track
Track generation: 1060..1329 -> 269-tiles track
Track generation: 1149..1443 -> 294-tiles track
retry to generate track (normal if there are not many of this messages)
Track generation: 1188..1488 -> 300-tiles track
Track generation: 1251..1568 -> 317-tiles track
Track generation: 1314..1646 -> 332-tiles track
[TorchPPO] 4.1% | 409,600/10,000,000 | 120 steps/s | avg 118 steps/s | 0.01 iters/s | ETA 22.3h | pg=0.0006 | vf=52.0782 | ent=-3.4487 | kl=0.008001 | clip=0.103 | grad=40.772 | lr=0.000240 | 50 MB alloc | last_eval=26.1s
[TorchPPO] Checkpoint saved: /workspace/Racing_Gym_RL/artifacts/prime_marl_10car_16m/models/torch_ppo_step_409600.pt
Track generation: 1074..1347 -> 273-tiles track
Track generation: 1145..1435 -> 290-tiles track
Track generation: 1066..1337 -> 271-tiles track
Track generation: 1137..1427 -> 290-tiles track
retry to generate track (normal if there are not many of this messages)
Track generation: 1396..1749 -> 353-tiles track
Track generation: 1198..1502 -> 304-tiles track
Track generation: 1168..1464 -> 296-tiles track
Track generation: 1176..1474 -> 298-tiles track
Track generation: 1157..1451 -> 294-tiles track
Track generation: 1340..1679 -> 339-tiles track
Track generation: 1164..1459 -> 295-tiles track
Track generation: 1071..1343 -> 272-tiles track
Track generation: 1084..1364 -> 280-tiles track
Track generation: 1140..1435 -> 295-tiles track
Track generation: 1192..1499 -> 307-tiles track
Track generation: 1236..1549 -> 313-tiles track
[TorchPPO] 3.3% | 522,240/16,000,000 | 118 steps/s | avg 116 steps/s | 0.01 iters/s | ETA 36.4h | pg=0.0067 | vf=40.3963 | ent=-3.4678 | kl=0.011695 | clip=0.138 | grad=32.261 | lr=0.000242 | 50 MB alloc | last_eval=25.5s
[TorchPPO Eval] step=409,600 | mean_reward=-5.34 +/- 0.00 | progress=2.82% | offtrack_rate=100.00% | contact_rate=0.00% | hook_rate=0.00% | contact_term_rate=0.00% | steer_var=0.18348 | mean_speed=21.43 | throttle=0.97 | brake=0.00 | stage=1 | eval_time=28.6s
Track generation: 1404..1759 -> 355-tiles track
Track generation: 1241..1555 -> 314-tiles track
Track generation: 1144..1434 -> 290-tiles track
Track generation: 1172..1469 -> 297-tiles track
Track generation: 1208..1514 -> 306-tiles track
Track generation: 1327..1663 -> 336-tiles track
Track generation: 1149..1444 -> 295-tiles track
retry to generate track (normal if there are not many of this messages)
Track generation: 1221..1530 -> 309-tiles track
Track generation: 1084..1359 -> 275-tiles track
Track generation: 999..1260 -> 261-tiles track
Track generation: 1229..1540 -> 311-tiles track
Track generation: 1219..1528 -> 309-tiles track
Track generation: 1155..1448 -> 293-tiles track
Track generation: 1111..1396 -> 285-tiles track
retry to generate track (normal if there are not many of this messages)
Track generation: 1115..1398 -> 283-tiles track
Track generation: 1111..1393 -> 282-tiles track
Track generation: 1128..1419 -> 291-tiles track
Track generation: 1279..1613 -> 334-tiles track
Track generation: 1201..1515 -> 314-tiles track
Track generation: 957..1200 -> 243-tiles track
Track generation: 1255..1572 -> 317-tiles track
Track generation: 1304..1634 -> 330-tiles track
[TorchPPO] 3.3% | 532,480/16,000,000 | 119 steps/s | avg 116 steps/s | 0.01 iters/s | ETA 36.2h | pg=0.0021 | vf=90.7312 | ent=-3.4697 | kl=0.008044 | clip=0.099 | grad=47.997 | lr=0.000242 | 50 MB alloc | last_eval=25.5s
Track generation: 1144..1434 -> 290-tiles track
Track generation: 1060..1334 -> 274-tiles track
Track generation: 1171..1468 -> 297-tiles track
Track generation: 1054..1329 -> 275-tiles track
Track generation: 1178..1478 -> 300-tiles track
Track generation: 1279..1603 -> 324-tiles track
Track generation: 1051..1318 -> 267-tiles track
Track generation: 1123..1408 -> 285-tiles track
Track generation: 1191..1493 -> 302-tiles track
Track generation: 1071..1348 -> 277-tiles track
Track generation: 1249..1571 -> 322-tiles track
Track generation: 1063..1339 -> 276-tiles track
Track generation: 1231..1543 -> 312-tiles track
Track generation: 1155..1448 -> 293-tiles track
Track generation: 1194..1496 -> 302-tiles track
Track generation: 1008..1266 -> 258-tiles track
retry to generate track (normal if there are not many of this messages)
Track generation: 1115..1398 -> 283-tiles track
Track generation: 1216..1524 -> 308-tiles track
[TorchPPO] 4.2% | 419,840/10,000,000 | 90 steps/s | avg 117 steps/s | 0.01 iters/s | ETA 29.7h | pg=0.0012 | vf=104.9314 | ent=-3.4505 | kl=0.007440 | clip=0.101 | grad=51.379 | lr=0.000240 | 51 MB alloc | last_eval=28.6s
Track generation: 1025..1290 -> 265-tiles track
Track generation: 1097..1385 -> 288-tiles track
Track generation: 1221..1538 -> 317-tiles track
Track generation: 1217..1534 -> 317-tiles track
Track generation: 1215..1523 -> 308-tiles track
Track generation: 1024..1294 -> 270-tiles track
Track generation: 1212..1519 -> 307-tiles track
Track generation: 1053..1329 -> 276-tiles track
Track generation: 1112..1396 -> 284-tiles track
Track generation: 1408..1764 -> 356-tiles track
Track generation: 1103..1383 -> 280-tiles track
Track generation: 1126..1411 -> 285-tiles track
Track generation: 1146..1444 -> 298-tiles track
Track generation: 1177..1475 -> 298-tiles track
Track generation: 1087..1363 -> 276-tiles track
Track generation: 1206..1512 -> 306-tiles track
Track generation: 1215..1523 -> 308-tiles track
Track generation: 1024..1289 -> 265-tiles track
[TorchPPO] 3.4% | 542,720/16,000,000 | 121 steps/s | avg 116 steps/s | 0.01 iters/s | ETA 35.6h | pg=0.0064 | vf=43.8862 | ent=-3.4716 | kl=0.016306 | clip=0.196 | grad=17.084 | lr=0.000242 | 51 MB alloc | last_eval=25.5s
Track generation: 1096..1374 -> 278-tiles track
Track generation: 1219..1528 -> 309-tiles track
Track generation: 1076..1349 -> 273-tiles track
Track generation: 1244..1559 -> 315-tiles track
Track generation: 910..1145 -> 235-tiles track
retry to generate track (normal if there are not many of this messages)
Track generation: 1120..1404 -> 284-tiles track
Track generation: 1123..1414 -> 291-tiles track
Track generation: 1107..1395 -> 288-tiles track
Track generation: 1216..1524 -> 308-tiles track
Track generation: 1264..1588 -> 324-tiles track
Track generation: 1099..1378 -> 279-tiles track
Track generation: 1205..1511 -> 306-tiles track
Track generation: 1104..1389 -> 285-tiles track
Track generation: 1059..1335 -> 276-tiles track
Track generation: 1191..1504 -> 313-tiles track
Track generation: 1073..1349 -> 276-tiles track
retry to generate track (normal if there are not many of this messages)
Track generation: 1288..1614 -> 326-tiles track
Track generation: 1227..1538 -> 311-tiles track
Track generation: 1046..1309 -> 263-tiles track
Track generation: 1233..1554 -> 321-tiles track
Track generation: 1200..1505 -> 305-tiles track
[TorchPPO] 4.3% | 430,080/10,000,000 | 119 steps/s | avg 117 steps/s | 0.01 iters/s | ETA 22.3h | pg=0.0035 | vf=66.5357 | ent=-3.4520 | kl=0.007603 | clip=0.101 | grad=22.993 | lr=0.000240 | 50 MB alloc | last_eval=28.6s
Track generation: 1165..1460 -> 295-tiles track
Track generation: 1097..1378 -> 281-tiles track
retry to generate track (normal if there are not many of this messages)
Track generation: 1184..1484 -> 300-tiles track
Track generation: 1074..1355 -> 281-tiles track
Track generation: 1204..1509 -> 305-tiles track
Track generation: 1122..1412 -> 290-tiles track
Track generation: 1161..1461 -> 300-tiles track
Track generation: 1180..1479 -> 299-tiles track
Track generation: 1003..1263 -> 260-tiles track
Track generation: 1107..1388 -> 281-tiles track
Track generation: 1237..1550 -> 313-tiles track
Track generation: 1036..1307 -> 271-tiles track
[TorchPPO] 3.5% | 552,960/16,000,000 | 123 steps/s | avg 116 steps/s | 0.01 iters/s | ETA 34.8h | pg=0.0065 | vf=42.0867 | ent=-3.4744 | kl=0.013007 | clip=0.163 | grad=29.414 | lr=0.000242 | 50 MB alloc | last_eval=25.5s
Track generation: 1050..1316 -> 266-tiles track
Track generation: 1093..1370 -> 277-tiles track
Track generation: 1268..1597 -> 329-tiles track
Track generation: 1192..1494 -> 302-tiles track
Track generation: 1106..1390 -> 284-tiles track
retry to generate track (normal if there are not many of this messages)
Track generation: 1310..1641 -> 331-tiles track
Track generation: 1164..1459 -> 295-tiles track
Track generation: 1140..1437 -> 297-tiles track
Track generation: 1248..1564 -> 316-tiles track
Track generation: 1059..1328 -> 269-tiles track
Track generation: 1087..1363 -> 276-tiles track
Track generation: 1215..1523 -> 308-tiles track
Track generation: 1215..1523 -> 308-tiles track
Track generation: 1192..1494 -> 302-tiles track
[TorchPPO] 4.4% | 440,320/10,000,000 | 120 steps/s | avg 117 steps/s | 0.01 iters/s | ETA 22.1h | pg=-0.0003 | vf=57.3580 | ent=-3.4544 | kl=0.005896 | clip=0.078 | grad=25.693 | lr=0.000239 | 50 MB alloc | last_eval=28.6s
Track generation: 1171..1468 -> 297-tiles track
Track generation: 1239..1553 -> 314-tiles track
Track generation: 1195..1498 -> 303-tiles track
Track generation: 1127..1420 -> 293-tiles track
Track generation: 1071..1343 -> 272-tiles track
Track generation: 985..1239 -> 254-tiles track
retry to generate track (normal if there are not many of this messages)
Track generation: 1417..1776 -> 359-tiles track
Track generation: 1131..1418 -> 287-tiles track
Track generation: 1136..1424 -> 288-tiles track
Track generation: 1184..1488 -> 304-tiles track
Track generation: 1022..1282 -> 260-tiles track
Track generation: 1079..1353 -> 274-tiles track
Track generation: 1161..1455 -> 294-tiles track
Track generation: 1180..1479 -> 299-tiles track
Track generation: 1052..1322 -> 270-tiles track
Track generation: 1131..1418 -> 287-tiles track
Track generation: 1200..1512 -> 312-tiles track
Track generation: 1228..1539 -> 311-tiles track
Track generation: 1139..1428 -> 289-tiles track
[TorchPPO] 3.5% | 563,200/16,000,000 | 121 steps/s | avg 116 steps/s | 0.01 iters/s | ETA 35.6h | pg=0.0096 | vf=62.4430 | ent=-3.4777 | kl=0.015236 | clip=0.171 | grad=30.182 | lr=0.000241 | 50 MB alloc | last_eval=25.5s
Track generation: 1260..1579 -> 319-tiles track
Track generation: 1183..1483 -> 300-tiles track
Track generation: 1208..1514 -> 306-tiles track
Track generation: 1048..1320 -> 272-tiles track
Track generation: 1141..1430 -> 289-tiles track
Track generation: 1263..1583 -> 320-tiles track
Track generation: 1087..1365 -> 278-tiles track
retry to generate track (normal if there are not many of this messages)
Track generation: 1095..1373 -> 278-tiles track
Track generation: 1122..1406 -> 284-tiles track
Track generation: 1321..1656 -> 335-tiles track
Track generation: 1205..1510 -> 305-tiles track
Track generation: 1038..1304 -> 266-tiles track
retry to generate track (normal if there are not many of this messages)
Track generation: 1085..1367 -> 282-tiles track
Track generation: 1172..1469 -> 297-tiles track
Track generation: 1252..1569 -> 317-tiles track
Track generation: 1119..1403 -> 284-tiles track
[TorchPPO] 4.5% | 450,560/10,000,000 | 119 steps/s | avg 117 steps/s | 0.01 iters/s | ETA 22.2h | pg=0.0078 | vf=82.5825 | ent=-3.4574 | kl=0.014974 | clip=0.182 | grad=41.612 | lr=0.000239 | 51 MB alloc | last_eval=28.6s
Track generation: 1104..1384 -> 280-tiles track
Track generation: 1060..1332 -> 272-tiles track
retry to generate track (normal if there are not many of this messages)
Track generation: 1335..1673 -> 338-tiles track
Track generation: 1097..1383 -> 286-tiles track
Track generation: 1231..1552 -> 321-tiles track
Track generation: 1229..1540 -> 311-tiles track
Track generation: 1179..1478 -> 299-tiles track
Track generation: 1212..1519 -> 307-tiles track
Track generation: 1213..1520 -> 307-tiles track
Track generation: 1065..1335 -> 270-tiles track
[TorchPPO] 3.6% | 573,440/16,000,000 | 120 steps/s | avg 116 steps/s | 0.01 iters/s | ETA 35.7h | pg=-0.0002 | vf=69.6333 | ent=-3.4799 | kl=0.005563 | clip=0.061 | grad=33.279 | lr=0.000241 | 51 MB alloc | last_eval=25.5s
Track generation: 1029..1290 -> 261-tiles track
Track generation: 1051..1318 -> 267-tiles track
Track generation: 1396..1749 -> 353-tiles track
Track generation: 1047..1313 -> 266-tiles track
Track generation: 1427..1788 -> 361-tiles track
Track generation: 1199..1503 -> 304-tiles track
Track generation: 1235..1550 -> 315-tiles track
Track generation: 1145..1413 -> 268-tiles track
retry to generate track (normal if there are not many of this messages)
Track generation: 1091..1368 -> 277-tiles track
Track generation: 1121..1408 -> 287-tiles track
retry to generate track (normal if there are not many of this messages)
Track generation: 1168..1464 -> 296-tiles track
Track generation: 1192..1494 -> 302-tiles track
Track generation: 1190..1496 -> 306-tiles track
[TorchPPO] 4.6% | 460,800/10,000,000 | 118 steps/s | avg 117 steps/s | 0.01 iters/s | ETA 22.4h | pg=0.0028 | vf=110.7443 | ent=-3.4596 | kl=0.008167 | clip=0.098 | grad=70.704 | lr=0.000239 | 50 MB alloc | last_eval=28.6s
Track generation: 1097..1375 -> 278-tiles track
Track generation: 1132..1419 -> 287-tiles track
Track generation: 1033..1302 -> 269-tiles track
Track generation: 1096..1379 -> 283-tiles track
Track generation: 1136..1424 -> 288-tiles track
Track generation: 1141..1430 -> 289-tiles track
Track generation: 1050..1316 -> 266-tiles track
Track generation: 1263..1583 -> 320-tiles track
Track generation: 1139..1436 -> 297-tiles track
Track generation: 1200..1504 -> 304-tiles track
Track generation: 1060..1331 -> 271-tiles track
retry to generate track (normal if there are not many of this messages)
Track generation: 1094..1371 -> 277-tiles track
Track generation: 1139..1428 -> 289-tiles track
Track generation: 1065..1343 -> 278-tiles track
Track generation: 1092..1374 -> 282-tiles track
Track generation: 1181..1481 -> 300-tiles track
Track generation: 1180..1479 -> 299-tiles track
Track generation: 1140..1429 -> 289-tiles track
Track generation: 1217..1526 -> 309-tiles track
Track generation: 1230..1552 -> 322-tiles track
[TorchPPO] 3.6% | 583,680/16,000,000 | 117 steps/s | avg 116 steps/s | 0.01 iters/s | ETA 36.5h | pg=0.0014 | vf=103.4479 | ent=-3.4817 | kl=0.004962 | clip=0.055 | grad=32.879 | lr=0.000241 | 50 MB alloc | last_eval=25.5s
Track generation: 1086..1369 -> 283-tiles track
Track generation: 1140..1429 -> 289-tiles track
Track generation: 1115..1398 -> 283-tiles track
Track generation: 1014..1272 -> 258-tiles track
Track generation: 1119..1403 -> 284-tiles track
Track generation: 1061..1335 -> 274-tiles track
Track generation: 1199..1506 -> 307-tiles track
retry to generate track (normal if there are not many of this messages)
Track generation: 1274..1605 -> 331-tiles track
Track generation: 1064..1334 -> 270-tiles track
Track generation: 1068..1339 -> 271-tiles track
Track generation: 1137..1426 -> 289-tiles track
Track generation: 1214..1522 -> 308-tiles track
Track generation: 1136..1424 -> 288-tiles track
Track generation: 1076..1349 -> 273-tiles track
Track generation: 1155..1456 -> 301-tiles track
Track generation: 1280..1604 -> 324-tiles track
Track generation: 1125..1416 -> 291-tiles track
Track generation: 1232..1544 -> 312-tiles track
Track generation: 1293..1621 -> 328-tiles track
[TorchPPO] 4.7% | 471,040/10,000,000 | 117 steps/s | avg 117 steps/s | 0.01 iters/s | ETA 22.6h | pg=0.0038 | vf=149.9151 | ent=-3.4610 | kl=0.008613 | clip=0.119 | grad=111.221 | lr=0.000238 | 50 MB alloc | last_eval=28.6s
Track generation: 1032..1294 -> 262-tiles track
Track generation: 1374..1721 -> 347-tiles track
Track generation: 1043..1308 -> 265-tiles track
Track generation: 1128..1419 -> 291-tiles track
Track generation: 1264..1584 -> 320-tiles track
Track generation: 1087..1362 -> 275-tiles track
Track generation: 1144..1434 -> 290-tiles track
Track generation: 1140..1429 -> 289-tiles track
Track generation: 1250..1568 -> 318-tiles track
Track generation: 1075..1348 -> 273-tiles track
Track generation: 1082..1356 -> 274-tiles track
Track generation: 1203..1508 -> 305-tiles track
Track generation: 1107..1388 -> 281-tiles track
Track generation: 1160..1454 -> 294-tiles track
Track generation: 1103..1393 -> 290-tiles track
Track generation: 1448..1814 -> 366-tiles track
Track generation: 1223..1533 -> 310-tiles track
Track generation: 1123..1408 -> 285-tiles track
Track generation: 1127..1413 -> 286-tiles track
Track generation: 959..1210 -> 251-tiles track
Track generation: 1227..1538 -> 311-tiles track
Track generation: 1067..1347 -> 280-tiles track
[TorchPPO] 3.7% | 593,920/16,000,000 | 117 steps/s | avg 116 steps/s | 0.01 iters/s | ETA 36.5h | pg=0.0092 | vf=45.8902 | ent=-3.4833 | kl=0.016772 | clip=0.183 | grad=30.780 | lr=0.000241 | 50 MB alloc | last_eval=25.5s
Track generation: 1030..1298 -> 268-tiles track
Track generation: 965..1218 -> 253-tiles track
Track generation: 1120..1404 -> 284-tiles track
Track generation: 1104..1384 -> 280-tiles track
Track generation: 1148..1439 -> 291-tiles track
Track generation: 1212..1520 -> 308-tiles track
Track generation: 1164..1459 -> 295-tiles track
Track generation: 1152..1444 -> 292-tiles track
Track generation: 1088..1364 -> 276-tiles track
Track generation: 1130..1417 -> 287-tiles track
Track generation: 1056..1324 -> 268-tiles track
Track generation: 1028..1295 -> 267-tiles track
Track generation: 1373..1720 -> 347-tiles track
Track generation: 1150..1447 -> 297-tiles track
Track generation: 1009..1265 -> 256-tiles track
Track generation: 1034..1304 -> 270-tiles track
[TorchPPO] 4.8% | 481,280/10,000,000 | 103 steps/s | avg 117 steps/s | 0.01 iters/s | ETA 25.6h | pg=0.0124 | vf=128.3382 | ent=-3.4619 | kl=0.023285 | clip=0.280 | grad=50.501 | lr=0.000238 | 51 MB alloc | last_eval=28.6s
Track generation: 1032..1302 -> 270-tiles track
Track generation: 1090..1366 -> 276-tiles track
Track generation: 1175..1473 -> 298-tiles track
Track generation: 1204..1509 -> 305-tiles track
Track generation: 1144..1434 -> 290-tiles track
Track generation: 1288..1614 -> 326-tiles track
Track generation: 1115..1403 -> 288-tiles track
Track generation: 1175..1473 -> 298-tiles track
Track generation: 1204..1509 -> 305-tiles track
Track generation: 1048..1321 -> 273-tiles track
Track generation: 1135..1423 -> 288-tiles track
Track generation: 1224..1534 -> 310-tiles track
Track generation: 1238..1551 -> 313-tiles track
Track generation: 1000..1263 -> 263-tiles track
Track generation: 1113..1395 -> 282-tiles track
Track generation: 1216..1531 -> 315-tiles track
Track generation: 1264..1584 -> 320-tiles track
Track generation: 1120..1404 -> 284-tiles track
Track generation: 1052..1323 -> 271-tiles track
retry to generate track (normal if there are not many of this messages)
Track generation: 1135..1423 -> 288-tiles track
Track generation: 1123..1408 -> 285-tiles track
Track generation: 1191..1493 -> 302-tiles track
Track generation: 1194..1497 -> 303-tiles track
Track generation: 1139..1431 -> 292-tiles track
retry to generate track (normal if there are not many of this messages)
Track generation: 1068..1345 -> 277-tiles track
retry to generate track (normal if there are not many of this messages)
Track generation: 1253..1577 -> 324-tiles track
Track generation: 1011..1268 -> 257-tiles track
Track generation: 1104..1384 -> 280-tiles track
[TorchPPO] 3.8% | 604,160/16,000,000 | 115 steps/s | avg 116 steps/s | 0.01 iters/s | ETA 37.0h | pg=0.0059 | vf=41.4006 | ent=-3.4849 | kl=0.010705 | clip=0.124 | grad=24.188 | lr=0.000241 | 51 MB alloc | last_eval=25.5s
Track generation: 1144..1434 -> 290-tiles track
Track generation: 1187..1488 -> 301-tiles track
Track generation: 1177..1475 -> 298-tiles track
Track generation: 1311..1643 -> 332-tiles track
Track generation: 1072..1344 -> 272-tiles track
Track generation: 1029..1291 -> 262-tiles track
Track generation: 1123..1408 -> 285-tiles track
Track generation: 1145..1435 -> 290-tiles track
Track generation: 1131..1418 -> 287-tiles track
Track generation: 1075..1348 -> 273-tiles track
Track generation: 1225..1535 -> 310-tiles track
Track generation: 1156..1449 -> 293-tiles track
Track generation: 1025..1285 -> 260-tiles track
Track generation: 1080..1354 -> 274-tiles track
Track generation: 956..1205 -> 249-tiles track
Track generation: 1074..1347 -> 273-tiles track
[TorchPPO] 4.9% | 491,520/10,000,000 | 112 steps/s | avg 117 steps/s | 0.01 iters/s | ETA 23.6h | pg=0.0056 | vf=76.5111 | ent=-3.4628 | kl=0.013892 | clip=0.193 | grad=45.836 | lr=0.000238 | 50 MB alloc | last_eval=28.6s
Track generation: 1118..1402 -> 284-tiles track
Track generation: 977..1228 -> 251-tiles track
retry to generate track (normal if there are not many of this messages)
Track generation: 1228..1545 -> 317-tiles track
Track generation: 1351..1693 -> 342-tiles track
Track generation: 1166..1461 -> 295-tiles track
Track generation: 1241..1555 -> 314-tiles track
Track generation: 1099..1386 -> 287-tiles track
Track generation: 1116..1399 -> 283-tiles track
Track generation: 1106..1393 -> 287-tiles track
Track generation: 1117..1400 -> 283-tiles track
Track generation: 1297..1625 -> 328-tiles track
Track generation: 1094..1382 -> 288-tiles track
retry to generate track (normal if there are not many of this messages)
Track generation: 1203..1508 -> 305-tiles track
Track generation: 1157..1450 -> 293-tiles track
Track generation: 1063..1333 -> 270-tiles track
Track generation: 1115..1405 -> 290-tiles track
Track generation: 1183..1483 -> 300-tiles track
Track generation: 1071..1343 -> 272-tiles track
Track generation: 1127..1413 -> 286-tiles track
Track generation: 1094..1372 -> 278-tiles track
[TorchPPO] 3.8% | 614,400/16,000,000 | 116 steps/s | avg 116 steps/s | 0.01 iters/s | ETA 36.8h | pg=0.0082 | vf=29.9199 | ent=-3.4866 | kl=0.021118 | clip=0.240 | grad=15.934 | lr=0.000241 | 50 MB alloc | last_eval=25.5s
[TorchPPO] Checkpoint saved: /workspace/Racing_Gym_RL/artifacts/prime_marl_10car_16m/models/torch_ppo_step_614400.pt
[TorchPPO Eval] step=614,400 | mean_reward=-1.42 +/- 0.00 | progress=2.66% | offtrack_rate=100.00% | contact_rate=0.00% | hook_rate=0.00% | contact_term_rate=0.00% | steer_var=0.22123 | mean_speed=21.03 | throttle=0.96 | brake=0.00 | stage=1 | eval_time=23.5s (new best!)
[TorchPPO] Best model saved (step 614,400, reward -1.42):
  -> /workspace/Racing_Gym_RL/artifacts/prime_marl_10car_16m/models/best_model_torch.pt
  -> (copy) /workspace/Racing_Gym_RL/artifacts/prime_marl_10car_16m/models/best_model_torch_step_614400.pt
Track generation: 1145..1435 -> 290-tiles track
Track generation: 1066..1337 -> 271-tiles track
Track generation: 1137..1427 -> 290-tiles track
retry to generate track (normal if there are not many of this messages)
Track generation: 1396..1749 -> 353-tiles track
Track generation: 1198..1502 -> 304-tiles track
Track generation: 1168..1464 -> 296-tiles track
Track generation: 1176..1474 -> 298-tiles track
Track generation: 1157..1451 -> 294-tiles track
Track generation: 1340..1679 -> 339-tiles track
Track generation: 1164..1459 -> 295-tiles track
Track generation: 1071..1343 -> 272-tiles track
Track generation: 1084..1364 -> 280-tiles track
Track generation: 1140..1435 -> 295-tiles track
Track generation: 1192..1499 -> 307-tiles track
Track generation: 1236..1549 -> 313-tiles track
Track generation: 1404..1759 -> 355-tiles track
Track generation: 1241..1555 -> 314-tiles track
[TorchPPO] 5.0% | 501,760/10,000,000 | 101 steps/s | avg 116 steps/s | 0.01 iters/s | ETA 26.2h | pg=0.0065 | vf=156.7680 | ent=-3.4635 | kl=0.012507 | clip=0.146 | grad=82.315 | lr=0.000238 | 50 MB alloc | last_eval=28.6s
Track generation: 1123..1408 -> 285-tiles track
Track generation: 1131..1418 -> 287-tiles track
Track generation: 1329..1674 -> 345-tiles track
Track generation: 1240..1554 -> 314-tiles track
Track generation: 1004..1259 -> 255-tiles track
Track generation: 958..1210 -> 252-tiles track
Track generation: 973..1226 -> 253-tiles track
Track generation: 1194..1496 -> 302-tiles track
Track generation: 1115..1404 -> 289-tiles track
Track generation: 1200..1504 -> 304-tiles track
Track generation: 1264..1584 -> 320-tiles track
Track generation: 1077..1351 -> 274-tiles track
Track generation: 1083..1358 -> 275-tiles track
Track generation: 1108..1389 -> 281-tiles track
Track generation: 1115..1398 -> 283-tiles track
Track generation: 1257..1576 -> 319-tiles track
Track generation: 1177..1475 -> 298-tiles track
[TorchPPO] 3.9% | 624,640/16,000,000 | 92 steps/s | avg 116 steps/s | 0.01 iters/s | ETA 46.4h | pg=0.0032 | vf=40.2430 | ent=-3.4890 | kl=0.011337 | clip=0.148 | grad=20.196 | lr=0.000240 | 50 MB alloc | last_eval=23.5s
Track generation: 1144..1434 -> 290-tiles track
Track generation: 1172..1469 -> 297-tiles track
Track generation: 1208..1514 -> 306-tiles track
Track generation: 1327..1663 -> 336-tiles track
Track generation: 1149..1444 -> 295-tiles track
retry to generate track (normal if there are not many of this messages)
Track generation: 1221..1530 -> 309-tiles track
Track generation: 1084..1359 -> 275-tiles track
Track generation: 999..1260 -> 261-tiles track
Track generation: 1229..1540 -> 311-tiles track
Track generation: 1219..1528 -> 309-tiles track
Track generation: 1155..1448 -> 293-tiles track
Track generation: 1111..1396 -> 285-tiles track
retry to generate track (normal if there are not many of this messages)
Track generation: 1115..1398 -> 283-tiles track
Track generation: 1111..1393 -> 282-tiles track
Track generation: 1128..1419 -> 291-tiles track
Track generation: 1279..1613 -> 334-tiles track
Track generation: 1201..1515 -> 314-tiles track
Track generation: 957..1200 -> 243-tiles track
Track generation: 1255..1572 -> 317-tiles track
[TorchPPO] 5.1% | 512,000/10,000,000 | 104 steps/s | avg 116 steps/s | 0.01 iters/s | ETA 25.2h | pg=0.0061 | vf=82.4122 | ent=-3.4642 | kl=0.010120 | clip=0.137 | grad=45.325 | lr=0.000237 | 51 MB alloc | last_eval=28.6s
Track generation: 1111..1393 -> 282-tiles track
Track generation: 963..1212 -> 249-tiles track
Track generation: 1299..1628 -> 329-tiles track
Track generation: 1117..1401 -> 284-tiles track
Track generation: 1096..1374 -> 278-tiles track
Track generation: 1165..1461 -> 296-tiles track
Track generation: 1165..1460 -> 295-tiles track
Track generation: 1220..1529 -> 309-tiles track
Track generation: 923..1163 -> 240-tiles track
Track generation: 1220..1529 -> 309-tiles track
Track generation: 1082..1357 -> 275-tiles track
Track generation: 1188..1489 -> 301-tiles track
Track generation: 1323..1658 -> 335-tiles track
Track generation: 1121..1405 -> 284-tiles track
[TorchPPO] 4.0% | 634,880/16,000,000 | 117 steps/s | avg 116 steps/s | 0.01 iters/s | ETA 36.3h | pg=0.0056 | vf=53.8979 | ent=-3.4915 | kl=0.008774 | clip=0.115 | grad=36.421 | lr=0.000240 | 51 MB alloc | last_eval=23.5s
Track generation: 1304..1634 -> 330-tiles track
Track generation: 1025..1290 -> 265-tiles track
Track generation: 1097..1385 -> 288-tiles track
Track generation: 1221..1538 -> 317-tiles track
Track generation: 1217..1534 -> 317-tiles track
Track generation: 1215..1523 -> 308-tiles track
Track generation: 1024..1294 -> 270-tiles track
Track generation: 1212..1519 -> 307-tiles track
Track generation: 1053..1329 -> 276-tiles track
Track generation: 1112..1396 -> 284-tiles track
Track generation: 1408..1764 -> 356-tiles track
Track generation: 1103..1383 -> 280-tiles track
Track generation: 1126..1411 -> 285-tiles track
Track generation: 1146..1444 -> 298-tiles track
Track generation: 1177..1475 -> 298-tiles track
Track generation: 1087..1363 -> 276-tiles track
Track generation: 1206..1512 -> 306-tiles track
Track generation: 1215..1523 -> 308-tiles track
Track generation: 1024..1289 -> 265-tiles track
Track generation: 1165..1460 -> 295-tiles track
[TorchPPO] 5.2% | 522,240/10,000,000 | 104 steps/s | avg 116 steps/s | 0.01 iters/s | ETA 25.4h | pg=0.0067 | vf=95.0350 | ent=-3.4650 | kl=0.015871 | clip=0.208 | grad=33.044 | lr=0.000237 | 50 MB alloc | last_eval=28.6s
Track generation: 1187..1493 -> 306-tiles track
Track generation: 1121..1405 -> 284-tiles track
Track generation: 1144..1434 -> 290-tiles track
Track generation: 1164..1459 -> 295-tiles track
Track generation: 1075..1348 -> 273-tiles track
Track generation: 1164..1459 -> 295-tiles track
Track generation: 1116..1399 -> 283-tiles track
Track generation: 1228..1539 -> 311-tiles track
Track generation: 1026..1295 -> 269-tiles track
Track generation: 1015..1280 -> 265-tiles track
Track generation: 1000..1260 -> 260-tiles track
Track generation: 1248..1564 -> 316-tiles track
Track generation: 1271..1593 -> 322-tiles track
Track generation: 1180..1479 -> 299-tiles track
Track generation: 1155..1448 -> 293-tiles track
Track generation: 984..1234 -> 250-tiles track
[TorchPPO] 4.0% | 645,120/16,000,000 | 122 steps/s | avg 116 steps/s | 0.01 iters/s | ETA 35.0h | pg=0.0003 | vf=59.2934 | ent=-3.4937 | kl=0.004605 | clip=0.053 | grad=22.630 | lr=0.000240 | 50 MB alloc | last_eval=23.5s
Track generation: 1097..1378 -> 281-tiles track
retry to generate track (normal if there are not many of this messages)
Track generation: 1184..1484 -> 300-tiles track
Track generation: 1074..1355 -> 281-tiles track
Track generation: 1204..1509 -> 305-tiles track
Track generation: 1122..1412 -> 290-tiles track
Track generation: 1161..1461 -> 300-tiles track
Track generation: 1180..1479 -> 299-tiles track
Track generation: 1003..1263 -> 260-tiles track
Track generation: 1107..1388 -> 281-tiles track
Track generation: 1237..1550 -> 313-tiles track
Track generation: 1036..1307 -> 271-tiles track
Track generation: 1171..1468 -> 297-tiles track
Track generation: 1239..1553 -> 314-tiles track
Track generation: 1195..1498 -> 303-tiles track
Track generation: 1127..1420 -> 293-tiles track
Track generation: 1071..1343 -> 272-tiles track
Track generation: 985..1239 -> 254-tiles track
retry to generate track (normal if there are not many of this messages)
Track generation: 1417..1776 -> 359-tiles track
[TorchPPO] 5.3% | 532,480/10,000,000 | 107 steps/s | avg 116 steps/s | 0.01 iters/s | ETA 24.7h | pg=0.0157 | vf=89.0891 | ent=-3.4661 | kl=0.026100 | clip=0.285 | grad=40.219 | lr=0.000237 | 50 MB alloc | last_eval=28.6s
Track generation: 1047..1313 -> 266-tiles track
Track generation: 1259..1578 -> 319-tiles track
Track generation: 1162..1459 -> 297-tiles track
retry to generate track (normal if there are not many of this messages)
Track generation: 1026..1293 -> 267-tiles track
Track generation: 1087..1372 -> 285-tiles track
Track generation: 1320..1654 -> 334-tiles track
Track generation: 1203..1508 -> 305-tiles track
Track generation: 988..1244 -> 256-tiles track
Track generation: 1268..1589 -> 321-tiles track
Track generation: 1033..1297 -> 264-tiles track
retry to generate track (normal if there are not many of this messages)
Track generation: 1111..1393 -> 282-tiles track
Track generation: 1012..1269 -> 257-tiles track
Track generation: 1118..1409 -> 291-tiles track
Track generation: 1072..1347 -> 275-tiles track
retry to generate track (normal if there are not many of this messages)
Track generation: 1081..1357 -> 276-tiles track
retry to generate track (normal if there are not many of this messages)
Track generation: 1271..1593 -> 322-tiles track
Track generation: 1184..1484 -> 300-tiles track
Track generation: 993..1245 -> 252-tiles track
Track generation: 1044..1309 -> 265-tiles track
[TorchPPO] 4.1% | 655,360/16,000,000 | 122 steps/s | avg 116 steps/s | 0.01 iters/s | ETA 35.0h | pg=0.0040 | vf=46.3755 | ent=-3.4954 | kl=0.009574 | clip=0.116 | grad=19.378 | lr=0.000240 | 50 MB alloc | last_eval=23.5s
Track generation: 1131..1418 -> 287-tiles track
Track generation: 1136..1424 -> 288-tiles track
Track generation: 1184..1488 -> 304-tiles track
Track generation: 1022..1282 -> 260-tiles track
Track generation: 1079..1353 -> 274-tiles track
Track generation: 1161..1455 -> 294-tiles track
Track generation: 1180..1479 -> 299-tiles track
Track generation: 1052..1322 -> 270-tiles track
Track generation: 1131..1418 -> 287-tiles track
Track generation: 1200..1512 -> 312-tiles track
Track generation: 1228..1539 -> 311-tiles track
Track generation: 1139..1428 -> 289-tiles track
Track generation: 1104..1384 -> 280-tiles track
Track generation: 1060..1332 -> 272-tiles track
retry to generate track (normal if there are not many of this messages)
Track generation: 1335..1673 -> 338-tiles track
Track generation: 1097..1383 -> 286-tiles track
Track generation: 1231..1552 -> 321-tiles track
Track generation: 1229..1540 -> 311-tiles track
Track generation: 1179..1478 -> 299-tiles track
[TorchPPO] 5.4% | 542,720/10,000,000 | 106 steps/s | avg 115 steps/s | 0.01 iters/s | ETA 24.7h | pg=0.0113 | vf=75.9239 | ent=-3.4677 | kl=0.020621 | clip=0.249 | grad=54.446 | lr=0.000237 | 51 MB alloc | last_eval=28.6s
Track generation: 1223..1533 -> 310-tiles track
Track generation: 1280..1608 -> 328-tiles track
retry to generate track (normal if there are not many of this messages)
Track generation: 996..1249 -> 253-tiles track
Track generation: 1111..1398 -> 287-tiles track
Track generation: 1100..1379 -> 279-tiles track
Track generation: 1070..1347 -> 277-tiles track
Track generation: 1203..1508 -> 305-tiles track
Track generation: 1288..1614 -> 326-tiles track
Track generation: 1040..1308 -> 268-tiles track
retry to generate track (normal if there are not many of this messages)
Track generation: 1006..1264 -> 258-tiles track
retry to generate track (normal if there are not many of this messages)
Track generation: 1148..1444 -> 296-tiles track
Track generation: 1080..1359 -> 279-tiles track
Track generation: 1130..1416 -> 286-tiles track
Track generation: 1024..1287 -> 263-tiles track
Track generation: 1153..1445 -> 292-tiles track
Track generation: 1072..1344 -> 272-tiles track
Track generation: 1113..1395 -> 282-tiles track
Track generation: 1186..1496 -> 310-tiles track
[TorchPPO] 4.2% | 665,600/16,000,000 | 123 steps/s | avg 116 steps/s | 0.01 iters/s | ETA 34.6h | pg=0.0072 | vf=54.6419 | ent=-3.4975 | kl=0.012413 | clip=0.158 | grad=49.629 | lr=0.000240 | 51 MB alloc | last_eval=23.5s
Track generation: 1212..1519 -> 307-tiles track
Track generation: 1213..1520 -> 307-tiles track
Track generation: 1065..1335 -> 270-tiles track
Track generation: 1097..1375 -> 278-tiles track
Track generation: 1132..1419 -> 287-tiles track
Track generation: 1033..1302 -> 269-tiles track
Track generation: 1096..1379 -> 283-tiles track
Track generation: 1136..1424 -> 288-tiles track
Track generation: 1141..1430 -> 289-tiles track
Track generation: 1050..1316 -> 266-tiles track
Track generation: 1263..1583 -> 320-tiles track
Track generation: 1139..1436 -> 297-tiles track
Track generation: 1200..1504 -> 304-tiles track
Track generation: 1060..1331 -> 271-tiles track
retry to generate track (normal if there are not many of this messages)
Track generation: 1094..1371 -> 277-tiles track
[TorchPPO] 5.5% | 552,960/10,000,000 | 107 steps/s | avg 115 steps/s | 0.01 iters/s | ETA 24.5h | pg=-0.0006 | vf=83.3929 | ent=-3.4693 | kl=0.005923 | clip=0.070 | grad=29.227 | lr=0.000236 | 50 MB alloc | last_eval=28.6s
Track generation: 1091..1368 -> 277-tiles track
Track generation: 1050..1317 -> 267-tiles track
Track generation: 1092..1377 -> 285-tiles track
Track generation: 1066..1346 -> 280-tiles track
Track generation: 1248..1564 -> 316-tiles track
Track generation: 1150..1442 -> 292-tiles track
Track generation: 1168..1469 -> 301-tiles track
Track generation: 1115..1398 -> 283-tiles track
Track generation: 1205..1511 -> 306-tiles track
Track generation: 1117..1407 -> 290-tiles track
Track generation: 1191..1493 -> 302-tiles track
Track generation: 1057..1328 -> 271-tiles track
retry to generate track (normal if there are not many of this messages)
Track generation: 1168..1468 -> 300-tiles track
retry to generate track (normal if there are not many of this messages)
Track generation: 1126..1412 -> 286-tiles track
Track generation: 1086..1361 -> 275-tiles track
Track generation: 1044..1316 -> 272-tiles track
Track generation: 1100..1379 -> 279-tiles track
Track generation: 1150..1446 -> 296-tiles track
retry to generate track (normal if there are not many of this messages)
Track generation: 1284..1609 -> 325-tiles track
Track generation: 1192..1494 -> 302-tiles track
Track generation: 1127..1413 -> 286-tiles track
Track generation: 1168..1464 -> 296-tiles track
Track generation: 1022..1285 -> 263-tiles track
retry to generate track (normal if there are not many of this messages)
Track generation: 1076..1349 -> 273-tiles track
Track generation: 1156..1449 -> 293-tiles track
Track generation: 1183..1483 -> 300-tiles track
Track generation: 1161..1455 -> 294-tiles track
[TorchPPO] 4.2% | 675,840/16,000,000 | 121 steps/s | avg 116 steps/s | 0.01 iters/s | ETA 35.2h | pg=0.0034 | vf=42.3284 | ent=-3.4998 | kl=0.006374 | clip=0.075 | grad=18.384 | lr=0.000240 | 50 MB alloc | last_eval=23.5s
Track generation: 1139..1428 -> 289-tiles track
Track generation: 1065..1343 -> 278-tiles track
Track generation: 1092..1374 -> 282-tiles track
Track generation: 1181..1481 -> 300-tiles track
Track generation: 1180..1479 -> 299-tiles track
Track generation: 1140..1429 -> 289-tiles track
Track generation: 1217..1526 -> 309-tiles track
Track generation: 1230..1552 -> 322-tiles track
Track generation: 1032..1294 -> 262-tiles track
Track generation: 1374..1721 -> 347-tiles track
Track generation: 1043..1308 -> 265-tiles track
Track generation: 1128..1419 -> 291-tiles track
Track generation: 1264..1584 -> 320-tiles track
Track generation: 1087..1362 -> 275-tiles track
Track generation: 1144..1434 -> 290-tiles track
[TorchPPO] 5.6% | 563,200/10,000,000 | 106 steps/s | avg 115 steps/s | 0.01 iters/s | ETA 24.6h | pg=0.0049 | vf=61.7840 | ent=-3.4709 | kl=0.010529 | clip=0.124 | grad=34.033 | lr=0.000236 | 50 MB alloc | last_eval=28.6s
Track generation: 1156..1456 -> 300-tiles track
Track generation: 1200..1504 -> 304-tiles track
Track generation: 1356..1703 -> 347-tiles track
Track generation: 1206..1512 -> 306-tiles track
Track generation: 1108..1389 -> 281-tiles track
Track generation: 1208..1514 -> 306-tiles track
Track generation: 1060..1334 -> 274-tiles track
Track generation: 1357..1700 -> 343-tiles track
Track generation: 1135..1428 -> 293-tiles track
Track generation: 1156..1449 -> 293-tiles track
Track generation: 900..1137 -> 237-tiles track
Track generation: 1267..1597 -> 330-tiles track
Track generation: 1057..1334 -> 277-tiles track
Track generation: 1205..1510 -> 305-tiles track
Track generation: 1156..1449 -> 293-tiles track
Track generation: 1112..1394 -> 282-tiles track
Track generation: 1092..1369 -> 277-tiles track
Track generation: 1118..1402 -> 284-tiles track
Track generation: 1132..1419 -> 287-tiles track
Track generation: 1156..1449 -> 293-tiles track
Track generation: 1174..1478 -> 304-tiles track
Track generation: 1167..1463 -> 296-tiles track
[TorchPPO] 4.3% | 686,080/16,000,000 | 120 steps/s | avg 116 steps/s | 0.01 iters/s | ETA 35.4h | pg=0.0004 | vf=39.4647 | ent=-3.5025 | kl=0.008003 | clip=0.109 | grad=15.741 | lr=0.000239 | 50 MB alloc | last_eval=23.5s
Track generation: 1141..1438 -> 297-tiles track
Track generation: 976..1224 -> 248-tiles track
Track generation: 1028..1292 -> 264-tiles track
retry to generate track (normal if there are not many of this messages)
Track generation: 1110..1399 -> 289-tiles track
Track generation: 1203..1507 -> 304-tiles track
Track generation: 1107..1388 -> 281-tiles track
Track generation: 1086..1362 -> 276-tiles track
Track generation: 1374..1722 -> 348-tiles track
Track generation: 1128..1414 -> 286-tiles track
Track generation: 1086..1365 -> 279-tiles track
retry to generate track (normal if there are not many of this messages)
Track generation: 1325..1660 -> 335-tiles track
Track generation: 1176..1474 -> 298-tiles track
Track generation: 1012..1269 -> 257-tiles track
Track generation: 1132..1419 -> 287-tiles track
Track generation: 1151..1443 -> 292-tiles track
Track generation: 1155..1447 -> 292-tiles track
Track generation: 1106..1387 -> 281-tiles track
Track generation: 1210..1516 -> 306-tiles track
Track generation: 1079..1359 -> 280-tiles track
Track generation: 1122..1414 -> 292-tiles track
[TorchPPO] 4.4% | 696,320/16,000,000 | 120 steps/s | avg 116 steps/s | 0.01 iters/s | ETA 35.3h | pg=0.0002 | vf=37.1630 | ent=-3.5058 | kl=0.008908 | clip=0.124 | grad=23.469 | lr=0.000239 | 51 MB alloc | last_eval=23.5s
Track generation: 1140..1429 -> 289-tiles track
Track generation: 1250..1568 -> 318-tiles track
Track generation: 1075..1348 -> 273-tiles track
Track generation: 1082..1356 -> 274-tiles track
Track generation: 1203..1508 -> 305-tiles track
Track generation: 1107..1388 -> 281-tiles track
Track generation: 1160..1454 -> 294-tiles track
Track generation: 1103..1393 -> 290-tiles track
Track generation: 1448..1814 -> 366-tiles track
Track generation: 1223..1533 -> 310-tiles track
Track generation: 1123..1408 -> 285-tiles track
Track generation: 1127..1413 -> 286-tiles track
Track generation: 959..1210 -> 251-tiles track
Track generation: 1227..1538 -> 311-tiles track
Track generation: 1067..1347 -> 280-tiles track
Track generation: 1032..1302 -> 270-tiles track
Track generation: 1090..1366 -> 276-tiles track
Track generation: 1175..1473 -> 298-tiles track
Track generation: 1204..1509 -> 305-tiles track
Track generation: 1144..1434 -> 290-tiles track
Track generation: 1288..1614 -> 326-tiles track
Track generation: 1115..1403 -> 288-tiles track
[TorchPPO] 5.7% | 573,440/10,000,000 | 106 steps/s | avg 115 steps/s | 0.01 iters/s | ETA 24.7h | pg=0.0054 | vf=78.6482 | ent=-3.4725 | kl=0.010331 | clip=0.132 | grad=33.304 | lr=0.000236 | 51 MB alloc | last_eval=28.6s
Track generation: 1104..1385 -> 281-tiles track
retry to generate track (normal if there are not many of this messages)
Track generation: 995..1248 -> 253-tiles track
Track generation: 1212..1519 -> 307-tiles track
Track generation: 1147..1438 -> 291-tiles track
Track generation: 1322..1661 -> 339-tiles track
Track generation: 1103..1383 -> 280-tiles track
Track generation: 1189..1490 -> 301-tiles track
Track generation: 1312..1654 -> 342-tiles track
Track generation: 1119..1403 -> 284-tiles track
Track generation: 1260..1579 -> 319-tiles track
Track generation: 1132..1419 -> 287-tiles track
Track generation: 1116..1401 -> 285-tiles track
retry to generate track (normal if there are not many of this messages)
Track generation: 1197..1511 -> 314-tiles track
Track generation: 1142..1432 -> 290-tiles track
Track generation: 1177..1481 -> 304-tiles track
Track generation: 1080..1352 -> 272-tiles track
[TorchPPO] 4.4% | 706,560/16,000,000 | 121 steps/s | avg 116 steps/s | 0.01 iters/s | ETA 35.2h | pg=0.0148 | vf=36.3278 | ent=-3.5088 | kl=0.025082 | clip=0.272 | grad=32.715 | lr=0.000239 | 50 MB alloc | last_eval=23.5s
Track generation: 1175..1473 -> 298-tiles track
Track generation: 1204..1509 -> 305-tiles track
Track generation: 1048..1321 -> 273-tiles track
Track generation: 1135..1423 -> 288-tiles track
Track generation: 1224..1534 -> 310-tiles track
Track generation: 1238..1551 -> 313-tiles track
Track generation: 1000..1263 -> 263-tiles track
Track generation: 1113..1395 -> 282-tiles track
Track generation: 1216..1531 -> 315-tiles track
Track generation: 1264..1584 -> 320-tiles track
Track generation: 1120..1404 -> 284-tiles track
Track generation: 1052..1323 -> 271-tiles track
retry to generate track (normal if there are not many of this messages)
Track generation: 1135..1423 -> 288-tiles track
Track generation: 1123..1408 -> 285-tiles track
Track generation: 1191..1493 -> 302-tiles track
Track generation: 1194..1497 -> 303-tiles track
Track generation: 1139..1431 -> 292-tiles track
retry to generate track (normal if there are not many of this messages)
Track generation: 1068..1345 -> 277-tiles track
retry to generate track (normal if there are not many of this messages)
Track generation: 1253..1577 -> 324-tiles track
Track generation: 1011..1268 -> 257-tiles track
Track generation: 1104..1384 -> 280-tiles track
Track generation: 1118..1402 -> 284-tiles track
Track generation: 977..1228 -> 251-tiles track
retry to generate track (normal if there are not many of this messages)
Track generation: 1228..1545 -> 317-tiles track
Track generation: 1351..1693 -> 342-tiles track
Track generation: 1166..1461 -> 295-tiles track
[TorchPPO] 5.8% | 583,680/10,000,000 | 106 steps/s | avg 115 steps/s | 0.01 iters/s | ETA 24.7h | pg=0.0051 | vf=38.6191 | ent=-3.4740 | kl=0.008518 | clip=0.103 | grad=23.355 | lr=0.000236 | 50 MB alloc | last_eval=28.6s
Track generation: 1298..1626 -> 328-tiles track
Track generation: 1087..1372 -> 285-tiles track
Track generation: 1124..1409 -> 285-tiles track
Track generation: 1067..1339 -> 272-tiles track
Track generation: 1235..1548 -> 313-tiles track
Track generation: 1329..1665 -> 336-tiles track
Track generation: 1187..1488 -> 301-tiles track
Track generation: 1388..1739 -> 351-tiles track
Track generation: 1253..1571 -> 318-tiles track
Track generation: 1219..1528 -> 309-tiles track
Track generation: 1196..1499 -> 303-tiles track
Track generation: 1032..1295 -> 263-tiles track
Track generation: 1350..1692 -> 342-tiles track
Track generation: 1100..1385 -> 285-tiles track
Track generation: 1144..1434 -> 290-tiles track
Track generation: 1172..1469 -> 297-tiles track
[TorchPPO] 4.5% | 716,800/16,000,000 | 119 steps/s | avg 116 steps/s | 0.01 iters/s | ETA 35.7h | pg=0.0068 | vf=66.3440 | ent=-3.5112 | kl=0.015280 | clip=0.182 | grad=55.685 | lr=0.000239 | 50 MB alloc | last_eval=23.5s
Track generation: 1241..1555 -> 314-tiles track
Track generation: 1099..1386 -> 287-tiles track
Track generation: 1116..1399 -> 283-tiles track
Track generation: 1106..1393 -> 287-tiles track
Track generation: 1117..1400 -> 283-tiles track
Track generation: 1297..1625 -> 328-tiles track
Track generation: 1094..1382 -> 288-tiles track
retry to generate track (normal if there are not many of this messages)
Track generation: 1203..1508 -> 305-tiles track
Track generation: 1157..1450 -> 293-tiles track
Track generation: 1063..1333 -> 270-tiles track
Track generation: 1115..1405 -> 290-tiles track
Track generation: 1183..1483 -> 300-tiles track
Track generation: 1071..1343 -> 272-tiles track
Track generation: 1127..1413 -> 286-tiles track
Track generation: 1094..1372 -> 278-tiles track
Track generation: 1123..1408 -> 285-tiles track
Track generation: 1131..1418 -> 287-tiles track
Track generation: 1329..1674 -> 345-tiles track
Track generation: 1240..1554 -> 314-tiles track
[TorchPPO] 5.9% | 593,920/10,000,000 | 106 steps/s | avg 115 steps/s | 0.01 iters/s | ETA 24.7h | pg=0.0088 | vf=26.0406 | ent=-3.4758 | kl=0.016517 | clip=0.214 | grad=35.046 | lr=0.000235 | 50 MB alloc | last_eval=28.6s
Track generation: 1160..1454 -> 294-tiles track
Track generation: 1097..1384 -> 287-tiles track
Track generation: 1316..1655 -> 339-tiles track
Track generation: 1307..1638 -> 331-tiles track
Track generation: 1075..1348 -> 273-tiles track
Track generation: 1088..1369 -> 281-tiles track
Track generation: 1172..1469 -> 297-tiles track
Track generation: 1104..1384 -> 280-tiles track
Track generation: 1161..1456 -> 295-tiles track
Track generation: 1132..1419 -> 287-tiles track
Track generation: 1106..1387 -> 281-tiles track
Track generation: 1224..1534 -> 310-tiles track
Track generation: 1179..1478 -> 299-tiles track
Track generation: 1183..1483 -> 300-tiles track
Track generation: 1099..1378 -> 279-tiles track
Track generation: 1238..1552 -> 314-tiles track
Track generation: 992..1249 -> 257-tiles track
Track generation: 1127..1413 -> 286-tiles track
[TorchPPO] 4.5% | 727,040/16,000,000 | 121 steps/s | avg 116 steps/s | 0.01 iters/s | ETA 35.0h | pg=0.0009 | vf=65.9905 | ent=-3.5132 | kl=0.005583 | clip=0.069 | grad=21.467 | lr=0.000239 | 51 MB alloc | last_eval=23.5s
Track generation: 1004..1259 -> 255-tiles track
Track generation: 958..1210 -> 252-tiles track
Track generation: 973..1226 -> 253-tiles track
Track generation: 1194..1496 -> 302-tiles track
Track generation: 1115..1404 -> 289-tiles track
Track generation: 1200..1504 -> 304-tiles track
Track generation: 1264..1584 -> 320-tiles track
Track generation: 1077..1351 -> 274-tiles track
Track generation: 1083..1358 -> 275-tiles track
Track generation: 1108..1389 -> 281-tiles track
Track generation: 1115..1398 -> 283-tiles track
Track generation: 1257..1576 -> 319-tiles track
[TorchPPO] 6.0% | 604,160/10,000,000 | 110 steps/s | avg 114 steps/s | 0.01 iters/s | ETA 23.6h | pg=0.0025 | vf=42.4192 | ent=-3.4782 | kl=0.008281 | clip=0.103 | grad=25.936 | lr=0.000235 | 51 MB alloc | last_eval=28.6s
Track generation: 1139..1428 -> 289-tiles track
Track generation: 1163..1458 -> 295-tiles track
Track generation: 1211..1518 -> 307-tiles track
Track generation: 1223..1533 -> 310-tiles track
Track generation: 1260..1579 -> 319-tiles track
Track generation: 1140..1428 -> 288-tiles track
Track generation: 1139..1428 -> 289-tiles track
Track generation: 1263..1583 -> 320-tiles track
Track generation: 1016..1281 -> 265-tiles track
Track generation: 1024..1292 -> 268-tiles track
Track generation: 1266..1586 -> 320-tiles track
[TorchPPO] 4.6% | 737,280/16,000,000 | 122 steps/s | avg 116 steps/s | 0.01 iters/s | ETA 34.8h | pg=0.0118 | vf=47.9252 | ent=-3.5151 | kl=0.013970 | clip=0.155 | grad=19.513 | lr=0.000239 | 50 MB alloc | last_eval=23.5s
Track generation: 1177..1475 -> 298-tiles track
Track generation: 1111..1393 -> 282-tiles track
Track generation: 963..1212 -> 249-tiles track
Track generation: 1299..1628 -> 329-tiles track
Track generation: 1117..1401 -> 284-tiles track
Track generation: 1096..1374 -> 278-tiles track
Track generation: 1165..1461 -> 296-tiles track
Track generation: 1165..1460 -> 295-tiles track
Track generation: 1220..1529 -> 309-tiles track
Track generation: 923..1163 -> 240-tiles track
Track generation: 1220..1529 -> 309-tiles track
Track generation: 1082..1357 -> 275-tiles track
Track generation: 1188..1489 -> 301-tiles track
Track generation: 1323..1658 -> 335-tiles track
[TorchPPO] 6.1% | 614,400/10,000,000 | 108 steps/s | avg 114 steps/s | 0.01 iters/s | ETA 24.1h | pg=0.0029 | vf=46.4160 | ent=-3.4807 | kl=0.009531 | clip=0.107 | grad=37.675 | lr=0.000235 | 50 MB alloc | last_eval=28.6s
[TorchPPO] Checkpoint saved: /workspace/Racing_Gym_RL/artifacts/prime_marl_10car_16m/models/torch_ppo_step_614400.pt
[TorchPPO Eval] step=614,400 | mean_reward=-1.67 +/- 0.00 | progress=2.60% | offtrack_rate=100.00% | contact_rate=0.00% | hook_rate=0.00% | contact_term_rate=0.00% | steer_var=0.20040 | mean_speed=20.63 | throttle=0.97 | brake=0.00 | stage=1 | eval_time=29.7s
Track generation: 1091..1368 -> 277-tiles track
Track generation: 1035..1298 -> 263-tiles track
Track generation: 1113..1393 -> 280-tiles track
retry to generate track (normal if there are not many of this messages)
Track generation: 923..1163 -> 240-tiles track
Track generation: 1058..1336 -> 278-tiles track
Track generation: 1284..1609 -> 325-tiles track
Track generation: 1107..1388 -> 281-tiles track
Track generation: 1111..1393 -> 282-tiles track
Track generation: 1339..1678 -> 339-tiles track
Track generation: 1193..1502 -> 309-tiles track
Track generation: 1088..1364 -> 276-tiles track
Track generation: 1161..1455 -> 294-tiles track
Track generation: 1068..1339 -> 271-tiles track
Track generation: 1186..1487 -> 301-tiles track
Track generation: 1255..1573 -> 318-tiles track
Track generation: 969..1222 -> 253-tiles track
Track generation: 1237..1550 -> 313-tiles track
Track generation: 1099..1378 -> 279-tiles track
Track generation: 1219..1528 -> 309-tiles track
[TorchPPO] 4.7% | 747,520/16,000,000 | 120 steps/s | avg 116 steps/s | 0.01 iters/s | ETA 35.3h | pg=0.0059 | vf=100.0563 | ent=-3.5170 | kl=0.011536 | clip=0.130 | grad=36.190 | lr=0.000238 | 50 MB alloc | last_eval=23.5s
Track generation: 1024..1284 -> 260-tiles track
Track generation: 1280..1604 -> 324-tiles track
Track generation: 1087..1363 -> 276-tiles track
Track generation: 1278..1601 -> 323-tiles track
Track generation: 1214..1520 -> 306-tiles track
Track generation: 1205..1510 -> 305-tiles track
Track generation: 1204..1509 -> 305-tiles track
Track generation: 1133..1423 -> 290-tiles track
retry to generate track (normal if there are not many of this messages)
Track generation: 1033..1295 -> 262-tiles track
Track generation: 1232..1544 -> 312-tiles track
Track generation: 1148..1447 -> 299-tiles track
Track generation: 1021..1284 -> 263-tiles track
retry to generate track (normal if there are not many of this messages)
Track generation: 1288..1614 -> 326-tiles track
Track generation: 1055..1323 -> 268-tiles track
Track generation: 1203..1508 -> 305-tiles track
Track generation: 1379..1746 -> 367-tiles track
Track generation: 1231..1543 -> 312-tiles track
Track generation: 1360..1704 -> 344-tiles track
Track generation: 1047..1313 -> 266-tiles track
Track generation: 926..1167 -> 241-tiles track
Track generation: 1200..1504 -> 304-tiles track
[TorchPPO] 4.7% | 757,760/16,000,000 | 121 steps/s | avg 117 steps/s | 0.01 iters/s | ETA 34.9h | pg=0.0036 | vf=55.7702 | ent=-3.5186 | kl=0.007712 | clip=0.097 | grad=32.144 | lr=0.000238 | 51 MB alloc | last_eval=23.5s
Track generation: 1121..1405 -> 284-tiles track
Track generation: 1187..1493 -> 306-tiles track
Track generation: 1121..1405 -> 284-tiles track
Track generation: 1144..1434 -> 290-tiles track
Track generation: 1164..1459 -> 295-tiles track
Track generation: 1075..1348 -> 273-tiles track
Track generation: 1164..1459 -> 295-tiles track
Track generation: 1116..1399 -> 283-tiles track
Track generation: 1228..1539 -> 311-tiles track
Track generation: 1026..1295 -> 269-tiles track
Track generation: 1015..1280 -> 265-tiles track
Track generation: 1000..1260 -> 260-tiles track
Track generation: 1248..1564 -> 316-tiles track
Track generation: 1271..1593 -> 322-tiles track
Track generation: 1180..1479 -> 299-tiles track
Track generation: 1155..1448 -> 293-tiles track
Track generation: 984..1234 -> 250-tiles track
Track generation: 1047..1313 -> 266-tiles track
Track generation: 1259..1578 -> 319-tiles track
Track generation: 1162..1459 -> 297-tiles track
retry to generate track (normal if there are not many of this messages)
Track generation: 1026..1293 -> 267-tiles track
[TorchPPO] 6.2% | 624,640/10,000,000 | 82 steps/s | avg 114 steps/s | 0.01 iters/s | ETA 31.7h | pg=0.0022 | vf=45.9804 | ent=-3.4826 | kl=0.008476 | clip=0.108 | grad=24.978 | lr=0.000235 | 50 MB alloc | last_eval=29.7s
Track generation: 1161..1461 -> 300-tiles track
Track generation: 1224..1534 -> 310-tiles track
Track generation: 1124..1409 -> 285-tiles track
Track generation: 1104..1391 -> 287-tiles track
Track generation: 1157..1450 -> 293-tiles track
Track generation: 1075..1348 -> 273-tiles track
Track generation: 1220..1529 -> 309-tiles track
Track generation: 1049..1315 -> 266-tiles track
Track generation: 1147..1438 -> 291-tiles track
Track generation: 1025..1291 -> 266-tiles track
Track generation: 1156..1449 -> 293-tiles track
Track generation: 1134..1422 -> 288-tiles track
Track generation: 1153..1445 -> 292-tiles track
Track generation: 1252..1569 -> 317-tiles track
Track generation: 1204..1509 -> 305-tiles track
Track generation: 1291..1617 -> 326-tiles track
Track generation: 1088..1364 -> 276-tiles track
[TorchPPO] 4.8% | 768,000/16,000,000 | 122 steps/s | avg 117 steps/s | 0.01 iters/s | ETA 34.6h | pg=0.0027 | vf=50.6966 | ent=-3.5207 | kl=0.007274 | clip=0.082 | grad=21.098 | lr=0.000238 | 50 MB alloc | last_eval=23.5s
Track generation: 1087..1372 -> 285-tiles track
Track generation: 1320..1654 -> 334-tiles track
Track generation: 1203..1508 -> 305-tiles track
Track generation: 988..1244 -> 256-tiles track
Track generation: 1268..1589 -> 321-tiles track
Track generation: 1033..1297 -> 264-tiles track
retry to generate track (normal if there are not many of this messages)
Track generation: 1111..1393 -> 282-tiles track
Track generation: 1012..1269 -> 257-tiles track
Track generation: 1118..1409 -> 291-tiles track
Track generation: 1072..1347 -> 275-tiles track
retry to generate track (normal if there are not many of this messages)
Track generation: 1081..1357 -> 276-tiles track
retry to generate track (normal if there are not many of this messages)
Track generation: 1271..1593 -> 322-tiles track
Track generation: 1184..1484 -> 300-tiles track
Track generation: 993..1245 -> 252-tiles track
Track generation: 1044..1309 -> 265-tiles track
Track generation: 1223..1533 -> 310-tiles track
Track generation: 1280..1608 -> 328-tiles track
retry to generate track (normal if there are not many of this messages)
Track generation: 996..1249 -> 253-tiles track
Track generation: 1111..1398 -> 287-tiles track
Track generation: 1100..1379 -> 279-tiles track
[TorchPPO] 6.3% | 634,880/10,000,000 | 108 steps/s | avg 114 steps/s | 0.01 iters/s | ETA 24.0h | pg=0.0012 | vf=29.2952 | ent=-3.4849 | kl=0.007330 | clip=0.097 | grad=12.985 | lr=0.000234 | 51 MB alloc | last_eval=29.7s
Track generation: 1320..1654 -> 334-tiles track
Track generation: 1067..1338 -> 271-tiles track
Track generation: 1133..1420 -> 287-tiles track
Track generation: 1073..1345 -> 272-tiles track
Track generation: 1145..1435 -> 290-tiles track
Track generation: 1066..1336 -> 270-tiles track
Track generation: 1177..1475 -> 298-tiles track
Track generation: 1131..1418 -> 287-tiles track
Track generation: 1062..1339 -> 277-tiles track
Track generation: 1314..1646 -> 332-tiles track
Track generation: 1162..1460 -> 298-tiles track
retry to generate track (normal if there are not many of this messages)
Track generation: 1103..1383 -> 280-tiles track
Track generation: 1135..1423 -> 288-tiles track
Track generation: 1082..1356 -> 274-tiles track
Track generation: 1204..1509 -> 305-tiles track
Track generation: 1232..1544 -> 312-tiles track
[TorchPPO] 4.9% | 778,240/16,000,000 | 121 steps/s | avg 117 steps/s | 0.01 iters/s | ETA 35.0h | pg=0.0043 | vf=41.7982 | ent=-3.5234 | kl=0.006635 | clip=0.081 | grad=42.661 | lr=0.000238 | 50 MB alloc | last_eval=23.5s
Track generation: 1070..1347 -> 277-tiles track
Track generation: 1203..1508 -> 305-tiles track
Track generation: 1288..1614 -> 326-tiles track
Track generation: 1040..1308 -> 268-tiles track
retry to generate track (normal if there are not many of this messages)
Track generation: 1006..1264 -> 258-tiles track
retry to generate track (normal if there are not many of this messages)
Track generation: 1148..1444 -> 296-tiles track
Track generation: 1080..1359 -> 279-tiles track
Track generation: 1130..1416 -> 286-tiles track
Track generation: 1024..1287 -> 263-tiles track
Track generation: 1153..1445 -> 292-tiles track
Track generation: 1072..1344 -> 272-tiles track
Track generation: 1113..1395 -> 282-tiles track
Track generation: 1186..1496 -> 310-tiles track
Track generation: 1091..1368 -> 277-tiles track
Track generation: 1050..1317 -> 267-tiles track
Track generation: 1092..1377 -> 285-tiles track
Track generation: 1066..1346 -> 280-tiles track
Track generation: 1248..1564 -> 316-tiles track
[TorchPPO] 6.5% | 645,120/10,000,000 | 107 steps/s | avg 113 steps/s | 0.01 iters/s | ETA 24.2h | pg=0.0037 | vf=34.9411 | ent=-3.4870 | kl=0.009915 | clip=0.124 | grad=26.891 | lr=0.000234 | 50 MB alloc | last_eval=29.7s
Track generation: 1003..1265 -> 262-tiles track
Track generation: 974..1231 -> 257-tiles track
Track generation: 1104..1384 -> 280-tiles track
Track generation: 1317..1650 -> 333-tiles track
Track generation: 1211..1518 -> 307-tiles track
Track generation: 1115..1404 -> 289-tiles track
Track generation: 1207..1513 -> 306-tiles track
Track generation: 1128..1414 -> 286-tiles track
Track generation: 1240..1554 -> 314-tiles track
Track generation: 1133..1428 -> 295-tiles track
Track generation: 1003..1260 -> 257-tiles track
retry to generate track (normal if there are not many of this messages)
Track generation: 1331..1668 -> 337-tiles track
Track generation: 1024..1284 -> 260-tiles track
Track generation: 1096..1374 -> 278-tiles track
[TorchPPO] 4.9% | 788,480/16,000,000 | 120 steps/s | avg 117 steps/s | 0.01 iters/s | ETA 35.3h | pg=0.0082 | vf=46.2543 | ent=-3.5255 | kl=0.016464 | clip=0.214 | grad=27.334 | lr=0.000238 | 51 MB alloc | last_eval=23.5s
Track generation: 1150..1442 -> 292-tiles track
Track generation: 1168..1469 -> 301-tiles track
Track generation: 1115..1398 -> 283-tiles track
Track generation: 1205..1511 -> 306-tiles track
Track generation: 1117..1407 -> 290-tiles track
Track generation: 1191..1493 -> 302-tiles track
Track generation: 1057..1328 -> 271-tiles track
retry to generate track (normal if there are not many of this messages)
Track generation: 1168..1468 -> 300-tiles track
retry to generate track (normal if there are not many of this messages)
Track generation: 1126..1412 -> 286-tiles track
Track generation: 1086..1361 -> 275-tiles track
Track generation: 1044..1316 -> 272-tiles track
Track generation: 1100..1379 -> 279-tiles track
Track generation: 1150..1446 -> 296-tiles track
retry to generate track (normal if there are not many of this messages)
Track generation: 1284..1609 -> 325-tiles track
Track generation: 1192..1494 -> 302-tiles track
Track generation: 1127..1413 -> 286-tiles track
[TorchPPO] 6.6% | 655,360/10,000,000 | 107 steps/s | avg 113 steps/s | 0.01 iters/s | ETA 24.2h | pg=0.0014 | vf=29.0536 | ent=-3.4894 | kl=0.007167 | clip=0.093 | grad=30.976 | lr=0.000234 | 50 MB alloc | last_eval=29.7s
Track generation: 1224..1534 -> 310-tiles track
Track generation: 1101..1382 -> 281-tiles track
retry to generate track (normal if there are not many of this messages)
Track generation: 1266..1587 -> 321-tiles track
Track generation: 1063..1333 -> 270-tiles track
Track generation: 1061..1337 -> 276-tiles track
Track generation: 1215..1523 -> 308-tiles track
Track generation: 1167..1473 -> 306-tiles track
retry to generate track (normal if there are not many of this messages)
Track generation: 1230..1541 -> 311-tiles track
Track generation: 1248..1568 -> 320-tiles track
Track generation: 1136..1424 -> 288-tiles track
Track generation: 1148..1439 -> 291-tiles track
Track generation: 935..1174 -> 239-tiles track
retry to generate track (normal if there are not many of this messages)
Track generation: 1276..1599 -> 323-tiles track
Track generation: 1082..1360 -> 278-tiles track
retry to generate track (normal if there are not many of this messages)
Track generation: 1024..1284 -> 260-tiles track
Track generation: 1069..1348 -> 279-tiles track
Track generation: 1083..1358 -> 275-tiles track
Track generation: 1074..1350 -> 276-tiles track
retry to generate track (normal if there are not many of this messages)
Track generation: 1083..1359 -> 276-tiles track
Track generation: 1020..1279 -> 259-tiles track
[TorchPPO] 5.0% | 798,720/16,000,000 | 121 steps/s | avg 117 steps/s | 0.01 iters/s | ETA 35.0h | pg=0.0049 | vf=72.1137 | ent=-3.5274 | kl=0.013303 | clip=0.161 | grad=45.639 | lr=0.000238 | 50 MB alloc | last_eval=23.5s
Track generation: 1168..1464 -> 296-tiles track
Track generation: 1022..1285 -> 263-tiles track
retry to generate track (normal if there are not many of this messages)
Track generation: 1076..1349 -> 273-tiles track
Track generation: 1156..1449 -> 293-tiles track
Track generation: 1183..1483 -> 300-tiles track
Track generation: 1161..1455 -> 294-tiles track
Track generation: 1156..1456 -> 300-tiles track
Track generation: 1200..1504 -> 304-tiles track
Track generation: 1356..1703 -> 347-tiles track
Track generation: 1206..1512 -> 306-tiles track
Track generation: 1108..1389 -> 281-tiles track
Track generation: 1208..1514 -> 306-tiles track
Track generation: 1060..1334 -> 274-tiles track
Track generation: 1357..1700 -> 343-tiles track
Track generation: 1135..1428 -> 293-tiles track
Track generation: 1156..1449 -> 293-tiles track
Track generation: 900..1137 -> 237-tiles track
Track generation: 1267..1597 -> 330-tiles track
Track generation: 1057..1334 -> 277-tiles track
[TorchPPO] 6.7% | 665,600/10,000,000 | 109 steps/s | avg 113 steps/s | 0.01 iters/s | ETA 23.7h | pg=0.0019 | vf=68.7078 | ent=-3.4919 | kl=0.005755 | clip=0.072 | grad=57.061 | lr=0.000234 | 51 MB alloc | last_eval=29.7s
Track generation: 1147..1438 -> 291-tiles track
Track generation: 1167..1463 -> 296-tiles track
Track generation: 957..1201 -> 244-tiles track
retry to generate track (normal if there are not many of this messages)
Track generation: 1140..1434 -> 294-tiles track
Track generation: 1238..1560 -> 322-tiles track
Track generation: 1091..1376 -> 285-tiles track
Track generation: 1147..1438 -> 291-tiles track
Track generation: 1149..1440 -> 291-tiles track
Track generation: 1159..1453 -> 294-tiles track
Track generation: 1208..1514 -> 306-tiles track
Track generation: 1310..1648 -> 338-tiles track
Track generation: 1226..1537 -> 311-tiles track
Track generation: 1119..1407 -> 288-tiles track
Track generation: 1124..1409 -> 285-tiles track
Track generation: 990..1245 -> 255-tiles track
retry to generate track (normal if there are not many of this messages)
Track generation: 1308..1639 -> 331-tiles track
Track generation: 1096..1374 -> 278-tiles track
[TorchPPO] 5.1% | 808,960/16,000,000 | 121 steps/s | avg 117 steps/s | 0.01 iters/s | ETA 35.0h | pg=0.0019 | vf=59.8428 | ent=-3.5290 | kl=0.007206 | clip=0.084 | grad=32.153 | lr=0.000238 | 50 MB alloc | last_eval=23.5s
Track generation: 1205..1510 -> 305-tiles track
Track generation: 1156..1449 -> 293-tiles track
Track generation: 1112..1394 -> 282-tiles track
Track generation: 1092..1369 -> 277-tiles track
Track generation: 1118..1402 -> 284-tiles track
Track generation: 1132..1419 -> 287-tiles track
Track generation: 1156..1449 -> 293-tiles track
Track generation: 1174..1478 -> 304-tiles track
Track generation: 1167..1463 -> 296-tiles track
Track generation: 1141..1438 -> 297-tiles track
Track generation: 976..1224 -> 248-tiles track
[TorchPPO] 6.8% | 675,840/10,000,000 | 110 steps/s | avg 113 steps/s | 0.01 iters/s | ETA 23.6h | pg=-0.0001 | vf=48.4256 | ent=-3.4937 | kl=0.002323 | clip=0.019 | grad=20.824 | lr=0.000233 | 50 MB alloc | last_eval=29.7s
Track generation: 1175..1473 -> 298-tiles track
Track generation: 1248..1564 -> 316-tiles track
Track generation: 1386..1735 -> 349-tiles track
Track generation: 1191..1492 -> 301-tiles track
Track generation: 1276..1599 -> 323-tiles track
Track generation: 925..1167 -> 242-tiles track
Track generation: 1097..1375 -> 278-tiles track
Track generation: 1344..1684 -> 340-tiles track
Track generation: 1143..1433 -> 290-tiles track
Track generation: 1051..1322 -> 271-tiles track
Track generation: 1283..1617 -> 334-tiles track
Track generation: 965..1213 -> 248-tiles track
retry to generate track (normal if there are not many of this messages)
Track generation: 1199..1503 -> 304-tiles track
Track generation: 1106..1387 -> 281-tiles track
Track generation: 1099..1378 -> 279-tiles track
Track generation: 1111..1401 -> 290-tiles track
Track generation: 1148..1439 -> 291-tiles track
[TorchPPO] 5.1% | 819,200/16,000,000 | 120 steps/s | avg 117 steps/s | 0.01 iters/s | ETA 35.0h | pg=0.0027 | vf=47.8430 | ent=-3.5307 | kl=0.004768 | clip=0.054 | grad=28.353 | lr=0.000237 | 51 MB alloc | last_eval=23.5s
[TorchPPO] Checkpoint saved: /workspace/Racing_Gym_RL/artifacts/prime_marl_10car_16m/models/torch_ppo_step_819200.pt
Track generation: 1028..1292 -> 264-tiles track
retry to generate track (normal if there are not many of this messages)
Track generation: 1110..1399 -> 289-tiles track
Track generation: 1203..1507 -> 304-tiles track
Track generation: 1107..1388 -> 281-tiles track
Track generation: 1086..1362 -> 276-tiles track
Track generation: 1374..1722 -> 348-tiles track
Track generation: 1128..1414 -> 286-tiles track
Track generation: 1086..1365 -> 279-tiles track
retry to generate track (normal if there are not many of this messages)
Track generation: 1325..1660 -> 335-tiles track
Track generation: 1176..1474 -> 298-tiles track
Track generation: 1012..1269 -> 257-tiles track
Track generation: 1132..1419 -> 287-tiles track
Track generation: 1151..1443 -> 292-tiles track
Track generation: 1155..1447 -> 292-tiles track
Track generation: 1106..1387 -> 281-tiles track
Track generation: 1210..1516 -> 306-tiles track
Track generation: 1079..1359 -> 280-tiles track
Track generation: 1122..1414 -> 292-tiles track
[TorchPPO] 6.9% | 686,080/10,000,000 | 106 steps/s | avg 113 steps/s | 0.01 iters/s | ETA 24.3h | pg=0.0065 | vf=75.4632 | ent=-3.4956 | kl=0.010463 | clip=0.135 | grad=68.090 | lr=0.000233 | 50 MB alloc | last_eval=29.7s
[TorchPPO Eval] step=819,200 | mean_reward=-2.25 +/- 0.00 | progress=2.89% | offtrack_rate=100.00% | contact_rate=0.00% | hook_rate=0.00% | contact_term_rate=0.00% | steer_var=0.18265 | mean_speed=21.47 | throttle=0.95 | brake=0.00 | stage=1 | eval_time=74.6s
Track generation: 1079..1357 -> 278-tiles track
retry to generate track (normal if there are not many of this messages)
Track generation: 1140..1430 -> 290-tiles track
Track generation: 1201..1505 -> 304-tiles track
Track generation: 1089..1375 -> 286-tiles track
Track generation: 1150..1445 -> 295-tiles track
retry to generate track (normal if there are not many of this messages)
Track generation: 1107..1388 -> 281-tiles track
Track generation: 1055..1323 -> 268-tiles track
Track generation: 1138..1427 -> 289-tiles track
Track generation: 1150..1441 -> 291-tiles track
retry to generate track (normal if there are not many of this messages)
Track generation: 1284..1609 -> 325-tiles track
Track generation: 1263..1583 -> 320-tiles track
Track generation: 1057..1328 -> 271-tiles track
retry to generate track (normal if there are not many of this messages)
Track generation: 1148..1439 -> 291-tiles track
Track generation: 1348..1689 -> 341-tiles track
Track generation: 1182..1482 -> 300-tiles track
Track generation: 1232..1544 -> 312-tiles track
Track generation: 1130..1416 -> 286-tiles track
Track generation: 1235..1548 -> 313-tiles track
Track generation: 1154..1446 -> 292-tiles track
Track generation: 1055..1329 -> 274-tiles track
[TorchPPO] 5.2% | 829,440/16,000,000 | 63 steps/s | avg 116 steps/s | 0.01 iters/s | ETA 66.4h | pg=0.0022 | vf=57.6243 | ent=-3.5322 | kl=0.005548 | clip=0.071 | grad=37.637 | lr=0.000237 | 50 MB alloc | last_eval=74.6s
Track generation: 1104..1385 -> 281-tiles track
retry to generate track (normal if there are not many of this messages)
Track generation: 995..1248 -> 253-tiles track
Track generation: 1212..1519 -> 307-tiles track
Track generation: 1147..1438 -> 291-tiles track
Track generation: 1322..1661 -> 339-tiles track
Track generation: 1103..1383 -> 280-tiles track
Track generation: 1189..1490 -> 301-tiles track
Track generation: 1312..1654 -> 342-tiles track
Track generation: 1119..1403 -> 284-tiles track
Track generation: 1260..1579 -> 319-tiles track
Track generation: 1132..1419 -> 287-tiles track
Track generation: 1116..1401 -> 285-tiles track
retry to generate track (normal if there are not many of this messages)
Track generation: 1197..1511 -> 314-tiles track
Track generation: 1142..1432 -> 290-tiles track
Track generation: 1177..1481 -> 304-tiles track
Track generation: 1080..1352 -> 272-tiles track
Track generation: 1298..1626 -> 328-tiles track
Track generation: 1087..1372 -> 285-tiles track
[TorchPPO] 7.0% | 696,320/10,000,000 | 108 steps/s | avg 113 steps/s | 0.01 iters/s | ETA 24.0h | pg=0.0022 | vf=80.7943 | ent=-3.4971 | kl=0.007186 | clip=0.092 | grad=71.824 | lr=0.000233 | 51 MB alloc | last_eval=29.7s
Track generation: 1077..1352 -> 275-tiles track
Track generation: 1197..1506 -> 309-tiles track
Track generation: 1167..1463 -> 296-tiles track
Track generation: 1085..1360 -> 275-tiles track
Track generation: 1104..1384 -> 280-tiles track
Track generation: 1059..1328 -> 269-tiles track
Track generation: 1139..1427 -> 288-tiles track
Track generation: 1067..1338 -> 271-tiles track
Track generation: 1071..1343 -> 272-tiles track
Track generation: 1115..1403 -> 288-tiles track
Track generation: 1088..1363 -> 275-tiles track
Track generation: 1013..1276 -> 263-tiles track
Track generation: 1256..1574 -> 318-tiles track
Track generation: 1291..1618 -> 327-tiles track
[TorchPPO] 5.2% | 839,680/16,000,000 | 122 steps/s | avg 116 steps/s | 0.01 iters/s | ETA 34.6h | pg=0.0045 | vf=68.4878 | ent=-3.5336 | kl=0.009653 | clip=0.115 | grad=23.480 | lr=0.000237 | 50 MB alloc | last_eval=74.6s
Track generation: 1124..1409 -> 285-tiles track
Track generation: 1067..1339 -> 272-tiles track
Track generation: 1235..1548 -> 313-tiles track
Track generation: 1329..1665 -> 336-tiles track
Track generation: 1187..1488 -> 301-tiles track
Track generation: 1388..1739 -> 351-tiles track
Track generation: 1253..1571 -> 318-tiles track
Track generation: 1219..1528 -> 309-tiles track
Track generation: 1196..1499 -> 303-tiles track
Track generation: 1032..1295 -> 263-tiles track
Track generation: 1350..1692 -> 342-tiles track
Track generation: 1100..1385 -> 285-tiles track
Track generation: 1144..1434 -> 290-tiles track
Track generation: 1172..1469 -> 297-tiles track
Track generation: 1160..1454 -> 294-tiles track
Track generation: 1097..1384 -> 287-tiles track
Track generation: 1316..1655 -> 339-tiles track
Track generation: 1307..1638 -> 331-tiles track
Track generation: 1075..1348 -> 273-tiles track
Track generation: 1088..1369 -> 281-tiles track
[TorchPPO] 7.1% | 706,560/10,000,000 | 108 steps/s | avg 113 steps/s | 0.01 iters/s | ETA 23.9h | pg=0.0083 | vf=64.6828 | ent=-3.4985 | kl=0.012106 | clip=0.131 | grad=32.411 | lr=0.000233 | 50 MB alloc | last_eval=29.7s
Track generation: 1061..1330 -> 269-tiles track
Track generation: 1133..1427 -> 294-tiles track
Track generation: 1244..1559 -> 315-tiles track
Track generation: 1072..1344 -> 272-tiles track
Track generation: 1083..1360 -> 277-tiles track
retry to generate track (normal if there are not many of this messages)
Track generation: 1096..1379 -> 283-tiles track
Track generation: 1076..1349 -> 273-tiles track
Track generation: 1283..1608 -> 325-tiles track
Track generation: 1305..1635 -> 330-tiles track
Track generation: 1147..1439 -> 292-tiles track
Track generation: 1300..1629 -> 329-tiles track
Track generation: 1153..1445 -> 292-tiles track
Track generation: 1174..1470 -> 296-tiles track
Track generation: 1147..1441 -> 294-tiles track
retry to generate track (normal if there are not many of this messages)
Track generation: 1122..1413 -> 291-tiles track
Track generation: 1171..1468 -> 297-tiles track
[TorchPPO] 5.3% | 849,920/16,000,000 | 120 steps/s | avg 116 steps/s | 0.01 iters/s | ETA 35.0h | pg=0.0019 | vf=63.8501 | ent=-3.5355 | kl=0.006229 | clip=0.079 | grad=25.055 | lr=0.000237 | 51 MB alloc | last_eval=74.6s
Track generation: 1172..1469 -> 297-tiles track
Track generation: 1104..1384 -> 280-tiles track
Track generation: 1161..1456 -> 295-tiles track
Track generation: 1132..1419 -> 287-tiles track
Track generation: 1106..1387 -> 281-tiles track
Track generation: 1224..1534 -> 310-tiles track
Track generation: 1179..1478 -> 299-tiles track
Track generation: 1183..1483 -> 300-tiles track
Track generation: 1099..1378 -> 279-tiles track
Track generation: 1238..1552 -> 314-tiles track
Track generation: 992..1249 -> 257-tiles track
Track generation: 1127..1413 -> 286-tiles track
Track generation: 1139..1428 -> 289-tiles track
Track generation: 1163..1458 -> 295-tiles track
Track generation: 1211..1518 -> 307-tiles track
[TorchPPO] 7.2% | 716,800/10,000,000 | 109 steps/s | avg 113 steps/s | 0.01 iters/s | ETA 23.7h | pg=0.0070 | vf=68.3751 | ent=-3.4999 | kl=0.014478 | clip=0.180 | grad=34.740 | lr=0.000232 | 50 MB alloc | last_eval=29.7s
Track generation: 1206..1511 -> 305-tiles track
Track generation: 1204..1509 -> 305-tiles track
Track generation: 1232..1544 -> 312-tiles track
Track generation: 1223..1533 -> 310-tiles track
Track generation: 1123..1408 -> 285-tiles track
Track generation: 1064..1339 -> 275-tiles track
Track generation: 1276..1599 -> 323-tiles track
Track generation: 1323..1664 -> 341-tiles track
Track generation: 980..1238 -> 258-tiles track
Track generation: 1086..1368 -> 282-tiles track
[TorchPPO] 5.4% | 860,160/16,000,000 | 122 steps/s | avg 116 steps/s | 0.01 iters/s | ETA 34.5h | pg=0.0020 | vf=47.7403 | ent=-3.5376 | kl=0.007869 | clip=0.104 | grad=29.955 | lr=0.000237 | 50 MB alloc | last_eval=74.6s
Track generation: 1223..1533 -> 310-tiles track
Track generation: 1260..1579 -> 319-tiles track
Track generation: 1140..1428 -> 288-tiles track
Track generation: 1139..1428 -> 289-tiles track
Track generation: 1263..1583 -> 320-tiles track
Track generation: 1016..1281 -> 265-tiles track
Track generation: 1024..1292 -> 268-tiles track
Track generation: 1266..1586 -> 320-tiles track
Track generation: 1091..1368 -> 277-tiles track
Track generation: 1035..1298 -> 263-tiles track
Track generation: 1113..1393 -> 280-tiles track
retry to generate track (normal if there are not many of this messages)
Track generation: 923..1163 -> 240-tiles track
Track generation: 1058..1336 -> 278-tiles track
Track generation: 1284..1609 -> 325-tiles track
Track generation: 1107..1388 -> 281-tiles track
Track generation: 1111..1393 -> 282-tiles track
[TorchPPO] 7.3% | 727,040/10,000,000 | 109 steps/s | avg 113 steps/s | 0.01 iters/s | ETA 23.7h | pg=0.0073 | vf=73.1257 | ent=-3.5015 | kl=0.014161 | clip=0.177 | grad=46.313 | lr=0.000232 | 51 MB alloc | last_eval=29.7s
Track generation: 1035..1298 -> 263-tiles track
Track generation: 1231..1543 -> 312-tiles track
Track generation: 1319..1653 -> 334-tiles track
Track generation: 1016..1274 -> 258-tiles track
Track generation: 1107..1387 -> 280-tiles track
Track generation: 1187..1494 -> 307-tiles track
Track generation: 1001..1259 -> 258-tiles track
retry to generate track (normal if there are not many of this messages)
Track generation: 1029..1290 -> 261-tiles track
Track generation: 1283..1613 -> 330-tiles track
Track generation: 1179..1478 -> 299-tiles track
Track generation: 1252..1569 -> 317-tiles track
Track generation: 1208..1514 -> 306-tiles track
Track generation: 1170..1467 -> 297-tiles track
Track generation: 1147..1444 -> 297-tiles track
[TorchPPO] 5.4% | 870,400/16,000,000 | 122 steps/s | avg 116 steps/s | 0.01 iters/s | ETA 34.5h | pg=0.0109 | vf=71.2775 | ent=-3.5397 | kl=0.014205 | clip=0.183 | grad=34.724 | lr=0.000237 | 50 MB alloc | last_eval=74.6s
Track generation: 1339..1678 -> 339-tiles track
Track generation: 1193..1502 -> 309-tiles track
Track generation: 1088..1364 -> 276-tiles track
Track generation: 1161..1455 -> 294-tiles track
Track generation: 1068..1339 -> 271-tiles track
Track generation: 1186..1487 -> 301-tiles track
Track generation: 1255..1573 -> 318-tiles track
Track generation: 969..1222 -> 253-tiles track
Track generation: 1237..1550 -> 313-tiles track
Track generation: 1099..1378 -> 279-tiles track
Track generation: 1219..1528 -> 309-tiles track
Track generation: 1024..1284 -> 260-tiles track
Track generation: 1280..1604 -> 324-tiles track
Track generation: 1087..1363 -> 276-tiles track
[TorchPPO] 7.4% | 737,280/10,000,000 | 108 steps/s | avg 113 steps/s | 0.01 iters/s | ETA 23.9h | pg=0.0039 | vf=84.0971 | ent=-3.5028 | kl=0.006573 | clip=0.086 | grad=42.203 | lr=0.000232 | 50 MB alloc | last_eval=29.7s
Track generation: 1298..1627 -> 329-tiles track
Track generation: 1102..1387 -> 285-tiles track
retry to generate track (normal if there are not many of this messages)
Track generation: 1292..1619 -> 327-tiles track
Track generation: 1246..1565 -> 319-tiles track
Track generation: 1071..1343 -> 272-tiles track
Track generation: 1184..1484 -> 300-tiles track
Track generation: 1016..1274 -> 258-tiles track
Track generation: 1179..1481 -> 302-tiles track
retry to generate track (normal if there are not many of this messages)
Track generation: 1127..1413 -> 286-tiles track
Track generation: 1204..1517 -> 313-tiles track
Track generation: 1084..1359 -> 275-tiles track
Track generation: 1336..1674 -> 338-tiles track
Track generation: 1399..1753 -> 354-tiles track
Track generation: 1180..1479 -> 299-tiles track
Track generation: 1236..1549 -> 313-tiles track
Track generation: 1168..1464 -> 296-tiles track
Track generation: 939..1182 -> 243-tiles track
Track generation: 1076..1355 -> 279-tiles track
[TorchPPO] 5.5% | 880,640/16,000,000 | 120 steps/s | avg 116 steps/s | 0.01 iters/s | ETA 35.1h | pg=0.0102 | vf=43.7290 | ent=-3.5413 | kl=0.016901 | clip=0.215 | grad=46.392 | lr=0.000236 | 51 MB alloc | last_eval=74.6s
Track generation: 1278..1601 -> 323-tiles track
Track generation: 1214..1520 -> 306-tiles track
Track generation: 1205..1510 -> 305-tiles track
Track generation: 1204..1509 -> 305-tiles track
Track generation: 1133..1423 -> 290-tiles track
retry to generate track (normal if there are not many of this messages)
Track generation: 1033..1295 -> 262-tiles track
Track generation: 1232..1544 -> 312-tiles track
Track generation: 1148..1447 -> 299-tiles track
Track generation: 1021..1284 -> 263-tiles track
retry to generate track (normal if there are not many of this messages)
Track generation: 1288..1614 -> 326-tiles track
Track generation: 1055..1323 -> 268-tiles track
Track generation: 1203..1508 -> 305-tiles track
Track generation: 1379..1746 -> 367-tiles track
Track generation: 1231..1543 -> 312-tiles track
Track generation: 1360..1704 -> 344-tiles track
Track generation: 1047..1313 -> 266-tiles track
Track generation: 926..1167 -> 241-tiles track
[TorchPPO] 7.5% | 747,520/10,000,000 | 106 steps/s | avg 113 steps/s | 0.01 iters/s | ETA 24.3h | pg=0.0018 | vf=75.7666 | ent=-3.5040 | kl=0.006375 | clip=0.082 | grad=59.840 | lr=0.000232 | 50 MB alloc | last_eval=29.7s
Track generation: 1166..1469 -> 303-tiles track
Track generation: 1217..1533 -> 316-tiles track
Track generation: 1200..1504 -> 304-tiles track
Track generation: 1264..1584 -> 320-tiles track
Track generation: 1031..1293 -> 262-tiles track
Track generation: 1251..1568 -> 317-tiles track
Track generation: 1161..1455 -> 294-tiles track
Track generation: 1044..1314 -> 270-tiles track
retry to generate track (normal if there are not many of this messages)
Track generation: 1095..1373 -> 278-tiles track
Track generation: 1144..1434 -> 290-tiles track
Track generation: 1323..1658 -> 335-tiles track
Track generation: 936..1179 -> 243-tiles track
Track generation: 1209..1516 -> 307-tiles track
Track generation: 1272..1594 -> 322-tiles track
Track generation: 1135..1423 -> 288-tiles track
Track generation: 1023..1283 -> 260-tiles track
Track generation: 1252..1569 -> 317-tiles track
[TorchPPO] 5.6% | 890,880/16,000,000 | 120 steps/s | avg 116 steps/s | 0.01 iters/s | ETA 35.1h | pg=0.0028 | vf=37.2018 | ent=-3.5427 | kl=0.005296 | clip=0.059 | grad=19.932 | lr=0.000236 | 50 MB alloc | last_eval=74.6s
Track generation: 1200..1504 -> 304-tiles track
Track generation: 1161..1461 -> 300-tiles track
Track generation: 1224..1534 -> 310-tiles track
Track generation: 1124..1409 -> 285-tiles track
Track generation: 1104..1391 -> 287-tiles track
Track generation: 1157..1450 -> 293-tiles track
Track generation: 1075..1348 -> 273-tiles track
Track generation: 1220..1529 -> 309-tiles track
Track generation: 1049..1315 -> 266-tiles track
Track generation: 1147..1438 -> 291-tiles track
Track generation: 1025..1291 -> 266-tiles track
Track generation: 1156..1449 -> 293-tiles track
Track generation: 1134..1422 -> 288-tiles track
Track generation: 1153..1445 -> 292-tiles track
Track generation: 1252..1569 -> 317-tiles track
[TorchPPO] 7.6% | 757,760/10,000,000 | 109 steps/s | avg 113 steps/s | 0.01 iters/s | ETA 23.7h | pg=0.0006 | vf=48.4912 | ent=-3.5051 | kl=0.005297 | clip=0.061 | grad=20.795 | lr=0.000231 | 51 MB alloc | last_eval=29.7s
Track generation: 1224..1534 -> 310-tiles track
Track generation: 1143..1433 -> 290-tiles track
Track generation: 1103..1387 -> 284-tiles track
retry to generate track (normal if there are not many of this messages)
Track generation: 1114..1396 -> 282-tiles track
Track generation: 1180..1479 -> 299-tiles track
Track generation: 1099..1378 -> 279-tiles track
Track generation: 1228..1547 -> 319-tiles track
Track generation: 1239..1552 -> 313-tiles track
Track generation: 1157..1455 -> 298-tiles track
Track generation: 1252..1569 -> 317-tiles track
Track generation: 1202..1507 -> 305-tiles track
Track generation: 1204..1509 -> 305-tiles track
Track generation: 1054..1322 -> 268-tiles track
Track generation: 1156..1449 -> 293-tiles track
Track generation: 1102..1384 -> 282-tiles track
retry to generate track (normal if there are not many of this messages)
Track generation: 1144..1434 -> 290-tiles track
Track generation: 1285..1610 -> 325-tiles track
[TorchPPO] 5.6% | 901,120/16,000,000 | 121 steps/s | avg 116 steps/s | 0.01 iters/s | ETA 34.8h | pg=0.0012 | vf=45.1000 | ent=-3.5452 | kl=0.006133 | clip=0.079 | grad=30.731 | lr=0.000236 | 50 MB alloc | last_eval=74.6s
Track generation: 1204..1509 -> 305-tiles track
Track generation: 1291..1617 -> 326-tiles track
Track generation: 1088..1364 -> 276-tiles track
Track generation: 1320..1654 -> 334-tiles track
Track generation: 1067..1338 -> 271-tiles track
Track generation: 1133..1420 -> 287-tiles track
Track generation: 1073..1345 -> 272-tiles track
Track generation: 1145..1435 -> 290-tiles track
Track generation: 1066..1336 -> 270-tiles track
Track generation: 1177..1475 -> 298-tiles track
Track generation: 1131..1418 -> 287-tiles track
Track generation: 1062..1339 -> 277-tiles track
Track generation: 1314..1646 -> 332-tiles track
Track generation: 1162..1460 -> 298-tiles track
retry to generate track (normal if there are not many of this messages)
Track generation: 1103..1383 -> 280-tiles track
[TorchPPO] 7.7% | 768,000/10,000,000 | 109 steps/s | avg 113 steps/s | 0.01 iters/s | ETA 23.6h | pg=0.0073 | vf=93.5075 | ent=-3.5064 | kl=0.012010 | clip=0.153 | grad=65.771 | lr=0.000231 | 50 MB alloc | last_eval=29.7s
Track generation: 1108..1389 -> 281-tiles track
Track generation: 979..1232 -> 253-tiles track
Track generation: 1214..1522 -> 308-tiles track
Track generation: 1264..1584 -> 320-tiles track
Track generation: 1069..1346 -> 277-tiles track
Track generation: 1256..1574 -> 318-tiles track
Track generation: 1123..1408 -> 285-tiles track
Track generation: 1099..1378 -> 279-tiles track
Track generation: 1235..1548 -> 313-tiles track
Track generation: 1127..1413 -> 286-tiles track
Track generation: 1184..1484 -> 300-tiles track
[TorchPPO] 5.7% | 911,360/16,000,000 | 120 steps/s | avg 116 steps/s | 0.01 iters/s | ETA 35.1h | pg=-0.0001 | vf=28.4594 | ent=-3.5482 | kl=0.004988 | clip=0.063 | grad=20.509 | lr=0.000236 | 51 MB alloc | last_eval=74.6s
Track generation: 1135..1423 -> 288-tiles track
Track generation: 1082..1356 -> 274-tiles track
Track generation: 1204..1509 -> 305-tiles track
Track generation: 1232..1544 -> 312-tiles track
Track generation: 1003..1265 -> 262-tiles track
Track generation: 974..1231 -> 257-tiles track
Track generation: 1104..1384 -> 280-tiles track
Track generation: 1317..1650 -> 333-tiles track
Track generation: 1211..1518 -> 307-tiles track
Track generation: 1115..1404 -> 289-tiles track
Track generation: 1207..1513 -> 306-tiles track
Track generation: 1128..1414 -> 286-tiles track
Track generation: 1240..1554 -> 314-tiles track
Track generation: 1133..1428 -> 295-tiles track
[TorchPPO] 7.8% | 778,240/10,000,000 | 108 steps/s | avg 112 steps/s | 0.01 iters/s | ETA 23.7h | pg=0.0041 | vf=73.1849 | ent=-3.5074 | kl=0.006730 | clip=0.086 | grad=59.147 | lr=0.000231 | 50 MB alloc | last_eval=29.7s
Track generation: 1295..1623 -> 328-tiles track
Track generation: 1090..1374 -> 284-tiles track
Track generation: 1176..1474 -> 298-tiles track
Track generation: 1100..1386 -> 286-tiles track
Track generation: 1064..1334 -> 270-tiles track
Track generation: 1215..1523 -> 308-tiles track
Track generation: 1050..1323 -> 273-tiles track
Track generation: 1172..1469 -> 297-tiles track
Track generation: 1132..1419 -> 287-tiles track
Track generation: 1098..1376 -> 278-tiles track
[TorchPPO] 5.8% | 921,600/16,000,000 | 121 steps/s | avg 116 steps/s | 0.01 iters/s | ETA 34.7h | pg=0.0035 | vf=40.6705 | ent=-3.5509 | kl=0.010349 | clip=0.119 | grad=20.135 | lr=0.000236 | 50 MB alloc | last_eval=74.6s
Track generation: 1264..1593 -> 329-tiles track
Track generation: 1135..1431 -> 296-tiles track
Track generation: 1064..1334 -> 270-tiles track
Track generation: 1023..1283 -> 260-tiles track
Track generation: 1171..1470 -> 299-tiles track
retry to generate track (normal if there are not many of this messages)
Track generation: 1115..1404 -> 289-tiles track
Track generation: 1101..1380 -> 279-tiles track
Track generation: 1135..1423 -> 288-tiles track
Track generation: 1120..1404 -> 284-tiles track
Track generation: 1027..1288 -> 261-tiles track
Track generation: 1201..1506 -> 305-tiles track
Track generation: 1188..1489 -> 301-tiles track
Track generation: 1228..1539 -> 311-tiles track
Track generation: 1004..1259 -> 255-tiles track
Track generation: 1056..1332 -> 276-tiles track
Track generation: 1103..1383 -> 280-tiles track
[TorchPPO] 5.8% | 931,840/16,000,000 | 122 steps/s | avg 116 steps/s | 0.01 iters/s | ETA 34.3h | pg=0.0068 | vf=40.5549 | ent=-3.5529 | kl=0.014334 | clip=0.164 | grad=45.663 | lr=0.000236 | 50 MB alloc | last_eval=74.6s
Track generation: 1003..1260 -> 257-tiles track
retry to generate track (normal if there are not many of this messages)
Track generation: 1331..1668 -> 337-tiles track
Track generation: 1024..1284 -> 260-tiles track
Track generation: 1096..1374 -> 278-tiles track
Track generation: 1224..1534 -> 310-tiles track
Track generation: 1101..1382 -> 281-tiles track
retry to generate track (normal if there are not many of this messages)
Track generation: 1266..1587 -> 321-tiles track
Track generation: 1063..1333 -> 270-tiles track
Track generation: 1061..1337 -> 276-tiles track
Track generation: 1215..1523 -> 308-tiles track
[TorchPPO] 7.9% | 788,480/10,000,000 | 107 steps/s | avg 112 steps/s | 0.01 iters/s | ETA 23.9h | pg=0.0007 | vf=63.1743 | ent=-3.5085 | kl=0.005292 | clip=0.062 | grad=36.834 | lr=0.000231 | 51 MB alloc | last_eval=29.7s
Track generation: 1236..1549 -> 313-tiles track
Track generation: 1100..1379 -> 279-tiles track
Track generation: 1063..1333 -> 270-tiles track
Track generation: 1189..1490 -> 301-tiles track
Track generation: 1065..1340 -> 275-tiles track
Track generation: 1160..1454 -> 294-tiles track
Track generation: 1147..1438 -> 291-tiles track
Track generation: 1144..1434 -> 290-tiles track
Track generation: 1276..1599 -> 323-tiles track
Track generation: 1147..1438 -> 291-tiles track
Track generation: 1191..1493 -> 302-tiles track
Track generation: 1227..1538 -> 311-tiles track
[TorchPPO] 5.9% | 942,080/16,000,000 | 123 steps/s | avg 116 steps/s | 0.01 iters/s | ETA 34.1h | pg=0.0038 | vf=41.6937 | ent=-3.5550 | kl=0.008874 | clip=0.113 | grad=18.979 | lr=0.000235 | 51 MB alloc | last_eval=74.6s
Track generation: 1167..1473 -> 306-tiles track
retry to generate track (normal if there are not many of this messages)
Track generation: 1230..1541 -> 311-tiles track
Track generation: 1248..1568 -> 320-tiles track
Track generation: 1136..1424 -> 288-tiles track
Track generation: 1148..1439 -> 291-tiles track
Track generation: 935..1174 -> 239-tiles track
retry to generate track (normal if there are not many of this messages)
Track generation: 1276..1599 -> 323-tiles track
Track generation: 1082..1360 -> 278-tiles track
retry to generate track (normal if there are not many of this messages)
Track generation: 1024..1284 -> 260-tiles track
Track generation: 1069..1348 -> 279-tiles track
Track generation: 1083..1358 -> 275-tiles track
Track generation: 1074..1350 -> 276-tiles track
retry to generate track (normal if there are not many of this messages)
Track generation: 1083..1359 -> 276-tiles track
Track generation: 1020..1279 -> 259-tiles track
Track generation: 1147..1438 -> 291-tiles track
Track generation: 1167..1463 -> 296-tiles track
Track generation: 957..1201 -> 244-tiles track
retry to generate track (normal if there are not many of this messages)
Track generation: 1140..1434 -> 294-tiles track
Track generation: 1238..1560 -> 322-tiles track
Track generation: 1091..1376 -> 285-tiles track
Track generation: 1147..1438 -> 291-tiles track
[TorchPPO] 8.0% | 798,720/10,000,000 | 110 steps/s | avg 112 steps/s | 0.01 iters/s | ETA 23.3h | pg=0.0075 | vf=103.1015 | ent=-3.5097 | kl=0.012691 | clip=0.161 | grad=58.650 | lr=0.000230 | 50 MB alloc | last_eval=29.7s
Track generation: 1110..1392 -> 282-tiles track
Track generation: 1012..1269 -> 257-tiles track
Track generation: 1242..1556 -> 314-tiles track
Track generation: 893..1127 -> 234-tiles track
Track generation: 1144..1438 -> 294-tiles track
retry to generate track (normal if there are not many of this messages)
Track generation: 1030..1291 -> 261-tiles track
Track generation: 1063..1335 -> 272-tiles track
retry to generate track (normal if there are not many of this messages)
Track generation: 1116..1399 -> 283-tiles track
Track generation: 1191..1493 -> 302-tiles track
Track generation: 1012..1273 -> 261-tiles track
[TorchPPO] 6.0% | 952,320/16,000,000 | 125 steps/s | avg 116 steps/s | 0.01 iters/s | ETA 33.5h | pg=0.0040 | vf=37.4941 | ent=-3.5576 | kl=0.010345 | clip=0.123 | grad=41.314 | lr=0.000235 | 50 MB alloc | last_eval=74.6s
Track generation: 1149..1440 -> 291-tiles track
Track generation: 1159..1453 -> 294-tiles track
Track generation: 1208..1514 -> 306-tiles track
Track generation: 1310..1648 -> 338-tiles track
Track generation: 1226..1537 -> 311-tiles track
Track generation: 1119..1407 -> 288-tiles track
Track generation: 1124..1409 -> 285-tiles track
Track generation: 990..1245 -> 255-tiles track
retry to generate track (normal if there are not many of this messages)
Track generation: 1308..1639 -> 331-tiles track
Track generation: 1096..1374 -> 278-tiles track
Track generation: 1175..1473 -> 298-tiles track
Track generation: 1248..1564 -> 316-tiles track
Track generation: 1386..1735 -> 349-tiles track
Track generation: 1191..1492 -> 301-tiles track
Track generation: 1276..1599 -> 323-tiles track
Track generation: 925..1167 -> 242-tiles track
Track generation: 1097..1375 -> 278-tiles track
[TorchPPO] 8.1% | 808,960/10,000,000 | 107 steps/s | avg 112 steps/s | 0.01 iters/s | ETA 23.8h | pg=0.0119 | vf=60.4914 | ent=-3.5108 | kl=0.021141 | clip=0.253 | grad=98.455 | lr=0.000230 | 50 MB alloc | last_eval=29.7s
Track generation: 1133..1429 -> 296-tiles track
Track generation: 1070..1346 -> 276-tiles track
retry to generate track (normal if there are not many of this messages)
Track generation: 1106..1394 -> 288-tiles track
Track generation: 1112..1394 -> 282-tiles track
Track generation: 1129..1416 -> 287-tiles track
Track generation: 1160..1454 -> 294-tiles track
Track generation: 1206..1512 -> 306-tiles track
Track generation: 1213..1520 -> 307-tiles track
[TorchPPO] 6.0% | 962,560/16,000,000 | 123 steps/s | avg 116 steps/s | 0.01 iters/s | ETA 34.0h | pg=0.0073 | vf=90.1286 | ent=-3.5599 | kl=0.012349 | clip=0.162 | grad=52.665 | lr=0.000235 | 50 MB alloc | last_eval=74.6s
Track generation: 1344..1684 -> 340-tiles track
Track generation: 1143..1433 -> 290-tiles track
Track generation: 1051..1322 -> 271-tiles track
Track generation: 1283..1617 -> 334-tiles track
Track generation: 965..1213 -> 248-tiles track
retry to generate track (normal if there are not many of this messages)
Track generation: 1199..1503 -> 304-tiles track
Track generation: 1106..1387 -> 281-tiles track
Track generation: 1099..1378 -> 279-tiles track
Track generation: 1111..1401 -> 290-tiles track
Track generation: 1148..1439 -> 291-tiles track
Track generation: 1079..1357 -> 278-tiles track
retry to generate track (normal if there are not many of this messages)
Track generation: 1140..1430 -> 290-tiles track
Track generation: 1201..1505 -> 304-tiles track
Track generation: 1089..1375 -> 286-tiles track
Track generation: 1150..1445 -> 295-tiles track
retry to generate track (normal if there are not many of this messages)
Track generation: 1107..1388 -> 281-tiles track
Track generation: 1055..1323 -> 268-tiles track
[TorchPPO] 8.2% | 819,200/10,000,000 | 107 steps/s | avg 112 steps/s | 0.01 iters/s | ETA 23.9h | pg=-0.0008 | vf=76.6415 | ent=-3.5120 | kl=0.003330 | clip=0.030 | grad=30.987 | lr=0.000230 | 51 MB alloc | last_eval=29.7s
[TorchPPO] Checkpoint saved: /workspace/Racing_Gym_RL/artifacts/prime_marl_10car_16m/models/torch_ppo_step_819200.pt
[TorchPPO Eval] step=819,200 | mean_reward=-0.85 +/- 0.00 | progress=2.69% | offtrack_rate=100.00% | contact_rate=0.00% | hook_rate=0.00% | contact_term_rate=0.00% | steer_var=0.17301 | mean_speed=21.02 | throttle=0.97 | brake=0.00 | stage=1 | eval_time=31.5s (new best!)
[TorchPPO] Best model saved (step 819,200, reward -0.85):
  -> /workspace/Racing_Gym_RL/artifacts/prime_marl_10car_16m/models/best_model_torch.pt
  -> (copy) /workspace/Racing_Gym_RL/artifacts/prime_marl_10car_16m/models/best_model_torch_step_819200.pt
Track generation: 1006..1261 -> 255-tiles track
Track generation: 1131..1421 -> 290-tiles track
retry to generate track (normal if there are not many of this messages)
Track generation: 1108..1396 -> 288-tiles track
Track generation: 1040..1304 -> 264-tiles track
Track generation: 1095..1376 -> 281-tiles track
retry to generate track (normal if there are not many of this messages)
Track generation: 992..1250 -> 258-tiles track
Track generation: 1256..1574 -> 318-tiles track
Track generation: 1229..1540 -> 311-tiles track
Track generation: 1016..1283 -> 267-tiles track
Track generation: 1316..1648 -> 332-tiles track
Track generation: 1118..1410 -> 292-tiles track
Track generation: 1208..1514 -> 306-tiles track
Track generation: 1178..1476 -> 298-tiles track
[TorchPPO] 6.1% | 972,800/16,000,000 | 119 steps/s | avg 116 steps/s | 0.01 iters/s | ETA 35.2h | pg=0.0105 | vf=42.4926 | ent=-3.5612 | kl=0.019185 | clip=0.219 | grad=60.494 | lr=0.000235 | 51 MB alloc | last_eval=74.6s
Track generation: 1138..1427 -> 289-tiles track
Track generation: 1150..1441 -> 291-tiles track
retry to generate track (normal if there are not many of this messages)
Track generation: 1284..1609 -> 325-tiles track
Track generation: 1263..1583 -> 320-tiles track
Track generation: 1057..1328 -> 271-tiles track
retry to generate track (normal if there are not many of this messages)
Track generation: 1148..1439 -> 291-tiles track
Track generation: 1348..1689 -> 341-tiles track
Track generation: 1182..1482 -> 300-tiles track
Track generation: 1232..1544 -> 312-tiles track
Track generation: 1130..1416 -> 286-tiles track
Track generation: 1235..1548 -> 313-tiles track
Track generation: 1154..1446 -> 292-tiles track
Track generation: 1055..1329 -> 274-tiles track
Track generation: 1077..1352 -> 275-tiles track
Track generation: 1197..1506 -> 309-tiles track
Track generation: 1167..1463 -> 296-tiles track
Track generation: 1085..1360 -> 275-tiles track
Track generation: 1104..1384 -> 280-tiles track
Track generation: 1059..1328 -> 269-tiles track
Track generation: 1139..1427 -> 288-tiles track
Track generation: 1067..1338 -> 271-tiles track
Track generation: 1071..1343 -> 272-tiles track
[TorchPPO] 8.3% | 829,440/10,000,000 | 80 steps/s | avg 112 steps/s | 0.01 iters/s | ETA 31.9h | pg=0.0065 | vf=87.5615 | ent=-3.5131 | kl=0.011012 | clip=0.148 | grad=30.322 | lr=0.000230 | 50 MB alloc | last_eval=31.5s
Track generation: 1148..1439 -> 291-tiles track
Track generation: 1234..1547 -> 313-tiles track
Track generation: 1238..1551 -> 313-tiles track
Track generation: 1094..1382 -> 288-tiles track
Track generation: 1083..1357 -> 274-tiles track
Track generation: 1067..1343 -> 276-tiles track
Track generation: 1107..1388 -> 281-tiles track
[TorchPPO] 6.1% | 983,040/16,000,000 | 120 steps/s | avg 116 steps/s | 0.01 iters/s | ETA 34.7h | pg=0.0025 | vf=42.6741 | ent=-3.5621 | kl=0.008306 | clip=0.108 | grad=26.607 | lr=0.000235 | 50 MB alloc | last_eval=74.6s
Track generation: 1139..1428 -> 289-tiles track
Track generation: 1074..1334 -> 260-tiles track
retry to generate track (normal if there are not many of this messages)
Track generation: 1288..1614 -> 326-tiles track
Track generation: 1244..1559 -> 315-tiles track
Track generation: 1184..1484 -> 300-tiles track
Track generation: 1148..1439 -> 291-tiles track
Track generation: 1008..1264 -> 256-tiles track
Track generation: 1136..1424 -> 288-tiles track
Track generation: 1219..1528 -> 309-tiles track
Track generation: 1276..1599 -> 323-tiles track
Track generation: 1236..1549 -> 313-tiles track
[TorchPPO] 6.2% | 993,280/16,000,000 | 123 steps/s | avg 116 steps/s | 0.01 iters/s | ETA 33.9h | pg=0.0009 | vf=55.3023 | ent=-3.5629 | kl=0.005036 | clip=0.058 | grad=29.174 | lr=0.000235 | 50 MB alloc | last_eval=74.6s
Track generation: 1115..1403 -> 288-tiles track
Track generation: 1088..1363 -> 275-tiles track
Track generation: 1013..1276 -> 263-tiles track
Track generation: 1256..1574 -> 318-tiles track
Track generation: 1291..1618 -> 327-tiles track
Track generation: 1061..1330 -> 269-tiles track
Track generation: 1133..1427 -> 294-tiles track
Track generation: 1244..1559 -> 315-tiles track
Track generation: 1072..1344 -> 272-tiles track
Track generation: 1083..1360 -> 277-tiles track
retry to generate track (normal if there are not many of this messages)
Track generation: 1096..1379 -> 283-tiles track
Track generation: 1076..1349 -> 273-tiles track
[TorchPPO] 8.4% | 839,680/10,000,000 | 108 steps/s | avg 112 steps/s | 0.01 iters/s | ETA 23.5h | pg=0.0103 | vf=47.8178 | ent=-3.5144 | kl=0.014377 | clip=0.185 | grad=46.518 | lr=0.000229 | 50 MB alloc | last_eval=31.5s
Track generation: 1136..1424 -> 288-tiles track
Track generation: 1165..1460 -> 295-tiles track
Track generation: 1095..1373 -> 278-tiles track
Track generation: 1104..1417 -> 313-tiles track
retry to generate track (normal if there are not many of this messages)
Track generation: 1247..1563 -> 316-tiles track
[TorchPPO] 6.3% | 1,003,520/16,000,000 | 125 steps/s | avg 117 steps/s | 0.01 iters/s | ETA 33.5h | pg=0.0010 | vf=42.4623 | ent=-3.5637 | kl=0.006711 | clip=0.090 | grad=48.534 | lr=0.000234 | 51 MB alloc | last_eval=74.6s
Track generation: 1283..1608 -> 325-tiles track
Track generation: 1305..1635 -> 330-tiles track
Track generation: 1147..1439 -> 292-tiles track
Track generation: 1300..1629 -> 329-tiles track
Track generation: 1153..1445 -> 292-tiles track
Track generation: 1174..1470 -> 296-tiles track
Track generation: 1147..1441 -> 294-tiles track
retry to generate track (normal if there are not many of this messages)
Track generation: 1122..1413 -> 291-tiles track
Track generation: 1171..1468 -> 297-tiles track
Track generation: 1206..1511 -> 305-tiles track
Track generation: 1204..1509 -> 305-tiles track
Track generation: 1232..1544 -> 312-tiles track
Track generation: 1223..1533 -> 310-tiles track
Track generation: 1123..1408 -> 285-tiles track
Track generation: 1064..1339 -> 275-tiles track
Track generation: 1276..1599 -> 323-tiles track
[TorchPPO] 8.5% | 849,920/10,000,000 | 110 steps/s | avg 112 steps/s | 0.01 iters/s | ETA 23.1h | pg=0.0022 | vf=63.0529 | ent=-3.5160 | kl=0.006496 | clip=0.083 | grad=64.459 | lr=0.000229 | 51 MB alloc | last_eval=31.5s
Track generation: 1260..1579 -> 319-tiles track
Track generation: 1016..1279 -> 263-tiles track
Track generation: 1288..1614 -> 326-tiles track
Track generation: 1305..1636 -> 331-tiles track
Track generation: 1007..1263 -> 256-tiles track
Track generation: 1217..1531 -> 314-tiles track
retry to generate track (normal if there are not many of this messages)
Track generation: 1243..1558 -> 315-tiles track
Track generation: 1164..1459 -> 295-tiles track
Track generation: 1092..1378 -> 286-tiles track
Track generation: 1149..1446 -> 297-tiles track
Track generation: 1059..1327 -> 268-tiles track
[TorchPPO] 6.3% | 1,013,760/16,000,000 | 123 steps/s | avg 117 steps/s | 0.01 iters/s | ETA 33.8h | pg=0.0049 | vf=37.2852 | ent=-3.5654 | kl=0.009228 | clip=0.130 | grad=25.087 | lr=0.000234 | 50 MB alloc | last_eval=74.6s
Track generation: 1323..1664 -> 341-tiles track
Track generation: 980..1238 -> 258-tiles track
Track generation: 1086..1368 -> 282-tiles track
Track generation: 1035..1298 -> 263-tiles track
Track generation: 1231..1543 -> 312-tiles track
Track generation: 1319..1653 -> 334-tiles track
Track generation: 1016..1274 -> 258-tiles track
Track generation: 1107..1387 -> 280-tiles track
Track generation: 1187..1494 -> 307-tiles track
Track generation: 1001..1259 -> 258-tiles track
retry to generate track (normal if there are not many of this messages)
Track generation: 1029..1290 -> 261-tiles track
Track generation: 1283..1613 -> 330-tiles track
Track generation: 1179..1478 -> 299-tiles track
Track generation: 1252..1569 -> 317-tiles track
Track generation: 1208..1514 -> 306-tiles track
Track generation: 1170..1467 -> 297-tiles track
Track generation: 1147..1444 -> 297-tiles track
Track generation: 1298..1627 -> 329-tiles track
Track generation: 1102..1387 -> 285-tiles track
retry to generate track (normal if there are not many of this messages)
Track generation: 1292..1619 -> 327-tiles track
Track generation: 1246..1565 -> 319-tiles track
[TorchPPO] 8.6% | 860,160/10,000,000 | 108 steps/s | avg 112 steps/s | 0.01 iters/s | ETA 23.5h | pg=0.0023 | vf=51.0217 | ent=-3.5172 | kl=0.006126 | clip=0.079 | grad=23.683 | lr=0.000229 | 50 MB alloc | last_eval=31.5s
Track generation: 1249..1565 -> 316-tiles track
Track generation: 1259..1578 -> 319-tiles track
Track generation: 1159..1453 -> 294-tiles track
Track generation: 1206..1512 -> 306-tiles track
Track generation: 1036..1305 -> 269-tiles track
[TorchPPO] 6.4% | 1,024,000/16,000,000 | 120 steps/s | avg 117 steps/s | 0.01 iters/s | ETA 34.7h | pg=-0.0004 | vf=35.6601 | ent=-3.5672 | kl=0.006155 | clip=0.078 | grad=23.533 | lr=0.000234 | 50 MB alloc | last_eval=74.6s
[TorchPPO] Checkpoint saved: /workspace/Racing_Gym_RL/artifacts/prime_marl_10car_16m/models/torch_ppo_step_1024000.pt
Track generation: 1071..1343 -> 272-tiles track
Track generation: 1184..1484 -> 300-tiles track
Track generation: 1016..1274 -> 258-tiles track
Track generation: 1179..1481 -> 302-tiles track
retry to generate track (normal if there are not many of this messages)
Track generation: 1127..1413 -> 286-tiles track
Track generation: 1204..1517 -> 313-tiles track
Track generation: 1084..1359 -> 275-tiles track
Track generation: 1336..1674 -> 338-tiles track
Track generation: 1399..1753 -> 354-tiles track
Track generation: 1180..1479 -> 299-tiles track
Track generation: 1236..1549 -> 313-tiles track
Track generation: 1168..1464 -> 296-tiles track
Track generation: 939..1182 -> 243-tiles track
Track generation: 1076..1355 -> 279-tiles track
Track generation: 1166..1469 -> 303-tiles track
Track generation: 1217..1533 -> 316-tiles track
Track generation: 1200..1504 -> 304-tiles track
[TorchPPO] 8.7% | 870,400/10,000,000 | 107 steps/s | avg 111 steps/s | 0.01 iters/s | ETA 23.6h | pg=0.0019 | vf=44.1959 | ent=-3.5187 | kl=0.008811 | clip=0.107 | grad=25.345 | lr=0.000228 | 50 MB alloc | last_eval=31.5s
[TorchPPO Eval] step=1,024,000 | mean_reward=46.67 +/- 0.00 | progress=12.01% | offtrack_rate=100.00% | contact_rate=0.00% | hook_rate=0.00% | contact_term_rate=0.00% | steer_var=0.13434 | mean_speed=27.11 | throttle=0.93 | brake=0.00 | stage=1 | eval_time=58.2s (new best!)
[TorchPPO] Best model saved (step 1,024,000, reward 46.67):
  -> /workspace/Racing_Gym_RL/artifacts/prime_marl_10car_16m/models/best_model_torch.pt
  -> (copy) /workspace/Racing_Gym_RL/artifacts/prime_marl_10car_16m/models/best_model_torch_step_1024000.pt
Track generation: 1264..1584 -> 320-tiles track
Track generation: 1031..1293 -> 262-tiles track
Track generation: 1251..1568 -> 317-tiles track
Track generation: 1161..1455 -> 294-tiles track
Track generation: 1044..1314 -> 270-tiles track
retry to generate track (normal if there are not many of this messages)
Track generation: 1095..1373 -> 278-tiles track
Track generation: 1144..1434 -> 290-tiles track
Track generation: 1323..1658 -> 335-tiles track
Track generation: 936..1179 -> 243-tiles track
Track generation: 1209..1516 -> 307-tiles track
Track generation: 1272..1594 -> 322-tiles track
Track generation: 1135..1423 -> 288-tiles track
Track generation: 1023..1283 -> 260-tiles track
[TorchPPO] 8.8% | 880,640/10,000,000 | 107 steps/s | avg 111 steps/s | 0.01 iters/s | ETA 23.7h | pg=0.0014 | vf=50.5708 | ent=-3.5205 | kl=0.008942 | clip=0.115 | grad=26.956 | lr=0.000228 | 51 MB alloc | last_eval=31.5s
Track generation: 1115..1398 -> 283-tiles track
Track generation: 1076..1355 -> 279-tiles track
Track generation: 1057..1330 -> 273-tiles track
Track generation: 1176..1474 -> 298-tiles track
Track generation: 1115..1398 -> 283-tiles track
Track generation: 1044..1307 -> 263-tiles track
retry to generate track (normal if there are not many of this messages)
Track generation: 1047..1313 -> 266-tiles track
Track generation: 1138..1436 -> 298-tiles track
Track generation: 1201..1514 -> 313-tiles track
Track generation: 1114..1397 -> 283-tiles track
[TorchPPO] 6.5% | 1,034,240/16,000,000 | 72 steps/s | avg 116 steps/s | 0.01 iters/s | ETA 57.7h | pg=0.0016 | vf=29.6013 | ent=-3.5691 | kl=0.005506 | clip=0.067 | grad=37.680 | lr=0.000234 | 51 MB alloc | last_eval=58.2s
Track generation: 1260..1579 -> 319-tiles track
Track generation: 1179..1479 -> 300-tiles track
retry to generate track (normal if there are not many of this messages)
Track generation: 1179..1478 -> 299-tiles track
Track generation: 1276..1599 -> 323-tiles track
Track generation: 1315..1648 -> 333-tiles track
Track generation: 1088..1364 -> 276-tiles track
Track generation: 1226..1537 -> 311-tiles track
Track generation: 1000..1256 -> 256-tiles track
retry to generate track (normal if there are not many of this messages)
Track generation: 1133..1420 -> 287-tiles track
[TorchPPO] 6.5% | 1,044,480/16,000,000 | 119 steps/s | avg 116 steps/s | 0.01 iters/s | ETA 34.8h | pg=0.0024 | vf=43.6853 | ent=-3.5710 | kl=0.008832 | clip=0.112 | grad=36.698 | lr=0.000234 | 50 MB alloc | last_eval=58.2s
Track generation: 1252..1569 -> 317-tiles track
Track generation: 1224..1534 -> 310-tiles track
Track generation: 1143..1433 -> 290-tiles track
Track generation: 1103..1387 -> 284-tiles track
retry to generate track (normal if there are not many of this messages)
Track generation: 1114..1396 -> 282-tiles track
Track generation: 1180..1479 -> 299-tiles track
Track generation: 1099..1378 -> 279-tiles track
Track generation: 1228..1547 -> 319-tiles track
Track generation: 1239..1552 -> 313-tiles track
Track generation: 1157..1455 -> 298-tiles track
Track generation: 1252..1569 -> 317-tiles track
Track generation: 1202..1507 -> 305-tiles track
Track generation: 1204..1509 -> 305-tiles track
Track generation: 1054..1322 -> 268-tiles track
Track generation: 1156..1449 -> 293-tiles track
[TorchPPO] 8.9% | 890,880/10,000,000 | 109 steps/s | avg 111 steps/s | 0.01 iters/s | ETA 23.1h | pg=0.0038 | vf=70.8423 | ent=-3.5225 | kl=0.012408 | clip=0.147 | grad=39.058 | lr=0.000228 | 50 MB alloc | last_eval=31.5s
Track generation: 1170..1466 -> 296-tiles track
Track generation: 1080..1354 -> 274-tiles track
Track generation: 1244..1559 -> 315-tiles track
Track generation: 1140..1437 -> 297-tiles track
[TorchPPO] 6.6% | 1,054,720/16,000,000 | 121 steps/s | avg 116 steps/s | 0.01 iters/s | ETA 34.4h | pg=0.0064 | vf=39.6431 | ent=-3.5730 | kl=0.013567 | clip=0.179 | grad=35.626 | lr=0.000234 | 50 MB alloc | last_eval=58.2s
Track generation: 1102..1384 -> 282-tiles track
retry to generate track (normal if there are not many of this messages)
Track generation: 1144..1434 -> 290-tiles track
Track generation: 1285..1610 -> 325-tiles track
Track generation: 1108..1389 -> 281-tiles track
Track generation: 979..1232 -> 253-tiles track
Track generation: 1214..1522 -> 308-tiles track
Track generation: 1264..1584 -> 320-tiles track
Track generation: 1069..1346 -> 277-tiles track
Track generation: 1256..1574 -> 318-tiles track
Track generation: 1123..1408 -> 285-tiles track
Track generation: 1099..1378 -> 279-tiles track
Track generation: 1235..1548 -> 313-tiles track
Track generation: 1127..1413 -> 286-tiles track
Track generation: 1184..1484 -> 300-tiles track
Track generation: 1295..1623 -> 328-tiles track
Track generation: 1090..1374 -> 284-tiles track
[TorchPPO] 9.0% | 901,120/10,000,000 | 119 steps/s | avg 111 steps/s | 0.01 iters/s | ETA 21.2h | pg=0.0039 | vf=44.9483 | ent=-3.5246 | kl=0.008958 | clip=0.110 | grad=31.591 | lr=0.000228 | 50 MB alloc | last_eval=31.5s
Track generation: 1109..1391 -> 282-tiles track
Track generation: 1184..1484 -> 300-tiles track
Track generation: 1168..1464 -> 296-tiles track
Track generation: 1188..1489 -> 301-tiles track
Track generation: 1167..1463 -> 296-tiles track
Track generation: 1026..1293 -> 267-tiles track
[TorchPPO] 6.7% | 1,064,960/16,000,000 | 121 steps/s | avg 116 steps/s | 0.01 iters/s | ETA 34.4h | pg=0.0044 | vf=43.9659 | ent=-3.5749 | kl=0.011175 | clip=0.149 | grad=28.167 | lr=0.000234 | 51 MB alloc | last_eval=58.2s
Track generation: 1176..1474 -> 298-tiles track
Track generation: 1100..1386 -> 286-tiles track
Track generation: 1064..1334 -> 270-tiles track
Track generation: 1215..1523 -> 308-tiles track
Track generation: 1050..1323 -> 273-tiles track
Track generation: 1172..1469 -> 297-tiles track
Track generation: 1132..1419 -> 287-tiles track
Track generation: 1098..1376 -> 278-tiles track
Track generation: 1264..1593 -> 329-tiles track
Track generation: 1135..1431 -> 296-tiles track
Track generation: 1064..1334 -> 270-tiles track
Track generation: 1023..1283 -> 260-tiles track
Track generation: 1171..1470 -> 299-tiles track
retry to generate track (normal if there are not many of this messages)
Track generation: 1115..1404 -> 289-tiles track
[TorchPPO] 9.1% | 911,360/10,000,000 | 121 steps/s | avg 112 steps/s | 0.01 iters/s | ETA 20.9h | pg=0.0032 | vf=50.1021 | ent=-3.5263 | kl=0.007691 | clip=0.097 | grad=19.571 | lr=0.000227 | 51 MB alloc | last_eval=31.5s
Track generation: 1068..1339 -> 271-tiles track
Track generation: 1296..1624 -> 328-tiles track
Track generation: 1309..1640 -> 331-tiles track
Track generation: 1142..1432 -> 290-tiles track
[TorchPPO] 6.7% | 1,075,200/16,000,000 | 118 steps/s | avg 116 steps/s | 0.01 iters/s | ETA 35.0h | pg=0.0001 | vf=34.8573 | ent=-3.5768 | kl=0.003994 | clip=0.045 | grad=35.972 | lr=0.000233 | 50 MB alloc | last_eval=58.2s
Track generation: 1101..1380 -> 279-tiles track
Track generation: 1135..1423 -> 288-tiles track
Track generation: 1120..1404 -> 284-tiles track
Track generation: 1027..1288 -> 261-tiles track
Track generation: 1201..1506 -> 305-tiles track
Track generation: 1188..1489 -> 301-tiles track
Track generation: 1228..1539 -> 311-tiles track
Track generation: 1004..1259 -> 255-tiles track
Track generation: 1056..1332 -> 276-tiles track
Track generation: 1103..1383 -> 280-tiles track
Track generation: 1236..1549 -> 313-tiles track
Track generation: 1100..1379 -> 279-tiles track
Track generation: 1063..1333 -> 270-tiles track
[TorchPPO] 9.2% | 921,600/10,000,000 | 122 steps/s | avg 112 steps/s | 0.01 iters/s | ETA 20.7h | pg=0.0033 | vf=40.7480 | ent=-3.5277 | kl=0.011581 | clip=0.137 | grad=29.753 | lr=0.000227 | 50 MB alloc | last_eval=31.5s
Track generation: 1056..1324 -> 268-tiles track
Track generation: 1283..1608 -> 325-tiles track
Track generation: 1104..1384 -> 280-tiles track
Track generation: 1114..1395 -> 281-tiles track
Track generation: 998..1251 -> 253-tiles track
[TorchPPO] 6.8% | 1,085,440/16,000,000 | 125 steps/s | avg 116 steps/s | 0.01 iters/s | ETA 33.3h | pg=0.0014 | vf=23.0590 | ent=-3.5789 | kl=0.005314 | clip=0.067 | grad=16.872 | lr=0.000233 | 50 MB alloc | last_eval=58.2s
Track generation: 1189..1490 -> 301-tiles track
Track generation: 1065..1340 -> 275-tiles track
Track generation: 1160..1454 -> 294-tiles track
Track generation: 1147..1438 -> 291-tiles track
Track generation: 1144..1434 -> 290-tiles track
Track generation: 1276..1599 -> 323-tiles track
Track generation: 1147..1438 -> 291-tiles track
Track generation: 1191..1493 -> 302-tiles track
Track generation: 1227..1538 -> 311-tiles track
Track generation: 1110..1392 -> 282-tiles track
Track generation: 1012..1269 -> 257-tiles track
[TorchPPO] 9.3% | 931,840/10,000,000 | 121 steps/s | avg 112 steps/s | 0.01 iters/s | ETA 20.8h | pg=0.0032 | vf=41.2238 | ent=-3.5294 | kl=0.008177 | clip=0.106 | grad=24.964 | lr=0.000227 | 50 MB alloc | last_eval=31.5s
Track generation: 1189..1491 -> 302-tiles track
Track generation: 1226..1541 -> 315-tiles track
Track generation: 1204..1509 -> 305-tiles track
Track generation: 1203..1508 -> 305-tiles track
Track generation: 1095..1373 -> 278-tiles track
[TorchPPO] 6.8% | 1,095,680/16,000,000 | 123 steps/s | avg 116 steps/s | 0.01 iters/s | ETA 33.6h | pg=0.0021 | vf=32.2152 | ent=-3.5810 | kl=0.006352 | clip=0.076 | grad=22.843 | lr=0.000233 | 51 MB alloc | last_eval=58.2s
Track generation: 1242..1556 -> 314-tiles track
Track generation: 893..1127 -> 234-tiles track
Track generation: 1144..1438 -> 294-tiles track
retry to generate track (normal if there are not many of this messages)
Track generation: 1030..1291 -> 261-tiles track
Track generation: 1063..1335 -> 272-tiles track
retry to generate track (normal if there are not many of this messages)
Track generation: 1116..1399 -> 283-tiles track
Track generation: 1191..1493 -> 302-tiles track
Track generation: 1012..1273 -> 261-tiles track
Track generation: 1133..1429 -> 296-tiles track
Track generation: 1070..1346 -> 276-tiles track
retry to generate track (normal if there are not many of this messages)
Track generation: 1106..1394 -> 288-tiles track
Track generation: 1112..1394 -> 282-tiles track
Track generation: 1129..1416 -> 287-tiles track
Track generation: 1160..1454 -> 294-tiles track
Track generation: 1206..1512 -> 306-tiles track
Track generation: 1213..1520 -> 307-tiles track
Track generation: 1006..1261 -> 255-tiles track
[TorchPPO] 9.4% | 942,080/10,000,000 | 122 steps/s | avg 112 steps/s | 0.01 iters/s | ETA 20.7h | pg=0.0068 | vf=46.0291 | ent=-3.5317 | kl=0.014757 | clip=0.190 | grad=12.507 | lr=0.000227 | 51 MB alloc | last_eval=31.5s
Track generation: 1088..1372 -> 284-tiles track
Track generation: 1040..1309 -> 269-tiles track
Track generation: 1002..1264 -> 262-tiles track
Track generation: 1385..1744 -> 359-tiles track
Track generation: 1248..1564 -> 316-tiles track
Track generation: 1008..1264 -> 256-tiles track
[TorchPPO] 6.9% | 1,105,920/16,000,000 | 125 steps/s | avg 116 steps/s | 0.01 iters/s | ETA 33.2h | pg=-0.0000 | vf=30.5436 | ent=-3.5826 | kl=0.004747 | clip=0.053 | grad=22.166 | lr=0.000233 | 50 MB alloc | last_eval=58.2s
Track generation: 1131..1421 -> 290-tiles track
retry to generate track (normal if there are not many of this messages)
Track generation: 1108..1396 -> 288-tiles track
Track generation: 1040..1304 -> 264-tiles track
Track generation: 1095..1376 -> 281-tiles track
retry to generate track (normal if there are not many of this messages)
Track generation: 992..1250 -> 258-tiles track
Track generation: 1256..1574 -> 318-tiles track
Track generation: 1229..1540 -> 311-tiles track
Track generation: 1016..1283 -> 267-tiles track
Track generation: 1316..1648 -> 332-tiles track
Track generation: 1118..1410 -> 292-tiles track
Track generation: 1208..1514 -> 306-tiles track
Track generation: 1178..1476 -> 298-tiles track
Track generation: 1148..1439 -> 291-tiles track
Track generation: 1234..1547 -> 313-tiles track
Track generation: 1238..1551 -> 313-tiles track
Track generation: 1094..1382 -> 288-tiles track
Track generation: 1083..1357 -> 274-tiles track
[TorchPPO] 9.5% | 952,320/10,000,000 | 120 steps/s | avg 112 steps/s | 0.01 iters/s | ETA 20.9h | pg=0.0026 | vf=32.4081 | ent=-3.5346 | kl=0.008585 | clip=0.111 | grad=28.041 | lr=0.000226 | 50 MB alloc | last_eval=31.5s
Track generation: 1150..1452 -> 302-tiles track
Track generation: 1084..1359 -> 275-tiles track
[TorchPPO] 7.0% | 1,116,160/16,000,000 | 128 steps/s | avg 116 steps/s | 0.01 iters/s | ETA 32.4h | pg=0.0019 | vf=55.6627 | ent=-3.5843 | kl=0.008219 | clip=0.105 | grad=31.787 | lr=0.000233 | 50 MB alloc | last_eval=58.2s
Track generation: 1067..1343 -> 276-tiles track
Track generation: 1107..1388 -> 281-tiles track
Track generation: 1139..1428 -> 289-tiles track
Track generation: 1074..1334 -> 260-tiles track
retry to generate track (normal if there are not many of this messages)
Track generation: 1288..1614 -> 326-tiles track
Track generation: 1244..1559 -> 315-tiles track
Track generation: 1184..1484 -> 300-tiles track
Track generation: 1148..1439 -> 291-tiles track
Track generation: 1008..1264 -> 256-tiles track
Track generation: 1136..1424 -> 288-tiles track
Track generation: 1219..1528 -> 309-tiles track
[TorchPPO] 9.6% | 962,560/10,000,000 | 123 steps/s | avg 112 steps/s | 0.01 iters/s | ETA 20.4h | pg=-0.0008 | vf=40.9988 | ent=-3.5374 | kl=0.007786 | clip=0.100 | grad=28.565 | lr=0.000226 | 50 MB alloc | last_eval=31.5s
Track generation: 1211..1518 -> 307-tiles track
Track generation: 1237..1550 -> 313-tiles track
Track generation: 1083..1358 -> 275-tiles track
Track generation: 1160..1454 -> 294-tiles track
Track generation: 1127..1412 -> 285-tiles track
Track generation: 1135..1423 -> 288-tiles track
[TorchPPO] 7.0% | 1,126,400/16,000,000 | 122 steps/s | avg 116 steps/s | 0.01 iters/s | ETA 33.8h | pg=0.0037 | vf=17.6896 | ent=-3.5859 | kl=0.011254 | clip=0.138 | grad=36.584 | lr=0.000233 | 51 MB alloc | last_eval=58.2s
Track generation: 1276..1599 -> 323-tiles track
Track generation: 1236..1549 -> 313-tiles track
Track generation: 1136..1424 -> 288-tiles track
Track generation: 1165..1460 -> 295-tiles track
Track generation: 1095..1373 -> 278-tiles track
Track generation: 1104..1417 -> 313-tiles track
retry to generate track (normal if there are not many of this messages)
Track generation: 1247..1563 -> 316-tiles track
[TorchPPO] 9.7% | 972,800/10,000,000 | 121 steps/s | avg 112 steps/s | 0.01 iters/s | ETA 20.8h | pg=-0.0001 | vf=33.1007 | ent=-3.5394 | kl=0.005904 | clip=0.072 | grad=21.676 | lr=0.000226 | 51 MB alloc | last_eval=31.5s
Track generation: 1119..1411 -> 292-tiles track
Track generation: 1299..1628 -> 329-tiles track
Track generation: 1058..1332 -> 274-tiles track
[TorchPPO] 7.1% | 1,136,640/16,000,000 | 126 steps/s | avg 117 steps/s | 0.01 iters/s | ETA 32.8h | pg=0.0116 | vf=58.4072 | ent=-3.5872 | kl=0.026022 | clip=0.263 | grad=48.566 | lr=0.000232 | 50 MB alloc | last_eval=58.2s
Track generation: 1260..1579 -> 319-tiles track
Track generation: 1016..1279 -> 263-tiles track
Track generation: 1288..1614 -> 326-tiles track
Track generation: 1305..1636 -> 331-tiles track
Track generation: 1007..1263 -> 256-tiles track
Track generation: 1217..1531 -> 314-tiles track
retry to generate track (normal if there are not many of this messages)
Track generation: 1243..1558 -> 315-tiles track
Track generation: 1164..1459 -> 295-tiles track
Track generation: 1092..1378 -> 286-tiles track
Track generation: 1149..1446 -> 297-tiles track
[TorchPPO] 9.8% | 983,040/10,000,000 | 120 steps/s | avg 112 steps/s | 0.01 iters/s | ETA 20.9h | pg=0.0052 | vf=88.5198 | ent=-3.5411 | kl=0.008526 | clip=0.101 | grad=45.837 | lr=0.000226 | 50 MB alloc | last_eval=31.5s
Track generation: 1042..1314 -> 272-tiles track
Track generation: 1173..1470 -> 297-tiles track
Track generation: 1024..1284 -> 260-tiles track
Track generation: 1036..1299 -> 263-tiles track
Track generation: 904..1138 -> 234-tiles track
Track generation: 1144..1434 -> 290-tiles track
Track generation: 1167..1463 -> 296-tiles track
Track generation: 1264..1584 -> 320-tiles track
Track generation: 1003..1264 -> 261-tiles track
[TorchPPO] 7.2% | 1,146,880/16,000,000 | 120 steps/s | avg 117 steps/s | 0.01 iters/s | ETA 34.3h | pg=0.0059 | vf=47.4412 | ent=-3.5884 | kl=0.016273 | clip=0.211 | grad=28.928 | lr=0.000232 | 50 MB alloc | last_eval=58.2s
Track generation: 1059..1327 -> 268-tiles track
Track generation: 1249..1565 -> 316-tiles track
Track generation: 1259..1578 -> 319-tiles track
Track generation: 1159..1453 -> 294-tiles track
Track generation: 1206..1512 -> 306-tiles track
Track generation: 1036..1305 -> 269-tiles track
Track generation: 1115..1398 -> 283-tiles track
Track generation: 1076..1355 -> 279-tiles track
[TorchPPO] 9.9% | 993,280/10,000,000 | 120 steps/s | avg 112 steps/s | 0.01 iters/s | ETA 20.8h | pg=0.0024 | vf=57.0504 | ent=-3.5423 | kl=0.008240 | clip=0.101 | grad=34.558 | lr=0.000225 | 50 MB alloc | last_eval=31.5s
Track generation: 1213..1521 -> 308-tiles track
Track generation: 1152..1444 -> 292-tiles track
[TorchPPO] 7.2% | 1,157,120/16,000,000 | 122 steps/s | avg 117 steps/s | 0.01 iters/s | ETA 33.8h | pg=0.0058 | vf=70.0549 | ent=-3.5894 | kl=0.012232 | clip=0.141 | grad=76.559 | lr=0.000232 | 51 MB alloc | last_eval=58.2s
Track generation: 1057..1330 -> 273-tiles track
Track generation: 1176..1474 -> 298-tiles track
Track generation: 1115..1398 -> 283-tiles track
Track generation: 1044..1307 -> 263-tiles track
retry to generate track (normal if there are not many of this messages)
Track generation: 1047..1313 -> 266-tiles track
Track generation: 1138..1436 -> 298-tiles track
Track generation: 1201..1514 -> 313-tiles track
Track generation: 1114..1397 -> 283-tiles track
Track generation: 1260..1579 -> 319-tiles track
Track generation: 1179..1479 -> 300-tiles track
retry to generate track (normal if there are not many of this messages)
Track generation: 1179..1478 -> 299-tiles track
[TorchPPO] 10.0% | 1,003,520/10,000,000 | 119 steps/s | avg 112 steps/s | 0.01 iters/s | ETA 21.0h | pg=0.0013 | vf=70.3832 | ent=-3.5434 | kl=0.005917 | clip=0.074 | grad=42.724 | lr=0.000225 | 51 MB alloc | last_eval=31.5s
Track generation: 1096..1374 -> 278-tiles track
Track generation: 1238..1553 -> 315-tiles track
Track generation: 1143..1433 -> 290-tiles track
[TorchPPO] 7.3% | 1,167,360/16,000,000 | 116 steps/s | avg 117 steps/s | 0.01 iters/s | ETA 35.4h | pg=0.0014 | vf=54.2308 | ent=-3.5902 | kl=0.006008 | clip=0.074 | grad=39.666 | lr=0.000232 | 50 MB alloc | last_eval=58.2s
Track generation: 1276..1599 -> 323-tiles track
Track generation: 1315..1648 -> 333-tiles track
Track generation: 1088..1364 -> 276-tiles track
Track generation: 1226..1537 -> 311-tiles track
Track generation: 1000..1256 -> 256-tiles track
retry to generate track (normal if there are not many of this messages)
Track generation: 1133..1420 -> 287-tiles track
Track generation: 1170..1466 -> 296-tiles track
Track generation: 1080..1354 -> 274-tiles track
Track generation: 1244..1559 -> 315-tiles track
Track generation: 1140..1437 -> 297-tiles track
Track generation: 1109..1391 -> 282-tiles track
[TorchPPO] 10.1% | 1,013,760/10,000,000 | 115 steps/s | avg 112 steps/s | 0.01 iters/s | ETA 21.7h | pg=0.0050 | vf=51.2716 | ent=-3.5444 | kl=0.013240 | clip=0.174 | grad=37.325 | lr=0.000225 | 50 MB alloc | last_eval=31.5s
Track generation: 1075..1349 -> 274-tiles track
retry to generate track (normal if there are not many of this messages)
Track generation: 1205..1511 -> 306-tiles track
Track generation: 1163..1458 -> 295-tiles track
[TorchPPO] 7.4% | 1,177,600/16,000,000 | 114 steps/s | avg 117 steps/s | 0.01 iters/s | ETA 36.2h | pg=0.0030 | vf=60.5098 | ent=-3.5915 | kl=0.008205 | clip=0.111 | grad=41.562 | lr=0.000232 | 50 MB alloc | last_eval=58.2s
Track generation: 1184..1484 -> 300-tiles track
Track generation: 1168..1464 -> 296-tiles track
Track generation: 1188..1489 -> 301-tiles track
Track generation: 1167..1463 -> 296-tiles track
Track generation: 1026..1293 -> 267-tiles track
Track generation: 1068..1339 -> 271-tiles track
Track generation: 1296..1624 -> 328-tiles track
Track generation: 1309..1640 -> 331-tiles track
Track generation: 1142..1432 -> 290-tiles track
Track generation: 1056..1324 -> 268-tiles track
[TorchPPO] 10.2% | 1,024,000/10,000,000 | 116 steps/s | avg 112 steps/s | 0.01 iters/s | ETA 21.5h | pg=0.0053 | vf=48.9387 | ent=-3.5457 | kl=0.011216 | clip=0.146 | grad=32.430 | lr=0.000225 | 50 MB alloc | last_eval=31.5s
[TorchPPO] Checkpoint saved: /workspace/Racing_Gym_RL/artifacts/prime_marl_10car_16m/models/torch_ppo_step_1024000.pt
[TorchPPO Eval] step=1,024,000 | mean_reward=-0.29 +/- 0.00 | progress=2.82% | offtrack_rate=100.00% | contact_rate=0.00% | hook_rate=0.00% | contact_term_rate=0.00% | steer_var=0.17664 | mean_speed=21.33 | throttle=0.98 | brake=0.00 | stage=1 | eval_time=35.6s (new best!)
[TorchPPO] Best model saved (step 1,024,000, reward -0.29):
  -> /workspace/Racing_Gym_RL/artifacts/prime_marl_10car_16m/models/best_model_torch.pt
  -> (copy) /workspace/Racing_Gym_RL/artifacts/prime_marl_10car_16m/models/best_model_torch_step_1024000.pt
Track generation: 1134..1427 -> 293-tiles track
[TorchPPO] 7.4% | 1,187,840/16,000,000 | 116 steps/s | avg 117 steps/s | 0.01 iters/s | ETA 35.5h | pg=0.0027 | vf=105.0400 | ent=-3.5924 | kl=0.003862 | clip=0.039 | grad=131.630 | lr=0.000232 | 51 MB alloc | last_eval=58.2s
Track generation: 1283..1608 -> 325-tiles track
Track generation: 1104..1384 -> 280-tiles track
Track generation: 1114..1395 -> 281-tiles track
Track generation: 998..1251 -> 253-tiles track
Track generation: 1189..1491 -> 302-tiles track
Track generation: 1226..1541 -> 315-tiles track
Track generation: 1204..1509 -> 305-tiles track
Track generation: 1203..1508 -> 305-tiles track
Track generation: 1095..1373 -> 278-tiles track
Track generation: 1088..1372 -> 284-tiles track
Track generation: 1040..1309 -> 269-tiles track
[TorchPPO] 10.3% | 1,034,240/10,000,000 | 81 steps/s | avg 112 steps/s | 0.01 iters/s | ETA 30.6h | pg=0.0032 | vf=62.5047 | ent=-3.5472 | kl=0.007052 | clip=0.089 | grad=52.003 | lr=0.000224 | 51 MB alloc | last_eval=35.6s
Track generation: 1089..1365 -> 276-tiles track
Track generation: 1164..1467 -> 303-tiles track
[TorchPPO] 7.5% | 1,198,080/16,000,000 | 112 steps/s | avg 117 steps/s | 0.01 iters/s | ETA 36.6h | pg=0.0025 | vf=21.2461 | ent=-3.5932 | kl=0.008585 | clip=0.118 | grad=52.889 | lr=0.000231 | 50 MB alloc | last_eval=58.2s
Track generation: 1002..1264 -> 262-tiles track
Track generation: 1385..1744 -> 359-tiles track
Track generation: 1248..1564 -> 316-tiles track
Track generation: 1008..1264 -> 256-tiles track
Track generation: 1150..1452 -> 302-tiles track
Track generation: 1084..1359 -> 275-tiles track
Track generation: 1211..1518 -> 307-tiles track
Track generation: 1237..1550 -> 313-tiles track
Track generation: 1083..1358 -> 275-tiles track
Track generation: 1160..1454 -> 294-tiles track
Track generation: 1127..1412 -> 285-tiles track
Track generation: 1135..1423 -> 288-tiles track
[TorchPPO] 10.4% | 1,044,480/10,000,000 | 116 steps/s | avg 112 steps/s | 0.01 iters/s | ETA 21.5h | pg=0.0018 | vf=67.1551 | ent=-3.5484 | kl=0.005194 | clip=0.064 | grad=57.634 | lr=0.000224 | 50 MB alloc | last_eval=35.6s
Track generation: 1167..1463 -> 296-tiles track
Track generation: 1019..1276 -> 257-tiles track
Track generation: 1085..1368 -> 283-tiles track
Track generation: 1071..1343 -> 272-tiles track
Track generation: 1247..1563 -> 316-tiles track
Track generation: 1043..1308 -> 265-tiles track
[TorchPPO] 7.6% | 1,208,320/16,000,000 | 105 steps/s | avg 116 steps/s | 0.01 iters/s | ETA 39.2h | pg=0.0081 | vf=31.3931 | ent=-3.5940 | kl=0.017522 | clip=0.226 | grad=36.138 | lr=0.000231 | 50 MB alloc | last_eval=58.2s
Track generation: 1119..1411 -> 292-tiles track
Track generation: 1299..1628 -> 329-tiles track
Track generation: 1058..1332 -> 274-tiles track
Track generation: 1042..1314 -> 272-tiles track
Track generation: 1173..1470 -> 297-tiles track
Track generation: 1024..1284 -> 260-tiles track
Track generation: 1036..1299 -> 263-tiles track
Track generation: 904..1138 -> 234-tiles track
[TorchPPO] 10.5% | 1,054,720/10,000,000 | 118 steps/s | avg 112 steps/s | 0.01 iters/s | ETA 21.1h | pg=0.0007 | vf=52.7421 | ent=-3.5496 | kl=0.006699 | clip=0.082 | grad=29.392 | lr=0.000224 | 50 MB alloc | last_eval=35.6s
Track generation: 1263..1583 -> 320-tiles track
Track generation: 1116..1399 -> 283-tiles track
Track generation: 1365..1711 -> 346-tiles track
[TorchPPO] 7.6% | 1,218,560/16,000,000 | 107 steps/s | avg 116 steps/s | 0.01 iters/s | ETA 38.5h | pg=0.0143 | vf=68.9562 | ent=-3.5949 | kl=0.029992 | clip=0.323 | grad=61.728 | lr=0.000231 | 51 MB alloc | last_eval=58.2s
Track generation: 1144..1434 -> 290-tiles track
Track generation: 1167..1463 -> 296-tiles track
Track generation: 1264..1584 -> 320-tiles track
Track generation: 1003..1264 -> 261-tiles track
Track generation: 1213..1521 -> 308-tiles track
Track generation: 1152..1444 -> 292-tiles track
Track generation: 1096..1374 -> 278-tiles track
Track generation: 1238..1553 -> 315-tiles track
Track generation: 1143..1433 -> 290-tiles track
[TorchPPO] 10.6% | 1,064,960/10,000,000 | 120 steps/s | avg 112 steps/s | 0.01 iters/s | ETA 20.7h | pg=0.0016 | vf=67.2062 | ent=-3.5511 | kl=0.007039 | clip=0.090 | grad=57.172 | lr=0.000224 | 51 MB alloc | last_eval=35.6s
Track generation: 1157..1450 -> 293-tiles track
Track generation: 1297..1631 -> 334-tiles track
retry to generate track (normal if there are not many of this messages)
Track generation: 1060..1329 -> 269-tiles track
Track generation: 884..1114 -> 230-tiles track
retry to generate track (normal if there are not many of this messages)
Track generation: 1119..1403 -> 284-tiles track
Track generation: 1256..1574 -> 318-tiles track
Track generation: 865..1089 -> 224-tiles track
retry to generate track (normal if there are not many of this messages)
Track generation: 1189..1490 -> 301-tiles track
Track generation: 1060..1329 -> 269-tiles track
Track generation: 1170..1467 -> 297-tiles track
[TorchPPO] 7.7% | 1,228,800/16,000,000 | 108 steps/s | avg 116 steps/s | 0.01 iters/s | ETA 38.0h | pg=0.0025 | vf=39.6566 | ent=-3.5959 | kl=0.008947 | clip=0.116 | grad=51.091 | lr=0.000231 | 50 MB alloc | last_eval=58.2s
[TorchPPO] Checkpoint saved: /workspace/Racing_Gym_RL/artifacts/prime_marl_10car_16m/models/torch_ppo_step_1228800.pt
Track generation: 1075..1349 -> 274-tiles track
retry to generate track (normal if there are not many of this messages)
Track generation: 1205..1511 -> 306-tiles track
Track generation: 1163..1458 -> 295-tiles track
Track generation: 1134..1427 -> 293-tiles track
Track generation: 1089..1365 -> 276-tiles track
Track generation: 1164..1467 -> 303-tiles track
Track generation: 1167..1463 -> 296-tiles track
Track generation: 1019..1276 -> 257-tiles track
[TorchPPO] 10.8% | 1,075,200/10,000,000 | 118 steps/s | avg 112 steps/s | 0.01 iters/s | ETA 20.9h | pg=0.0020 | vf=58.4691 | ent=-3.5525 | kl=0.007999 | clip=0.106 | grad=25.441 | lr=0.000223 | 50 MB alloc | last_eval=35.6s
Track generation: 1085..1368 -> 283-tiles track
Track generation: 1071..1343 -> 272-tiles track
Track generation: 1247..1563 -> 316-tiles track
Track generation: 1043..1308 -> 265-tiles track
Track generation: 1263..1583 -> 320-tiles track
Track generation: 1116..1399 -> 283-tiles track
[TorchPPO] 10.9% | 1,085,440/10,000,000 | 122 steps/s | avg 112 steps/s | 0.01 iters/s | ETA 20.3h | pg=0.0031 | vf=49.5642 | ent=-3.5537 | kl=0.011467 | clip=0.152 | grad=28.242 | lr=0.000223 | 50 MB alloc | last_eval=35.6s
[TorchPPO Eval] step=1,228,800 | mean_reward=111.12 +/- 0.00 | progress=28.80% | offtrack_rate=100.00% | contact_rate=0.00% | hook_rate=0.00% | contact_term_rate=0.00% | steer_var=0.07659 | mean_speed=28.17 | throttle=0.94 | brake=0.00 | stage=1 | eval_time=116.7s (new best!)
[TorchPPO] Best model saved (step 1,228,800, reward 111.12):
  -> /workspace/Racing_Gym_RL/artifacts/prime_marl_10car_16m/models/best_model_torch.pt
  -> (copy) /workspace/Racing_Gym_RL/artifacts/prime_marl_10car_16m/models/best_model_torch_step_1228800.pt
Track generation: 1365..1711 -> 346-tiles track
Track generation: 1157..1450 -> 293-tiles track
Track generation: 1297..1631 -> 334-tiles track
retry to generate track (normal if there are not many of this messages)
Track generation: 1060..1329 -> 269-tiles track
Track generation: 884..1114 -> 230-tiles track
retry to generate track (normal if there are not many of this messages)
Track generation: 1119..1403 -> 284-tiles track
Track generation: 1256..1574 -> 318-tiles track
Track generation: 865..1089 -> 224-tiles track
retry to generate track (normal if there are not many of this messages)
Track generation: 1189..1490 -> 301-tiles track
Track generation: 1060..1329 -> 269-tiles track
Track generation: 1170..1467 -> 297-tiles track
Track generation: 1046..1313 -> 267-tiles track
retry to generate track (normal if there are not many of this messages)
Track generation: 1208..1514 -> 306-tiles track
Track generation: 1199..1503 -> 304-tiles track
Track generation: 1088..1364 -> 276-tiles track
Track generation: 1143..1440 -> 297-tiles track
Track generation: 988..1247 -> 259-tiles track
Track generation: 1071..1343 -> 272-tiles track
Track generation: 1193..1495 -> 302-tiles track
[TorchPPO] 11.0% | 1,095,680/10,000,000 | 120 steps/s | avg 112 steps/s | 0.01 iters/s | ETA 20.7h | pg=0.0066 | vf=70.6943 | ent=-3.5551 | kl=0.013637 | clip=0.175 | grad=38.791 | lr=0.000223 | 51 MB alloc | last_eval=35.6s
Track generation: 1046..1313 -> 267-tiles track
retry to generate track (normal if there are not many of this messages)
Track generation: 1208..1514 -> 306-tiles track
Track generation: 1199..1503 -> 304-tiles track
Track generation: 1088..1364 -> 276-tiles track
Track generation: 1143..1440 -> 297-tiles track
Track generation: 988..1247 -> 259-tiles track
Track generation: 1071..1343 -> 272-tiles track
Track generation: 1193..1495 -> 302-tiles track
Track generation: 1042..1307 -> 265-tiles track
[TorchPPO] 7.7% | 1,239,040/16,000,000 | 51 steps/s | avg 115 steps/s | 0.00 iters/s | ETA 80.9h | pg=0.0024 | vf=49.5847 | ent=-3.5969 | kl=0.009277 | clip=0.126 | grad=19.073 | lr=0.000231 | 50 MB alloc | last_eval=116.7s
Track generation: 1042..1307 -> 265-tiles track
Track generation: 1075..1348 -> 273-tiles track
Track generation: 1363..1708 -> 345-tiles track
Track generation: 1068..1339 -> 271-tiles track
Track generation: 1106..1386 -> 280-tiles track
Track generation: 977..1226 -> 249-tiles track
Track generation: 1001..1260 -> 259-tiles track
Track generation: 1078..1359 -> 281-tiles track
Track generation: 1087..1363 -> 276-tiles track
Track generation: 1155..1448 -> 293-tiles track
Track generation: 1236..1549 -> 313-tiles track
Track generation: 1161..1456 -> 295-tiles track
Track generation: 1227..1538 -> 311-tiles track
[TorchPPO] 11.1% | 1,105,920/10,000,000 | 121 steps/s | avg 112 steps/s | 0.01 iters/s | ETA 20.5h | pg=0.0034 | vf=54.6237 | ent=-3.5564 | kl=0.009345 | clip=0.110 | grad=28.839 | lr=0.000223 | 50 MB alloc | last_eval=35.6s
Track generation: 1075..1348 -> 273-tiles track
Track generation: 1363..1708 -> 345-tiles track
Track generation: 1068..1339 -> 271-tiles track
Track generation: 1106..1386 -> 280-tiles track
Track generation: 977..1226 -> 249-tiles track
Track generation: 1001..1260 -> 259-tiles track
[TorchPPO] 7.8% | 1,249,280/16,000,000 | 112 steps/s | avg 115 steps/s | 0.01 iters/s | ETA 36.6h | pg=0.0082 | vf=71.0145 | ent=-3.5983 | kl=0.016570 | clip=0.197 | grad=41.412 | lr=0.000231 | 51 MB alloc | last_eval=116.7s
Track generation: 1143..1433 -> 290-tiles track
Track generation: 1199..1503 -> 304-tiles track
Track generation: 1105..1387 -> 282-tiles track
Track generation: 1084..1359 -> 275-tiles track
Track generation: 1176..1472 -> 296-tiles track
Track generation: 1072..1344 -> 272-tiles track
Track generation: 1147..1438 -> 291-tiles track
Track generation: 1268..1588 -> 320-tiles track
Track generation: 1144..1434 -> 290-tiles track
Track generation: 1218..1527 -> 309-tiles track
Track generation: 1080..1354 -> 274-tiles track
[TorchPPO] 11.2% | 1,116,160/10,000,000 | 111 steps/s | avg 112 steps/s | 0.01 iters/s | ETA 22.2h | pg=0.0005 | vf=43.3336 | ent=-3.5581 | kl=0.005529 | clip=0.065 | grad=34.023 | lr=0.000222 | 50 MB alloc | last_eval=35.6s
Track generation: 1078..1359 -> 281-tiles track
Track generation: 1087..1363 -> 276-tiles track
[TorchPPO] 7.9% | 1,259,520/16,000,000 | 111 steps/s | avg 115 steps/s | 0.01 iters/s | ETA 36.8h | pg=0.0035 | vf=54.6598 | ent=-3.5995 | kl=0.007067 | clip=0.086 | grad=56.520 | lr=0.000230 | 50 MB alloc | last_eval=116.7s
Track generation: 1142..1437 -> 295-tiles track
Track generation: 1084..1359 -> 275-tiles track
Track generation: 1172..1469 -> 297-tiles track
Track generation: 1185..1487 -> 302-tiles track
Track generation: 1120..1412 -> 292-tiles track
Track generation: 1092..1377 -> 285-tiles track
Track generation: 1072..1344 -> 272-tiles track
[TorchPPO] 11.3% | 1,126,400/10,000,000 | 121 steps/s | avg 113 steps/s | 0.01 iters/s | ETA 20.3h | pg=0.0016 | vf=47.0972 | ent=-3.5599 | kl=0.009050 | clip=0.114 | grad=28.741 | lr=0.000222 | 51 MB alloc | last_eval=35.6s
Track generation: 1155..1448 -> 293-tiles track
Track generation: 1236..1549 -> 313-tiles track
Track generation: 1161..1456 -> 295-tiles track
[TorchPPO] 7.9% | 1,269,760/16,000,000 | 106 steps/s | avg 115 steps/s | 0.01 iters/s | ETA 38.7h | pg=0.0014 | vf=15.7471 | ent=-3.6004 | kl=0.006274 | clip=0.075 | grad=17.021 | lr=0.000230 | 50 MB alloc | last_eval=116.7s
Track generation: 1163..1458 -> 295-tiles track
Track generation: 1115..1398 -> 283-tiles track
Track generation: 1071..1343 -> 272-tiles track
Track generation: 1259..1578 -> 319-tiles track
Track generation: 1171..1468 -> 297-tiles track
Track generation: 1164..1459 -> 295-tiles track
Track generation: 1049..1315 -> 266-tiles track
Track generation: 979..1234 -> 255-tiles track
Track generation: 1104..1384 -> 280-tiles track
[TorchPPO] 11.4% | 1,136,640/10,000,000 | 112 steps/s | avg 113 steps/s | 0.01 iters/s | ETA 22.1h | pg=0.0019 | vf=62.1997 | ent=-3.5618 | kl=0.008367 | clip=0.108 | grad=37.997 | lr=0.000222 | 50 MB alloc | last_eval=35.6s
Track generation: 1227..1538 -> 311-tiles track
Track generation: 1143..1433 -> 290-tiles track
Track generation: 1199..1503 -> 304-tiles track
Track generation: 1105..1387 -> 282-tiles track
[TorchPPO] 8.0% | 1,280,000/16,000,000 | 107 steps/s | avg 115 steps/s | 0.01 iters/s | ETA 38.3h | pg=0.0051 | vf=41.4717 | ent=-3.6012 | kl=0.011394 | clip=0.158 | grad=87.827 | lr=0.000230 | 51 MB alloc | last_eval=116.7s
Track generation: 1176..1474 -> 298-tiles track
Track generation: 1144..1434 -> 290-tiles track
Track generation: 1143..1433 -> 290-tiles track
Track generation: 1180..1479 -> 299-tiles track
Track generation: 1061..1330 -> 269-tiles track
Track generation: 1096..1374 -> 278-tiles track
Track generation: 1191..1492 -> 301-tiles track
Track generation: 1287..1613 -> 326-tiles track
Track generation: 947..1194 -> 247-tiles track
[TorchPPO] 11.5% | 1,146,880/10,000,000 | 121 steps/s | avg 113 steps/s | 0.01 iters/s | ETA 20.3h | pg=0.0040 | vf=87.3857 | ent=-3.5631 | kl=0.015014 | clip=0.185 | grad=51.506 | lr=0.000222 | 50 MB alloc | last_eval=35.6s
Track generation: 1084..1359 -> 275-tiles track
Track generation: 1176..1472 -> 296-tiles track
Track generation: 1072..1344 -> 272-tiles track
Track generation: 1147..1438 -> 291-tiles track
Track generation: 1268..1588 -> 320-tiles track
Track generation: 1144..1434 -> 290-tiles track
[TorchPPO] 8.1% | 1,290,240/16,000,000 | 109 steps/s | avg 115 steps/s | 0.01 iters/s | ETA 37.5h | pg=0.0049 | vf=104.1985 | ent=-3.6021 | kl=0.009992 | clip=0.124 | grad=93.702 | lr=0.000230 | 50 MB alloc | last_eval=116.7s
Track generation: 1131..1418 -> 287-tiles track
Track generation: 1071..1351 -> 280-tiles track
Track generation: 1157..1449 -> 292-tiles track
Track generation: 1187..1488 -> 301-tiles track
Track generation: 1131..1418 -> 287-tiles track
Track generation: 1031..1300 -> 269-tiles track
Track generation: 1194..1497 -> 303-tiles track
[TorchPPO] 11.6% | 1,157,120/10,000,000 | 122 steps/s | avg 113 steps/s | 0.01 iters/s | ETA 20.1h | pg=0.0052 | vf=88.1027 | ent=-3.5640 | kl=0.010904 | clip=0.128 | grad=47.612 | lr=0.000221 | 51 MB alloc | last_eval=35.6s
Track generation: 1218..1527 -> 309-tiles track
Track generation: 1080..1354 -> 274-tiles track
Track generation: 1142..1437 -> 295-tiles track
Track generation: 1084..1359 -> 275-tiles track
Track generation: 1172..1469 -> 297-tiles track
[TorchPPO] 8.1% | 1,300,480/16,000,000 | 107 steps/s | avg 115 steps/s | 0.01 iters/s | ETA 38.2h | pg=0.0014 | vf=62.4751 | ent=-3.6027 | kl=0.006184 | clip=0.078 | grad=59.276 | lr=0.000230 | 50 MB alloc | last_eval=116.7s
Track generation: 1053..1325 -> 272-tiles track
Track generation: 1084..1359 -> 275-tiles track
Track generation: 1101..1380 -> 279-tiles track
Track generation: 941..1186 -> 245-tiles track
Track generation: 1212..1519 -> 307-tiles track
Track generation: 1052..1321 -> 269-tiles track
retry to generate track (normal if there are not many of this messages)
Track generation: 1292..1619 -> 327-tiles track
[TorchPPO] 11.7% | 1,167,360/10,000,000 | 119 steps/s | avg 113 steps/s | 0.01 iters/s | ETA 20.6h | pg=0.0067 | vf=79.8394 | ent=-3.5648 | kl=0.016403 | clip=0.175 | grad=40.780 | lr=0.000221 | 50 MB alloc | last_eval=35.6s
Track generation: 1185..1487 -> 302-tiles track
Track generation: 1120..1412 -> 292-tiles track
Track generation: 1092..1377 -> 285-tiles track
Track generation: 1072..1344 -> 272-tiles track
[TorchPPO] 8.2% | 1,310,720/16,000,000 | 109 steps/s | avg 115 steps/s | 0.01 iters/s | ETA 37.5h | pg=0.0008 | vf=61.9278 | ent=-3.6035 | kl=0.005759 | clip=0.072 | grad=41.411 | lr=0.000230 | 51 MB alloc | last_eval=116.7s
Track generation: 1205..1511 -> 306-tiles track
Track generation: 1339..1678 -> 339-tiles track
Track generation: 1154..1446 -> 292-tiles track
Track generation: 1054..1321 -> 267-tiles track
Track generation: 1224..1534 -> 310-tiles track
Track generation: 1109..1398 -> 289-tiles track
Track generation: 1187..1488 -> 301-tiles track
Track generation: 1184..1484 -> 300-tiles track
Track generation: 1167..1469 -> 302-tiles track
Track generation: 1248..1565 -> 317-tiles track
Track generation: 1139..1428 -> 289-tiles track
Track generation: 1124..1409 -> 285-tiles track
[TorchPPO] 11.8% | 1,177,600/10,000,000 | 107 steps/s | avg 113 steps/s | 0.01 iters/s | ETA 22.9h | pg=0.0063 | vf=38.6457 | ent=-3.5660 | kl=0.016812 | clip=0.206 | grad=39.288 | lr=0.000221 | 50 MB alloc | last_eval=35.6s
Track generation: 1163..1458 -> 295-tiles track
Track generation: 1115..1398 -> 283-tiles track
Track generation: 1071..1343 -> 272-tiles track
Track generation: 1259..1578 -> 319-tiles track
Track generation: 1171..1468 -> 297-tiles track
Track generation: 1164..1459 -> 295-tiles track
Track generation: 1049..1315 -> 266-tiles track
Track generation: 979..1234 -> 255-tiles track
Track generation: 1104..1384 -> 280-tiles track
[TorchPPO] 8.3% | 1,320,960/16,000,000 | 109 steps/s | avg 115 steps/s | 0.01 iters/s | ETA 37.3h | pg=0.0031 | vf=33.4814 | ent=-3.6049 | kl=0.009291 | clip=0.118 | grad=35.407 | lr=0.000230 | 50 MB alloc | last_eval=116.7s
Track generation: 1244..1559 -> 315-tiles track
Track generation: 1116..1399 -> 283-tiles track
Track generation: 1212..1519 -> 307-tiles track
Track generation: 1079..1353 -> 274-tiles track
Track generation: 1157..1450 -> 293-tiles track
Track generation: 1177..1475 -> 298-tiles track
Track generation: 1016..1274 -> 258-tiles track
[TorchPPO] 11.9% | 1,187,840/10,000,000 | 111 steps/s | avg 113 steps/s | 0.01 iters/s | ETA 22.1h | pg=0.0041 | vf=55.3125 | ent=-3.5676 | kl=0.009639 | clip=0.133 | grad=31.423 | lr=0.000221 | 51 MB alloc | last_eval=35.6s
Track generation: 1176..1474 -> 298-tiles track
Track generation: 1144..1434 -> 290-tiles track
Track generation: 1143..1433 -> 290-tiles track
Track generation: 1180..1479 -> 299-tiles track
Track generation: 1061..1330 -> 269-tiles track
Track generation: 1096..1374 -> 278-tiles track
[TorchPPO] 8.3% | 1,331,200/16,000,000 | 109 steps/s | avg 115 steps/s | 0.01 iters/s | ETA 37.5h | pg=0.0034 | vf=64.6408 | ent=-3.6063 | kl=0.005910 | clip=0.076 | grad=40.470 | lr=0.000229 | 50 MB alloc | last_eval=116.7s
Track generation: 1095..1373 -> 278-tiles track
Track generation: 1379..1728 -> 349-tiles track
Track generation: 1045..1310 -> 265-tiles track
Track generation: 1250..1566 -> 316-tiles track
[TorchPPO] 12.0% | 1,198,080/10,000,000 | 123 steps/s | avg 113 steps/s | 0.01 iters/s | ETA 19.8h | pg=0.0033 | vf=54.8919 | ent=-3.5692 | kl=0.007844 | clip=0.099 | grad=53.174 | lr=0.000220 | 50 MB alloc | last_eval=35.6s
Track generation: 1191..1492 -> 301-tiles track
[TorchPPO] 8.4% | 1,341,440/16,000,000 | 108 steps/s | avg 115 steps/s | 0.01 iters/s | ETA 37.5h | pg=0.0059 | vf=92.4839 | ent=-3.6075 | kl=0.012897 | clip=0.163 | grad=61.351 | lr=0.000229 | 51 MB alloc | last_eval=116.7s
[TorchPPO] 12.1% | 1,208,320/10,000,000 | 110 steps/s | avg 113 steps/s | 0.01 iters/s | ETA 22.3h | pg=0.0018 | vf=31.2438 | ent=-3.5709 | kl=0.005808 | clip=0.071 | grad=56.890 | lr=0.000220 | 50 MB alloc | last_eval=35.6s
Track generation: 1287..1613 -> 326-tiles track
Track generation: 947..1194 -> 247-tiles track
Track generation: 1131..1418 -> 287-tiles track
[TorchPPO] 8.4% | 1,351,680/16,000,000 | 108 steps/s | avg 114 steps/s | 0.01 iters/s | ETA 37.6h | pg=0.0015 | vf=34.4044 | ent=-3.6085 | kl=0.005991 | clip=0.076 | grad=45.154 | lr=0.000229 | 50 MB alloc | last_eval=116.7s
Track generation: 1130..1416 -> 286-tiles track
Track generation: 1403..1758 -> 355-tiles track
Track generation: 1225..1535 -> 310-tiles track
Track generation: 1108..1393 -> 285-tiles track
[TorchPPO] 12.2% | 1,218,560/10,000,000 | 120 steps/s | avg 113 steps/s | 0.01 iters/s | ETA 20.3h | pg=0.0024 | vf=11.7817 | ent=-3.5725 | kl=0.009846 | clip=0.131 | grad=23.070 | lr=0.000220 | 51 MB alloc | last_eval=35.6s
Track generation: 1071..1351 -> 280-tiles track
Track generation: 1157..1449 -> 292-tiles track
Track generation: 1187..1488 -> 301-tiles track
Track generation: 1131..1418 -> 287-tiles track
Track generation: 1031..1300 -> 269-tiles track
Track generation: 1194..1497 -> 303-tiles track
Track generation: 1053..1325 -> 272-tiles track
[TorchPPO] 8.5% | 1,361,920/16,000,000 | 110 steps/s | avg 114 steps/s | 0.01 iters/s | ETA 37.0h | pg=0.0039 | vf=26.4511 | ent=-3.6097 | kl=0.007634 | clip=0.102 | grad=59.883 | lr=0.000229 | 50 MB alloc | last_eval=116.7s
Track generation: 1187..1488 -> 301-tiles track
Track generation: 1329..1666 -> 337-tiles track
Track generation: 1087..1363 -> 276-tiles track
Track generation: 1196..1499 -> 303-tiles track
Track generation: 1195..1498 -> 303-tiles track
Track generation: 1107..1388 -> 281-tiles track
Track generation: 1230..1541 -> 311-tiles track
Track generation: 1116..1399 -> 283-tiles track
Track generation: 1267..1586 -> 319-tiles track
Track generation: 1075..1348 -> 273-tiles track
Track generation: 937..1181 -> 244-tiles track
[TorchPPO] 12.3% | 1,228,800/10,000,000 | 120 steps/s | avg 113 steps/s | 0.01 iters/s | ETA 20.3h | pg=0.0116 | vf=53.4363 | ent=-3.5742 | kl=0.020271 | clip=0.220 | grad=65.174 | lr=0.000220 | 50 MB alloc | last_eval=35.6s
[TorchPPO] Checkpoint saved: /workspace/Racing_Gym_RL/artifacts/prime_marl_10car_16m/models/torch_ppo_step_1228800.pt
[TorchPPO Eval] step=1,228,800 | mean_reward=2.07 +/- 0.00 | progress=2.95% | offtrack_rate=100.00% | contact_rate=0.00% | hook_rate=0.00% | contact_term_rate=0.00% | steer_var=0.27053 | mean_speed=21.76 | throttle=0.97 | brake=0.00 | stage=1 | eval_time=33.0s (new best!)
[TorchPPO] Best model saved (step 1,228,800, reward 2.07):
  -> /workspace/Racing_Gym_RL/artifacts/prime_marl_10car_16m/models/best_model_torch.pt
  -> (copy) /workspace/Racing_Gym_RL/artifacts/prime_marl_10car_16m/models/best_model_torch_step_1228800.pt
Track generation: 1084..1359 -> 275-tiles track
Track generation: 1101..1380 -> 279-tiles track
Track generation: 941..1186 -> 245-tiles track
[TorchPPO] 8.6% | 1,372,160/16,000,000 | 108 steps/s | avg 114 steps/s | 0.01 iters/s | ETA 37.5h | pg=0.0004 | vf=32.0346 | ent=-3.6113 | kl=0.004610 | clip=0.054 | grad=38.360 | lr=0.000229 | 51 MB alloc | last_eval=116.7s
Track generation: 1058..1327 -> 269-tiles track
Track generation: 1299..1628 -> 329-tiles track
Track generation: 1087..1363 -> 276-tiles track
Track generation: 1111..1394 -> 283-tiles track
retry to generate track (normal if there are not many of this messages)
Track generation: 974..1222 -> 248-tiles track
retry to generate track (normal if there are not many of this messages)
Track generation: 1160..1453 -> 293-tiles track
Track generation: 1142..1432 -> 290-tiles track
Track generation: 1132..1428 -> 296-tiles track
[TorchPPO] 12.4% | 1,239,040/10,000,000 | 85 steps/s | avg 113 steps/s | 0.01 iters/s | ETA 28.6h | pg=0.0114 | vf=85.2445 | ent=-3.5759 | kl=0.024851 | clip=0.285 | grad=122.584 | lr=0.000219 | 50 MB alloc | last_eval=33.0s
Track generation: 1212..1519 -> 307-tiles track
Track generation: 1052..1321 -> 269-tiles track
retry to generate track (normal if there are not many of this messages)
Track generation: 1292..1619 -> 327-tiles track
Track generation: 1205..1511 -> 306-tiles track
Track generation: 1339..1678 -> 339-tiles track
Track generation: 1154..1446 -> 292-tiles track
[TorchPPO] 8.6% | 1,382,400/16,000,000 | 104 steps/s | avg 114 steps/s | 0.01 iters/s | ETA 38.9h | pg=-0.0001 | vf=67.1807 | ent=-3.6133 | kl=0.003087 | clip=0.032 | grad=66.165 | lr=0.000229 | 50 MB alloc | last_eval=116.7s
Track generation: 1153..1445 -> 292-tiles track
Track generation: 1141..1430 -> 289-tiles track
[TorchPPO] 12.5% | 1,249,280/10,000,000 | 103 steps/s | avg 112 steps/s | 0.01 iters/s | ETA 23.5h | pg=0.0043 | vf=38.7146 | ent=-3.5772 | kl=0.011250 | clip=0.156 | grad=70.441 | lr=0.000219 | 51 MB alloc | last_eval=33.0s
Track generation: 1054..1321 -> 267-tiles track
Track generation: 1224..1534 -> 310-tiles track
Track generation: 1109..1398 -> 289-tiles track
Track generation: 1187..1488 -> 301-tiles track
Track generation: 1184..1484 -> 300-tiles track
Track generation: 1167..1469 -> 302-tiles track
Track generation: 1248..1565 -> 317-tiles track
[TorchPPO] 8.7% | 1,392,640/16,000,000 | 105 steps/s | avg 114 steps/s | 0.01 iters/s | ETA 38.7h | pg=0.0017 | vf=57.4477 | ent=-3.6147 | kl=0.007493 | clip=0.097 | grad=37.329 | lr=0.000228 | 50 MB alloc | last_eval=116.7s
Track generation: 1180..1479 -> 299-tiles track
Track generation: 1181..1480 -> 299-tiles track
Track generation: 1080..1359 -> 279-tiles track
Track generation: 963..1208 -> 245-tiles track
Track generation: 1017..1279 -> 262-tiles track
Track generation: 1135..1423 -> 288-tiles track
Track generation: 1062..1338 -> 276-tiles track
Track generation: 1188..1489 -> 301-tiles track
Track generation: 1209..1515 -> 306-tiles track
Track generation: 1441..1805 -> 364-tiles track
Track generation: 1038..1308 -> 270-tiles track
[TorchPPO] 12.6% | 1,259,520/10,000,000 | 103 steps/s | avg 112 steps/s | 0.01 iters/s | ETA 23.7h | pg=0.0069 | vf=19.5047 | ent=-3.5786 | kl=0.018087 | clip=0.230 | grad=20.143 | lr=0.000219 | 50 MB alloc | last_eval=33.0s
Track generation: 1139..1428 -> 289-tiles track
Track generation: 1124..1409 -> 285-tiles track
Track generation: 1244..1559 -> 315-tiles track
Track generation: 1116..1399 -> 283-tiles track
[TorchPPO] 8.8% | 1,402,880/16,000,000 | 105 steps/s | avg 114 steps/s | 0.01 iters/s | ETA 38.5h | pg=0.0028 | vf=30.3813 | ent=-3.6158 | kl=0.009448 | clip=0.128 | grad=40.409 | lr=0.000228 | 51 MB alloc | last_eval=116.7s
Track generation: 1181..1480 -> 299-tiles track
Track generation: 1258..1575 -> 317-tiles track
Track generation: 1079..1352 -> 273-tiles track
Track generation: 1112..1394 -> 282-tiles track
Track generation: 996..1257 -> 261-tiles track
[TorchPPO] 12.7% | 1,269,760/10,000,000 | 104 steps/s | avg 112 steps/s | 0.01 iters/s | ETA 23.4h | pg=0.0048 | vf=53.7352 | ent=-3.5801 | kl=0.011016 | clip=0.153 | grad=39.409 | lr=0.000219 | 50 MB alloc | last_eval=33.0s
Track generation: 1212..1519 -> 307-tiles track
Track generation: 1079..1353 -> 274-tiles track
Track generation: 1157..1450 -> 293-tiles track
Track generation: 1177..1475 -> 298-tiles track
[TorchPPO] 8.8% | 1,413,120/16,000,000 | 107 steps/s | avg 114 steps/s | 0.01 iters/s | ETA 37.8h | pg=0.0002 | vf=29.1642 | ent=-3.6170 | kl=0.005659 | clip=0.068 | grad=20.769 | lr=0.000228 | 50 MB alloc | last_eval=116.7s
Track generation: 1139..1428 -> 289-tiles track
Track generation: 1023..1291 -> 268-tiles track
Track generation: 896..1124 -> 228-tiles track
Track generation: 1020..1287 -> 267-tiles track
Track generation: 1158..1452 -> 294-tiles track
[TorchPPO] 12.8% | 1,280,000/10,000,000 | 106 steps/s | avg 112 steps/s | 0.01 iters/s | ETA 22.9h | pg=0.0042 | vf=50.9201 | ent=-3.5817 | kl=0.009228 | clip=0.116 | grad=40.847 | lr=0.000218 | 51 MB alloc | last_eval=33.0s
Track generation: 1016..1274 -> 258-tiles track
Track generation: 1095..1373 -> 278-tiles track
Track generation: 1379..1728 -> 349-tiles track
Track generation: 1045..1310 -> 265-tiles track
Track generation: 1250..1566 -> 316-tiles track
Track generation: 1130..1416 -> 286-tiles track
Track generation: 1403..1758 -> 355-tiles track
Track generation: 1225..1535 -> 310-tiles track
Track generation: 1108..1393 -> 285-tiles track
Track generation: 1187..1488 -> 301-tiles track
Track generation: 1329..1666 -> 337-tiles track
Track generation: 1087..1363 -> 276-tiles track
Track generation: 1196..1499 -> 303-tiles track
[TorchPPO] 8.9% | 1,423,360/16,000,000 | 105 steps/s | avg 114 steps/s | 0.01 iters/s | ETA 38.4h | pg=0.0122 | vf=73.3913 | ent=-3.6185 | kl=0.031404 | clip=0.277 | grad=78.585 | lr=0.000228 | 50 MB alloc | last_eval=116.7s
Track generation: 989..1242 -> 253-tiles track
retry to generate track (normal if there are not many of this messages)
Track generation: 1141..1440 -> 299-tiles track
retry to generate track (normal if there are not many of this messages)
Track generation: 1173..1471 -> 298-tiles track
Track generation: 1166..1462 -> 296-tiles track
Track generation: 1101..1386 -> 285-tiles track
Track generation: 1168..1464 -> 296-tiles track
Track generation: 1003..1260 -> 257-tiles track
retry to generate track (normal if there are not many of this messages)
Track generation: 1088..1364 -> 276-tiles track
Track generation: 1111..1393 -> 282-tiles track
Track generation: 1136..1426 -> 290-tiles track
retry to generate track (normal if there are not many of this messages)
Track generation: 1057..1331 -> 274-tiles track
[TorchPPO] 12.9% | 1,290,240/10,000,000 | 105 steps/s | avg 112 steps/s | 0.01 iters/s | ETA 23.1h | pg=0.0011 | vf=62.2173 | ent=-3.5833 | kl=0.004854 | clip=0.059 | grad=114.808 | lr=0.000218 | 50 MB alloc | last_eval=33.0s
Track generation: 1195..1498 -> 303-tiles track
Track generation: 1107..1388 -> 281-tiles track
Track generation: 1230..1541 -> 311-tiles track
Track generation: 1116..1399 -> 283-tiles track
Track generation: 1267..1586 -> 319-tiles track
Track generation: 1075..1348 -> 273-tiles track
Track generation: 937..1181 -> 244-tiles track
[TorchPPO] 9.0% | 1,433,600/16,000,000 | 112 steps/s | avg 114 steps/s | 0.01 iters/s | ETA 36.2h | pg=0.0077 | vf=111.3750 | ent=-3.6197 | kl=0.019917 | clip=0.212 | grad=76.629 | lr=0.000228 | 51 MB alloc | last_eval=116.7s
[TorchPPO] Checkpoint saved: /workspace/Racing_Gym_RL/artifacts/prime_marl_10car_16m/models/torch_ppo_step_1433600.pt
Track generation: 1052..1319 -> 267-tiles track
Track generation: 1166..1468 -> 302-tiles track
Track generation: 1260..1579 -> 319-tiles track
Track generation: 1207..1513 -> 306-tiles track
Track generation: 974..1228 -> 254-tiles track
Track generation: 1056..1324 -> 268-tiles track
Track generation: 1216..1524 -> 308-tiles track
Track generation: 943..1183 -> 240-tiles track
Track generation: 1324..1659 -> 335-tiles track
Track generation: 1293..1621 -> 328-tiles track
[TorchPPO] 13.0% | 1,300,480/10,000,000 | 107 steps/s | avg 112 steps/s | 0.01 iters/s | ETA 22.7h | pg=0.0016 | vf=64.3277 | ent=-3.5846 | kl=0.007033 | clip=0.092 | grad=38.936 | lr=0.000218 | 50 MB alloc | last_eval=33.0s
Track generation: 1139..1428 -> 289-tiles track
Track generation: 1106..1393 -> 287-tiles track
Track generation: 1188..1489 -> 301-tiles track
Track generation: 1003..1258 -> 255-tiles track
[TorchPPO] 13.1% | 1,310,720/10,000,000 | 111 steps/s | avg 112 steps/s | 0.01 iters/s | ETA 21.7h | pg=0.0050 | vf=55.3808 | ent=-3.5859 | kl=0.011009 | clip=0.146 | grad=39.949 | lr=0.000217 | 51 MB alloc | last_eval=33.0s
Track generation: 959..1211 -> 252-tiles track
Track generation: 1143..1439 -> 296-tiles track
Track generation: 1176..1474 -> 298-tiles track
[TorchPPO] 13.2% | 1,320,960/10,000,000 | 108 steps/s | avg 112 steps/s | 0.01 iters/s | ETA 22.4h | pg=0.0029 | vf=36.8705 | ent=-3.5875 | kl=0.009121 | clip=0.102 | grad=37.567 | lr=0.000217 | 50 MB alloc | last_eval=33.0s
Track generation: 1172..1469 -> 297-tiles track
Track generation: 1039..1303 -> 264-tiles track
[TorchPPO] 13.3% | 1,331,200/10,000,000 | 106 steps/s | avg 112 steps/s | 0.01 iters/s | ETA 22.6h | pg=0.0096 | vf=26.0577 | ent=-3.5888 | kl=0.020632 | clip=0.249 | grad=22.502 | lr=0.000217 | 50 MB alloc | last_eval=33.0s
[TorchPPO Eval] step=1,433,600 | mean_reward=479.48 +/- 0.00 | progress=99.19% | offtrack_rate=0.00% | contact_rate=0.00% | hook_rate=0.00% | contact_term_rate=0.00% | steer_var=0.06713 | mean_speed=28.71 | throttle=0.95 | brake=0.00 | stage=1 | eval_time=353.4s (new best!)
[TorchPPO] Best model saved (step 1,433,600, reward 479.48):
  -> /workspace/Racing_Gym_RL/artifacts/prime_marl_10car_16m/models/best_model_torch.pt
  -> (copy) /workspace/Racing_Gym_RL/artifacts/prime_marl_10car_16m/models/best_model_torch_step_1433600.pt
[TorchPPO] Success gate reached at step 1,433,600: reward=479.48, progress=99.19%, offtrack=0.00%.
[TorchPPO] Solved checkpoint: /workspace/Racing_Gym_RL/artifacts/prime_marl_10car_16m/models/solved_model_torch_step_1433600.pt

======================================================================
TRAINING SUMMARY
======================================================================
Final model saved to: /workspace/Racing_Gym_RL/artifacts/prime_marl_10car_16m/models/final_model_torch.pt
Best model saved to: /workspace/Racing_Gym_RL/artifacts/prime_marl_10car_16m/models/best_model_torch.pt
Checkpoints saved to: /workspace/Racing_Gym_RL/artifacts/prime_marl_10car_16m/models
TensorBoard logs: artifacts/prime_marl_10car_16m/logs/torch_20260419_195807_seed42
Run artifacts: artifacts/prime_marl_10car_16m/results/torch_20260419_195807_seed42
======================================================================

Environments closed. Training complete!
[TorchPPO] 13.4% | 1,341,440/10,000,000 | 112 steps/s | avg 112 steps/s | 0.01 iters/s | ETA 21.4h | pg=0.0013 | vf=34.3428 | ent=-3.5898 | kl=0.008775 | clip=0.113 | grad=51.670 | lr=0.000217 | 51 MB alloc | last_eval=33.0s
Track generation: 1129..1424 -> 295-tiles track
Track generation: 1120..1404 -> 284-tiles track
Track generation: 1276..1598 -> 322-tiles track
[TorchPPO] 13.5% | 1,351,680/10,000,000 | 109 steps/s | avg 112 steps/s | 0.01 iters/s | ETA 22.0h | pg=0.0036 | vf=12.2981 | ent=-3.5910 | kl=0.008204 | clip=0.101 | grad=32.071 | lr=0.000216 | 50 MB alloc | last_eval=33.0s
Track generation: 1111..1393 -> 282-tiles track
Track generation: 1111..1393 -> 282-tiles track
Track generation: 1054..1322 -> 268-tiles track
Track generation: 1252..1569 -> 317-tiles track
Track generation: 1034..1297 -> 263-tiles track
Track generation: 1303..1639 -> 336-tiles track
Track generation: 1076..1357 -> 281-tiles track
Track generation: 1080..1354 -> 274-tiles track
Track generation: 1082..1365 -> 283-tiles track
Track generation: 1189..1490 -> 301-tiles track
Track generation: 1099..1378 -> 279-tiles track
Track generation: 1153..1454 -> 301-tiles track
[TorchPPO] 13.6% | 1,361,920/10,000,000 | 108 steps/s | avg 112 steps/s | 0.01 iters/s | ETA 22.2h | pg=0.0183 | vf=38.4277 | ent=-3.5922 | kl=0.041254 | clip=0.288 | grad=73.373 | lr=0.000216 | 50 MB alloc | last_eval=33.0s
Track generation: 1127..1413 -> 286-tiles track
Track generation: 1033..1295 -> 262-tiles track
Track generation: 1279..1603 -> 324-tiles track
Track generation: 1174..1480 -> 306-tiles track
Track generation: 1208..1514 -> 306-tiles track
Track generation: 999..1253 -> 254-tiles track
Track generation: 1078..1351 -> 273-tiles track
[TorchPPO] 13.7% | 1,372,160/10,000,000 | 108 steps/s | avg 112 steps/s | 0.01 iters/s | ETA 22.2h | pg=0.0721 | vf=67.5658 | ent=-3.5932 | kl=0.131160 | clip=0.539 | grad=46.059 | lr=0.000216 | 51 MB alloc | last_eval=33.0s
Track generation: 1199..1503 -> 304-tiles track
Track generation: 1048..1314 -> 266-tiles track
Track generation: 1219..1528 -> 309-tiles track
Track generation: 1234..1546 -> 312-tiles track
Track generation: 1138..1426 -> 288-tiles track
Track generation: 1175..1480 -> 305-tiles track
Track generation: 1228..1539 -> 311-tiles track
Track generation: 1221..1530 -> 309-tiles track
Track generation: 1128..1414 -> 286-tiles track
[TorchPPO] 13.8% | 1,382,400/10,000,000 | 109 steps/s | avg 112 steps/s | 0.01 iters/s | ETA 22.0h | pg=0.0061 | vf=66.6770 | ent=-3.5943 | kl=0.016618 | clip=0.222 | grad=51.479 | lr=0.000216 | 50 MB alloc | last_eval=33.0s
Track generation: 1045..1312 -> 267-tiles track
retry to generate track (normal if there are not many of this messages)
Track generation: 1200..1504 -> 304-tiles track
Track generation: 1110..1392 -> 282-tiles track
Track generation: 1249..1565 -> 316-tiles track
Track generation: 1027..1288 -> 261-tiles track
Track generation: 1035..1298 -> 263-tiles track
Track generation: 1099..1378 -> 279-tiles track
Track generation: 1270..1592 -> 322-tiles track
Track generation: 1166..1467 -> 301-tiles track
Track generation: 1224..1534 -> 310-tiles track
Track generation: 1259..1578 -> 319-tiles track
Track generation: 1136..1424 -> 288-tiles track
[TorchPPO] 13.9% | 1,392,640/10,000,000 | 106 steps/s | avg 112 steps/s | 0.01 iters/s | ETA 22.5h | pg=0.0004 | vf=64.4158 | ent=-3.5955 | kl=0.003706 | clip=0.041 | grad=42.411 | lr=0.000215 | 50 MB alloc | last_eval=33.0s
Track generation: 1181..1486 -> 305-tiles track
Track generation: 1075..1348 -> 273-tiles track
Track generation: 1303..1633 -> 330-tiles track
Track generation: 1216..1524 -> 308-tiles track
Track generation: 1120..1404 -> 284-tiles track
Track generation: 945..1187 -> 242-tiles track
retry to generate track (normal if there are not many of this messages)
Track generation: 1211..1518 -> 307-tiles track
Track generation: 1208..1514 -> 306-tiles track
Track generation: 972..1219 -> 247-tiles track
Track generation: 1286..1612 -> 326-tiles track
Track generation: 1039..1307 -> 268-tiles track
Track generation: 1365..1711 -> 346-tiles track
Track generation: 1258..1577 -> 319-tiles track
Track generation: 1365..1711 -> 346-tiles track
Track generation: 1134..1422 -> 288-tiles track
Track generation: 1244..1559 -> 315-tiles track
[TorchPPO] 14.0% | 1,402,880/10,000,000 | 107 steps/s | avg 112 steps/s | 0.01 iters/s | ETA 22.4h | pg=0.0011 | vf=51.8374 | ent=-3.5967 | kl=0.005298 | clip=0.062 | grad=39.887 | lr=0.000215 | 51 MB alloc | last_eval=33.0s
Track generation: 987..1241 -> 254-tiles track
retry to generate track (normal if there are not many of this messages)
Track generation: 1220..1529 -> 309-tiles track
Track generation: 1030..1297 -> 267-tiles track
Track generation: 1094..1382 -> 288-tiles track
Track generation: 1100..1376 -> 276-tiles track
retry to generate track (normal if there are not many of this messages)
Track generation: 1344..1684 -> 340-tiles track
Track generation: 1026..1286 -> 260-tiles track
Track generation: 1108..1389 -> 281-tiles track
Track generation: 1104..1384 -> 280-tiles track
Track generation: 1125..1411 -> 286-tiles track
Track generation: 976..1229 -> 253-tiles track
Track generation: 1164..1459 -> 295-tiles track
Track generation: 1243..1558 -> 315-tiles track
Track generation: 1109..1391 -> 282-tiles track
Track generation: 979..1228 -> 249-tiles track
[TorchPPO] 14.1% | 1,413,120/10,000,000 | 108 steps/s | avg 112 steps/s | 0.01 iters/s | ETA 22.1h | pg=0.0046 | vf=59.0729 | ent=-3.5984 | kl=0.010858 | clip=0.132 | grad=43.729 | lr=0.000215 | 50 MB alloc | last_eval=33.0s
Track generation: 1341..1681 -> 340-tiles track
Track generation: 1371..1718 -> 347-tiles track
Track generation: 1064..1334 -> 270-tiles track
Track generation: 1244..1559 -> 315-tiles track
Track generation: 1136..1424 -> 288-tiles track
Track generation: 1130..1424 -> 294-tiles track
Track generation: 1231..1549 -> 318-tiles track
Track generation: 1315..1648 -> 333-tiles track
Track generation: 1258..1577 -> 319-tiles track
Track generation: 1037..1308 -> 271-tiles track
Track generation: 1232..1544 -> 312-tiles track
Track generation: 1149..1440 -> 291-tiles track
Track generation: 1151..1443 -> 292-tiles track
[TorchPPO] 14.2% | 1,423,360/10,000,000 | 111 steps/s | avg 112 steps/s | 0.01 iters/s | ETA 21.5h | pg=0.0013 | vf=46.5126 | ent=-3.5999 | kl=0.005343 | clip=0.065 | grad=54.042 | lr=0.000215 | 50 MB alloc | last_eval=33.0s
Track generation: 1184..1484 -> 300-tiles track
Track generation: 1287..1613 -> 326-tiles track
Track generation: 1183..1483 -> 300-tiles track
Track generation: 1211..1518 -> 307-tiles track
Track generation: 1162..1456 -> 294-tiles track
[TorchPPO] 14.3% | 1,433,600/10,000,000 | 113 steps/s | avg 112 steps/s | 0.01 iters/s | ETA 21.1h | pg=-0.0000 | vf=44.6234 | ent=-3.6019 | kl=0.003835 | clip=0.040 | grad=50.033 | lr=0.000214 | 51 MB alloc | last_eval=33.0s
[TorchPPO] Checkpoint saved: /workspace/Racing_Gym_RL/artifacts/prime_marl_10car_16m/models/torch_ppo_step_1433600.pt
[TorchPPO Eval] step=1,433,600 | mean_reward=291.09 +/- 0.00 | progress=63.64% | offtrack_rate=100.00% | contact_rate=0.00% | hook_rate=0.00% | contact_term_rate=0.00% | steer_var=0.06934 | mean_speed=28.60 | throttle=0.97 | brake=0.00 | stage=1 | eval_time=234.8s (new best!)
[TorchPPO] Best model saved (step 1,433,600, reward 291.09):
  -> /workspace/Racing_Gym_RL/artifacts/prime_marl_10car_16m/models/best_model_torch.pt
  -> (copy) /workspace/Racing_Gym_RL/artifacts/prime_marl_10car_16m/models/best_model_torch_step_1433600.pt
Track generation: 1136..1424 -> 288-tiles track
Track generation: 1021..1286 -> 265-tiles track
Track generation: 1096..1374 -> 278-tiles track
Track generation: 1119..1408 -> 289-tiles track
Track generation: 1199..1503 -> 304-tiles track
Track generation: 1046..1316 -> 270-tiles track
Track generation: 1308..1639 -> 331-tiles track
Track generation: 1360..1708 -> 348-tiles track
Track generation: 1231..1543 -> 312-tiles track
Track generation: 967..1213 -> 246-tiles track
[TorchPPO] 14.4% | 1,443,840/10,000,000 | 31 steps/s | avg 110 steps/s | 0.00 iters/s | ETA 75.5h | pg=0.0043 | vf=34.5595 | ent=-3.6039 | kl=0.011142 | clip=0.149 | grad=47.602 | lr=0.000214 | 50 MB alloc | last_eval=234.8s
Track generation: 1107..1388 -> 281-tiles track
Track generation: 1074..1350 -> 276-tiles track
retry to generate track (normal if there are not many of this messages)
Track generation: 1187..1488 -> 301-tiles track
Track generation: 1075..1348 -> 273-tiles track
[TorchPPO] 14.5% | 1,454,080/10,000,000 | 115 steps/s | avg 110 steps/s | 0.01 iters/s | ETA 20.7h | pg=0.0012 | vf=57.2884 | ent=-3.6058 | kl=0.005555 | clip=0.070 | grad=44.901 | lr=0.000214 | 50 MB alloc | last_eval=234.8s
Track generation: 1181..1480 -> 299-tiles track
Track generation: 1232..1544 -> 312-tiles track
Track generation: 1134..1429 -> 295-tiles track
Track generation: 1139..1428 -> 289-tiles track
[TorchPPO] 14.6% | 1,464,320/10,000,000 | 115 steps/s | avg 110 steps/s | 0.01 iters/s | ETA 20.6h | pg=0.0019 | vf=32.9739 | ent=-3.6071 | kl=0.007379 | clip=0.089 | grad=45.842 | lr=0.000214 | 51 MB alloc | last_eval=234.8s
Track generation: 1011..1268 -> 257-tiles track
Track generation: 1105..1394 -> 289-tiles track
Track generation: 1114..1431 -> 317-tiles track
retry to generate track (normal if there are not many of this messages)
Track generation: 1154..1456 -> 302-tiles track
Track generation: 1220..1529 -> 309-tiles track
Track generation: 1275..1649 -> 374-tiles track
retry to generate track (normal if there are not many of this messages)
Track generation: 1175..1474 -> 299-tiles track
retry to generate track (normal if there are not many of this messages)
Track generation: 1188..1495 -> 307-tiles track
[TorchPPO] 14.7% | 1,474,560/10,000,000 | 112 steps/s | avg 110 steps/s | 0.01 iters/s | ETA 21.1h | pg=0.0011 | vf=27.1049 | ent=-3.6087 | kl=0.006337 | clip=0.078 | grad=24.989 | lr=0.000213 | 50 MB alloc | last_eval=234.8s
Track generation: 1091..1368 -> 277-tiles track
Track generation: 1098..1377 -> 279-tiles track
Track generation: 1175..1473 -> 298-tiles track
Track generation: 1359..1702 -> 343-tiles track
Track generation: 1065..1335 -> 270-tiles track
Track generation: 1253..1570 -> 317-tiles track
Track generation: 1180..1479 -> 299-tiles track
Track generation: 1177..1475 -> 298-tiles track
Track generation: 1165..1460 -> 295-tiles track
Track generation: 1297..1626 -> 329-tiles track
Track generation: 1172..1469 -> 297-tiles track
[TorchPPO] 14.8% | 1,484,800/10,000,000 | 109 steps/s | avg 110 steps/s | 0.01 iters/s | ETA 21.7h | pg=0.0023 | vf=34.5235 | ent=-3.6111 | kl=0.009985 | clip=0.127 | grad=32.612 | lr=0.000213 | 50 MB alloc | last_eval=234.8s
Track generation: 1100..1382 -> 282-tiles track
retry to generate track (normal if there are not many of this messages)
Track generation: 1172..1469 -> 297-tiles track
Track generation: 1275..1598 -> 323-tiles track
Track generation: 1299..1628 -> 329-tiles track
Track generation: 1088..1364 -> 276-tiles track
Track generation: 1015..1273 -> 258-tiles track
Track generation: 1077..1355 -> 278-tiles track
Track generation: 1216..1524 -> 308-tiles track
Track generation: 1154..1446 -> 292-tiles track
Track generation: 1288..1618 -> 330-tiles track
retry to generate track (normal if there are not many of this messages)
Track generation: 1083..1358 -> 275-tiles track
[TorchPPO] 15.0% | 1,495,040/10,000,000 | 111 steps/s | avg 110 steps/s | 0.01 iters/s | ETA 21.2h | pg=0.0033 | vf=91.6581 | ent=-3.6131 | kl=0.007494 | clip=0.095 | grad=124.571 | lr=0.000213 | 51 MB alloc | last_eval=234.8s
Track generation: 1080..1363 -> 283-tiles track
Track generation: 1155..1448 -> 293-tiles track
Track generation: 1143..1433 -> 290-tiles track
Track generation: 999..1253 -> 254-tiles track
Track generation: 1245..1560 -> 315-tiles track
Track generation: 1164..1465 -> 301-tiles track
Track generation: 1044..1316 -> 272-tiles track
Track generation: 1238..1551 -> 313-tiles track
[TorchPPO] 15.1% | 1,505,280/10,000,000 | 112 steps/s | avg 110 steps/s | 0.01 iters/s | ETA 21.0h | pg=0.0018 | vf=80.3594 | ent=-3.6143 | kl=0.005170 | clip=0.065 | grad=41.765 | lr=0.000213 | 50 MB alloc | last_eval=234.8s
Track generation: 1339..1678 -> 339-tiles track
Track generation: 1348..1692 -> 344-tiles track
Track generation: 1076..1349 -> 273-tiles track
Track generation: 1049..1323 -> 274-tiles track
Track generation: 1138..1427 -> 289-tiles track
Track generation: 1110..1391 -> 281-tiles track
Track generation: 1156..1449 -> 293-tiles track
Track generation: 1209..1515 -> 306-tiles track
Track generation: 1155..1448 -> 293-tiles track
[TorchPPO] 15.2% | 1,515,520/10,000,000 | 105 steps/s | avg 110 steps/s | 0.01 iters/s | ETA 22.5h | pg=0.0014 | vf=74.5594 | ent=-3.6153 | kl=0.004576 | clip=0.057 | grad=77.361 | lr=0.000212 | 50 MB alloc | last_eval=234.8s
Track generation: 996..1255 -> 259-tiles track
Track generation: 1172..1472 -> 300-tiles track
retry to generate track (normal if there are not many of this messages)
Track generation: 1012..1271 -> 259-tiles track
Track generation: 1094..1372 -> 278-tiles track
Track generation: 1345..1686 -> 341-tiles track
Track generation: 1247..1563 -> 316-tiles track
[TorchPPO] 15.3% | 1,525,760/10,000,000 | 112 steps/s | avg 110 steps/s | 0.01 iters/s | ETA 21.0h | pg=0.0078 | vf=83.0641 | ent=-3.6161 | kl=0.013372 | clip=0.166 | grad=192.115 | lr=0.000212 | 51 MB alloc | last_eval=234.8s
Track generation: 1131..1419 -> 288-tiles track
Track generation: 1117..1400 -> 283-tiles track
Track generation: 1128..1414 -> 286-tiles track
Track generation: 1099..1378 -> 279-tiles track
Track generation: 1120..1404 -> 284-tiles track
Track generation: 1146..1443 -> 297-tiles track
[TorchPPO] 15.4% | 1,536,000/10,000,000 | 111 steps/s | avg 110 steps/s | 0.01 iters/s | ETA 21.1h | pg=0.0226 | vf=72.4181 | ent=-3.6168 | kl=0.034168 | clip=0.349 | grad=67.823 | lr=0.000212 | 50 MB alloc | last_eval=234.8s
Track generation: 1244..1565 -> 321-tiles track
Track generation: 1247..1563 -> 316-tiles track
Track generation: 1066..1339 -> 273-tiles track
retry to generate track (normal if there are not many of this messages)
Track generation: 1168..1464 -> 296-tiles track
Track generation: 1298..1626 -> 328-tiles track
Track generation: 1356..1699 -> 343-tiles track
Track generation: 1116..1404 -> 288-tiles track
retry to generate track (normal if there are not many of this messages)
Track generation: 1128..1414 -> 286-tiles track
Track generation: 1043..1308 -> 265-tiles track
Track generation: 1132..1419 -> 287-tiles track
Track generation: 1162..1457 -> 295-tiles track
Track generation: 1023..1307 -> 284-tiles track
retry to generate track (normal if there are not many of this messages)
Track generation: 1071..1343 -> 272-tiles track
Track generation: 1160..1454 -> 294-tiles track
Track generation: 985..1239 -> 254-tiles track
retry to generate track (normal if there are not many of this messages)
Track generation: 1027..1288 -> 261-tiles track
[TorchPPO] 15.5% | 1,546,240/10,000,000 | 108 steps/s | avg 110 steps/s | 0.01 iters/s | ETA 21.7h | pg=0.0093 | vf=134.0278 | ent=-3.6177 | kl=0.017797 | clip=0.195 | grad=141.351 | lr=0.000212 | 50 MB alloc | last_eval=234.8s
Track generation: 1388..1739 -> 351-tiles track
Track generation: 1132..1419 -> 287-tiles track
Track generation: 1063..1332 -> 269-tiles track
Track generation: 1046..1310 -> 264-tiles track
Track generation: 1204..1509 -> 305-tiles track
Track generation: 1115..1401 -> 286-tiles track
retry to generate track (normal if there are not many of this messages)
Track generation: 1076..1349 -> 273-tiles track
Track generation: 1053..1320 -> 267-tiles track
Track generation: 1095..1373 -> 278-tiles track
Track generation: 1160..1454 -> 294-tiles track
Track generation: 998..1257 -> 259-tiles track
[TorchPPO] 15.6% | 1,556,480/10,000,000 | 112 steps/s | avg 110 steps/s | 0.01 iters/s | ETA 20.9h | pg=0.0062 | vf=90.9931 | ent=-3.6185 | kl=0.014832 | clip=0.183 | grad=100.984 | lr=0.000211 | 51 MB alloc | last_eval=234.8s
Track generation: 1117..1404 -> 287-tiles track
retry to generate track (normal if there are not many of this messages)
Track generation: 1247..1571 -> 324-tiles track
Track generation: 1185..1485 -> 300-tiles track
Track generation: 1203..1508 -> 305-tiles track
Track generation: 1148..1439 -> 291-tiles track
Track generation: 1134..1421 -> 287-tiles track
Track generation: 1202..1507 -> 305-tiles track
Track generation: 1088..1364 -> 276-tiles track
[TorchPPO] 15.7% | 1,566,720/10,000,000 | 109 steps/s | avg 110 steps/s | 0.01 iters/s | ETA 21.5h | pg=0.0044 | vf=75.5137 | ent=-3.6192 | kl=0.009400 | clip=0.121 | grad=57.058 | lr=0.000211 | 50 MB alloc | last_eval=234.8s
Track generation: 1151..1443 -> 292-tiles track
Track generation: 1257..1575 -> 318-tiles track
[TorchPPO] 15.8% | 1,576,960/10,000,000 | 114 steps/s | avg 110 steps/s | 0.01 iters/s | ETA 20.6h | pg=0.0009 | vf=89.2013 | ent=-3.6201 | kl=0.006286 | clip=0.075 | grad=123.009 | lr=0.000211 | 50 MB alloc | last_eval=234.8s
Track generation: 1027..1292 -> 265-tiles track
retry to generate track (normal if there are not many of this messages)
Track generation: 1331..1676 -> 345-tiles track
Track generation: 940..1186 -> 246-tiles track
Track generation: 1166..1462 -> 296-tiles track
Track generation: 1031..1292 -> 261-tiles track
Track generation: 1012..1275 -> 263-tiles track
Track generation: 1057..1332 -> 275-tiles track
[TorchPPO] 15.9% | 1,587,200/10,000,000 | 112 steps/s | avg 110 steps/s | 0.01 iters/s | ETA 20.8h | pg=0.0041 | vf=28.3008 | ent=-3.6212 | kl=0.010219 | clip=0.122 | grad=67.740 | lr=0.000211 | 51 MB alloc | last_eval=234.8s
Track generation: 1459..1827 -> 368-tiles track
Track generation: 1079..1356 -> 277-tiles track
retry to generate track (normal if there are not many of this messages)
Track generation: 1108..1389 -> 281-tiles track
Track generation: 1218..1533 -> 315-tiles track
Track generation: 1120..1404 -> 284-tiles track
Track generation: 1316..1649 -> 333-tiles track
Track generation: 1035..1298 -> 263-tiles track
[TorchPPO] 16.0% | 1,597,440/10,000,000 | 116 steps/s | avg 110 steps/s | 0.01 iters/s | ETA 20.2h | pg=-0.0002 | vf=45.2516 | ent=-3.6225 | kl=0.003962 | clip=0.043 | grad=26.717 | lr=0.000210 | 50 MB alloc | last_eval=234.8s
Track generation: 1296..1624 -> 328-tiles track
Track generation: 1099..1378 -> 279-tiles track
Track generation: 1027..1288 -> 261-tiles track
Track generation: 1183..1490 -> 307-tiles track
Track generation: 1233..1546 -> 313-tiles track
Track generation: 1201..1505 -> 304-tiles track
Track generation: 1069..1348 -> 279-tiles track
[TorchPPO] 16.1% | 1,607,680/10,000,000 | 117 steps/s | avg 110 steps/s | 0.01 iters/s | ETA 20.0h | pg=0.0013 | vf=48.2836 | ent=-3.6239 | kl=0.005381 | clip=0.070 | grad=34.087 | lr=0.000210 | 50 MB alloc | last_eval=234.8s
Track generation: 1218..1536 -> 318-tiles track
Track generation: 1308..1639 -> 331-tiles track
Track generation: 1159..1453 -> 294-tiles track
Track generation: 1141..1430 -> 289-tiles track
Track generation: 1196..1498 -> 302-tiles track
Track generation: 1113..1395 -> 282-tiles track
Track generation: 1079..1353 -> 274-tiles track
[TorchPPO] 16.2% | 1,617,920/10,000,000 | 114 steps/s | avg 110 steps/s | 0.01 iters/s | ETA 20.5h | pg=0.0019 | vf=41.2426 | ent=-3.6255 | kl=0.005013 | clip=0.058 | grad=30.761 | lr=0.000210 | 51 MB alloc | last_eval=234.8s
Track generation: 1131..1417 -> 286-tiles track
Track generation: 1215..1523 -> 308-tiles track
Track generation: 980..1229 -> 249-tiles track
Track generation: 1132..1419 -> 287-tiles track
Track generation: 1210..1517 -> 307-tiles track
Track generation: 1100..1379 -> 279-tiles track
Track generation: 1079..1353 -> 274-tiles track
Track generation: 1167..1463 -> 296-tiles track
Track generation: 1190..1492 -> 302-tiles track
Track generation: 1034..1307 -> 273-tiles track
[TorchPPO] 16.3% | 1,628,160/10,000,000 | 114 steps/s | avg 110 steps/s | 0.01 iters/s | ETA 20.4h | pg=0.0059 | vf=44.2710 | ent=-3.6269 | kl=0.012535 | clip=0.164 | grad=33.380 | lr=0.000210 | 50 MB alloc | last_eval=234.8s
Track generation: 1256..1574 -> 318-tiles track
Track generation: 1147..1438 -> 291-tiles track
Track generation: 1203..1508 -> 305-tiles track
Track generation: 1181..1480 -> 299-tiles track
Track generation: 1202..1507 -> 305-tiles track
Track generation: 1043..1315 -> 272-tiles track
Track generation: 965..1217 -> 252-tiles track
[TorchPPO] 16.4% | 1,638,400/10,000,000 | 112 steps/s | avg 110 steps/s | 0.01 iters/s | ETA 20.8h | pg=0.0015 | vf=43.3755 | ent=-3.6284 | kl=0.004859 | clip=0.055 | grad=31.566 | lr=0.000209 | 50 MB alloc | last_eval=234.8s
[TorchPPO] Checkpoint saved: /workspace/Racing_Gym_RL/artifacts/prime_marl_10car_16m/models/torch_ppo_step_1638400.pt
[TorchPPO Eval] step=1,638,400 | mean_reward=117.15 +/- 0.00 | progress=28.93% | offtrack_rate=100.00% | contact_rate=0.00% | hook_rate=0.00% | contact_term_rate=0.00% | steer_var=0.08204 | mean_speed=28.15 | throttle=0.98 | brake=0.00 | stage=1 | eval_time=121.8s
Track generation: 1196..1497 -> 301-tiles track
Track generation: 1067..1338 -> 271-tiles track
Track generation: 1214..1527 -> 313-tiles track
Track generation: 1153..1445 -> 292-tiles track
Track generation: 1164..1459 -> 295-tiles track
[TorchPPO] 16.5% | 1,648,640/10,000,000 | 48 steps/s | avg 109 steps/s | 0.00 iters/s | ETA 48.7h | pg=0.0023 | vf=31.4926 | ent=-3.6304 | kl=0.007869 | clip=0.100 | grad=27.471 | lr=0.000209 | 51 MB alloc | last_eval=121.8s
Track generation: 1086..1361 -> 275-tiles track
Track generation: 1174..1477 -> 303-tiles track
Track generation: 1132..1419 -> 287-tiles track
Track generation: 1219..1528 -> 309-tiles track
[TorchPPO] 16.6% | 1,658,880/10,000,000 | 109 steps/s | avg 109 steps/s | 0.01 iters/s | ETA 21.2h | pg=0.0105 | vf=32.7442 | ent=-3.6320 | kl=0.019082 | clip=0.244 | grad=26.595 | lr=0.000209 | 50 MB alloc | last_eval=121.8s
Track generation: 1336..1674 -> 338-tiles track
Track generation: 1183..1483 -> 300-tiles track
Track generation: 1116..1405 -> 289-tiles track
Track generation: 1340..1679 -> 339-tiles track
Track generation: 1120..1404 -> 284-tiles track
[TorchPPO] 16.7% | 1,669,120/10,000,000 | 107 steps/s | avg 109 steps/s | 0.01 iters/s | ETA 21.7h | pg=0.0056 | vf=37.9124 | ent=-3.6339 | kl=0.012887 | clip=0.172 | grad=24.092 | lr=0.000209 | 50 MB alloc | last_eval=121.8s
Track generation: 1228..1539 -> 311-tiles track
Track generation: 1177..1481 -> 304-tiles track
Track generation: 1264..1584 -> 320-tiles track
Track generation: 1278..1601 -> 323-tiles track
[TorchPPO] 16.8% | 1,679,360/10,000,000 | 108 steps/s | avg 109 steps/s | 0.01 iters/s | ETA 21.5h | pg=0.0046 | vf=30.2608 | ent=-3.6359 | kl=0.010912 | clip=0.141 | grad=21.764 | lr=0.000208 | 51 MB alloc | last_eval=121.8s
Track generation: 1107..1388 -> 281-tiles track
Track generation: 1083..1358 -> 275-tiles track
Track generation: 1140..1435 -> 295-tiles track
Track generation: 1188..1489 -> 301-tiles track
Track generation: 1202..1511 -> 309-tiles track
[TorchPPO] 16.9% | 1,689,600/10,000,000 | 111 steps/s | avg 109 steps/s | 0.01 iters/s | ETA 20.8h | pg=0.0089 | vf=39.4939 | ent=-3.6377 | kl=0.015873 | clip=0.172 | grad=33.138 | lr=0.000208 | 50 MB alloc | last_eval=121.8s
Track generation: 1279..1603 -> 324-tiles track
Track generation: 1445..1810 -> 365-tiles track
Track generation: 1135..1423 -> 288-tiles track
Track generation: 1057..1325 -> 268-tiles track
Track generation: 1260..1579 -> 319-tiles track
Track generation: 1061..1330 -> 269-tiles track
Track generation: 1250..1567 -> 317-tiles track
Track generation: 1005..1262 -> 257-tiles track
retry to generate track (normal if there are not many of this messages)
Track generation: 1137..1433 -> 296-tiles track
[TorchPPO] 17.0% | 1,699,840/10,000,000 | 109 steps/s | avg 109 steps/s | 0.01 iters/s | ETA 21.2h | pg=0.0088 | vf=53.7564 | ent=-3.6394 | kl=0.014082 | clip=0.178 | grad=39.530 | lr=0.000208 | 50 MB alloc | last_eval=121.8s
Track generation: 1005..1264 -> 259-tiles track
retry to generate track (normal if there are not many of this messages)
Track generation: 1108..1389 -> 281-tiles track
Track generation: 1214..1528 -> 314-tiles track
Track generation: 1011..1268 -> 257-tiles track
Track generation: 1064..1334 -> 270-tiles track
Track generation: 1198..1508 -> 310-tiles track
[TorchPPO] 17.1% | 1,710,080/10,000,000 | 113 steps/s | avg 109 steps/s | 0.01 iters/s | ETA 20.4h | pg=0.0067 | vf=60.1638 | ent=-3.6407 | kl=0.012653 | clip=0.155 | grad=52.636 | lr=0.000208 | 51 MB alloc | last_eval=121.8s
Track generation: 1195..1505 -> 310-tiles track
Track generation: 1091..1368 -> 277-tiles track
Track generation: 1155..1448 -> 293-tiles track
Track generation: 1204..1509 -> 305-tiles track
Track generation: 1149..1442 -> 293-tiles track
retry to generate track (normal if there are not many of this messages)
Track generation: 1188..1489 -> 301-tiles track
Track generation: 1029..1291 -> 262-tiles track
[TorchPPO] 17.2% | 1,720,320/10,000,000 | 112 steps/s | avg 109 steps/s | 0.01 iters/s | ETA 20.6h | pg=0.0041 | vf=33.9467 | ent=-3.6422 | kl=0.010511 | clip=0.144 | grad=35.203 | lr=0.000207 | 50 MB alloc | last_eval=121.8s
Track generation: 1220..1529 -> 309-tiles track
Track generation: 1181..1486 -> 305-tiles track
Track generation: 1068..1347 -> 279-tiles track
Track generation: 1195..1498 -> 303-tiles track
Track generation: 1089..1365 -> 276-tiles track
Track generation: 1427..1788 -> 361-tiles track
Track generation: 1239..1553 -> 314-tiles track
Track generation: 987..1238 -> 251-tiles track
Track generation: 1013..1275 -> 262-tiles track
[TorchPPO] 17.3% | 1,730,560/10,000,000 | 109 steps/s | avg 109 steps/s | 0.01 iters/s | ETA 21.1h | pg=0.0042 | vf=44.2492 | ent=-3.6437 | kl=0.009778 | clip=0.138 | grad=46.268 | lr=0.000207 | 50 MB alloc | last_eval=121.8s
Track generation: 1106..1386 -> 280-tiles track
Track generation: 1156..1449 -> 293-tiles track
Track generation: 1164..1459 -> 295-tiles track
Track generation: 1060..1336 -> 276-tiles track
Track generation: 1103..1383 -> 280-tiles track
Track generation: 1288..1614 -> 326-tiles track
[TorchPPO] 17.4% | 1,740,800/10,000,000 | 104 steps/s | avg 109 steps/s | 0.01 iters/s | ETA 22.2h | pg=0.0017 | vf=65.5645 | ent=-3.6448 | kl=0.007125 | clip=0.094 | grad=65.120 | lr=0.000207 | 51 MB alloc | last_eval=121.8s
Track generation: 1064..1334 -> 270-tiles track
Track generation: 1252..1573 -> 321-tiles track
retry to generate track (normal if there are not many of this messages)
Track generation: 1341..1680 -> 339-tiles track
Track generation: 1118..1405 -> 287-tiles track
retry to generate track (normal if there are not many of this messages)
Track generation: 1246..1561 -> 315-tiles track
Track generation: 1164..1459 -> 295-tiles track
Track generation: 1259..1578 -> 319-tiles track
Track generation: 1055..1332 -> 277-tiles track
Track generation: 1200..1504 -> 304-tiles track
Track generation: 1117..1400 -> 283-tiles track
Track generation: 1155..1448 -> 293-tiles track
Track generation: 1224..1534 -> 310-tiles track
Track generation: 1060..1334 -> 274-tiles track
[TorchPPO] 17.5% | 1,751,040/10,000,000 | 116 steps/s | avg 109 steps/s | 0.01 iters/s | ETA 19.7h | pg=0.0004 | vf=27.9456 | ent=-3.6461 | kl=0.003576 | clip=0.040 | grad=64.772 | lr=0.000206 | 50 MB alloc | last_eval=121.8s
[TorchPPO] 17.6% | 1,761,280/10,000,000 | 123 steps/s | avg 109 steps/s | 0.01 iters/s | ETA 18.6h | pg=0.0043 | vf=61.6982 | ent=-3.6478 | kl=0.010739 | clip=0.126 | grad=40.605 | lr=0.000206 | 50 MB alloc | last_eval=121.8s
Track generation: 1324..1659 -> 335-tiles track
Track generation: 1119..1403 -> 284-tiles track
Track generation: 1198..1502 -> 304-tiles track
Track generation: 1322..1666 -> 344-tiles track
Track generation: 1064..1334 -> 270-tiles track
Track generation: 1125..1410 -> 285-tiles track
[TorchPPO] 17.7% | 1,771,520/10,000,000 | 120 steps/s | avg 109 steps/s | 0.01 iters/s | ETA 19.0h | pg=0.0055 | vf=8.5779 | ent=-3.6491 | kl=0.013288 | clip=0.176 | grad=42.816 | lr=0.000206 | 51 MB alloc | last_eval=121.8s
Track generation: 1000..1254 -> 254-tiles track
Track generation: 1180..1479 -> 299-tiles track
[TorchPPO] 17.8% | 1,781,760/10,000,000 | 125 steps/s | avg 109 steps/s | 0.01 iters/s | ETA 18.2h | pg=-0.0000 | vf=24.2636 | ent=-3.6503 | kl=0.003814 | clip=0.037 | grad=22.741 | lr=0.000206 | 50 MB alloc | last_eval=121.8s
Track generation: 1035..1300 -> 265-tiles track
retry to generate track (normal if there are not many of this messages)
Track generation: 1220..1529 -> 309-tiles track
Track generation: 1138..1426 -> 288-tiles track
Track generation: 1235..1548 -> 313-tiles track
Track generation: 1276..1599 -> 323-tiles track
[TorchPPO] 17.9% | 1,792,000/10,000,000 | 121 steps/s | avg 109 steps/s | 0.01 iters/s | ETA 18.8h | pg=0.0011 | vf=16.1395 | ent=-3.6522 | kl=0.004951 | clip=0.059 | grad=28.166 | lr=0.000205 | 50 MB alloc | last_eval=121.8s
Track generation: 1196..1499 -> 303-tiles track
Track generation: 1280..1604 -> 324-tiles track
[TorchPPO] 18.0% | 1,802,240/10,000,000 | 119 steps/s | avg 110 steps/s | 0.01 iters/s | ETA 19.2h | pg=0.0042 | vf=37.2348 | ent=-3.6544 | kl=0.013388 | clip=0.138 | grad=45.975 | lr=0.000205 | 51 MB alloc | last_eval=121.8s
Track generation: 1168..1464 -> 296-tiles track
Track generation: 1164..1459 -> 295-tiles track
[TorchPPO] 18.1% | 1,812,480/10,000,000 | 119 steps/s | avg 110 steps/s | 0.01 iters/s | ETA 19.1h | pg=0.0033 | vf=21.8557 | ent=-3.6561 | kl=0.012800 | clip=0.169 | grad=21.202 | lr=0.000205 | 50 MB alloc | last_eval=121.8s
Track generation: 973..1220 -> 247-tiles track
Track generation: 1156..1450 -> 294-tiles track
Track generation: 1336..1674 -> 338-tiles track
Track generation: 958..1206 -> 248-tiles track
[TorchPPO] 18.2% | 1,822,720/10,000,000 | 121 steps/s | avg 110 steps/s | 0.01 iters/s | ETA 18.8h | pg=0.0012 | vf=84.5747 | ent=-3.6577 | kl=0.004592 | clip=0.053 | grad=117.610 | lr=0.000205 | 50 MB alloc | last_eval=121.8s
Track generation: 1310..1641 -> 331-tiles track
Track generation: 1095..1374 -> 279-tiles track
Track generation: 1092..1369 -> 277-tiles track
[TorchPPO] 18.3% | 1,832,960/10,000,000 | 122 steps/s | avg 110 steps/s | 0.01 iters/s | ETA 18.6h | pg=0.0019 | vf=31.7501 | ent=-3.6591 | kl=0.006320 | clip=0.070 | grad=53.051 | lr=0.000204 | 51 MB alloc | last_eval=121.8s
Track generation: 1137..1425 -> 288-tiles track
Track generation: 1159..1453 -> 294-tiles track
Track generation: 1122..1414 -> 292-tiles track
Track generation: 1071..1313 -> 242-tiles track
retry to generate track (normal if there are not many of this messages)
Track generation: 1110..1400 -> 290-tiles track
Track generation: 1254..1581 -> 327-tiles track
Track generation: 1225..1535 -> 310-tiles track
Track generation: 1166..1470 -> 304-tiles track
Track generation: 1152..1444 -> 292-tiles track
Track generation: 1124..1409 -> 285-tiles track
[TorchPPO] 18.4% | 1,843,200/10,000,000 | 122 steps/s | avg 110 steps/s | 0.01 iters/s | ETA 18.6h | pg=0.0059 | vf=36.4522 | ent=-3.6608 | kl=0.014717 | clip=0.204 | grad=34.356 | lr=0.000204 | 50 MB alloc | last_eval=121.8s
[TorchPPO] Checkpoint saved: /workspace/Racing_Gym_RL/artifacts/prime_marl_10car_16m/models/torch_ppo_step_1843200.pt
[TorchPPO Eval] step=1,843,200 | mean_reward=132.95 +/- 0.00 | progress=27.89% | offtrack_rate=100.00% | contact_rate=0.00% | hook_rate=0.00% | contact_term_rate=0.00% | steer_var=0.07792 | mean_speed=28.15 | throttle=0.98 | brake=0.00 | stage=1 | eval_time=120.2s
Track generation: 1073..1346 -> 273-tiles track
Track generation: 1262..1589 -> 327-tiles track
Track generation: 1065..1335 -> 270-tiles track
Track generation: 947..1193 -> 246-tiles track
retry to generate track (normal if there are not many of this messages)
Track generation: 1101..1380 -> 279-tiles track
Track generation: 1044..1316 -> 272-tiles track
[TorchPPO] 18.5% | 1,853,440/10,000,000 | 51 steps/s | avg 109 steps/s | 0.00 iters/s | ETA 44.7h | pg=0.0032 | vf=65.8724 | ent=-3.6621 | kl=0.010390 | clip=0.132 | grad=96.170 | lr=0.000204 | 50 MB alloc | last_eval=120.2s
Track generation: 1263..1583 -> 320-tiles track
Track generation: 1285..1610 -> 325-tiles track
[TorchPPO] 18.6% | 1,863,680/10,000,000 | 118 steps/s | avg 109 steps/s | 0.01 iters/s | ETA 19.1h | pg=0.0005 | vf=41.3608 | ent=-3.6630 | kl=0.003116 | clip=0.032 | grad=27.131 | lr=0.000204 | 51 MB alloc | last_eval=120.2s
Track generation: 1076..1349 -> 273-tiles track
Track generation: 1163..1458 -> 295-tiles track
Track generation: 1271..1593 -> 322-tiles track
[TorchPPO] 18.7% | 1,873,920/10,000,000 | 121 steps/s | avg 109 steps/s | 0.01 iters/s | ETA 18.7h | pg=-0.0001 | vf=29.0026 | ent=-3.6643 | kl=0.005541 | clip=0.067 | grad=34.701 | lr=0.000203 | 50 MB alloc | last_eval=120.2s
Track generation: 1117..1403 -> 286-tiles track
retry to generate track (normal if there are not many of this messages)
Track generation: 1095..1378 -> 283-tiles track
Track generation: 1078..1352 -> 274-tiles track
Track generation: 1189..1496 -> 307-tiles track
Track generation: 1323..1658 -> 335-tiles track
Track generation: 1094..1374 -> 280-tiles track
retry to generate track (normal if there are not many of this messages)
Track generation: 1187..1488 -> 301-tiles track
[TorchPPO] 18.8% | 1,884,160/10,000,000 | 119 steps/s | avg 109 steps/s | 0.01 iters/s | ETA 18.9h | pg=0.0025 | vf=42.4647 | ent=-3.6659 | kl=0.008614 | clip=0.099 | grad=56.024 | lr=0.000203 | 50 MB alloc | last_eval=120.2s
Track generation: 970..1222 -> 252-tiles track
Track generation: 1205..1510 -> 305-tiles track
[TorchPPO] 18.9% | 1,894,400/10,000,000 | 124 steps/s | avg 109 steps/s | 0.01 iters/s | ETA 18.2h | pg=0.0023 | vf=31.1632 | ent=-3.6674 | kl=0.007543 | clip=0.102 | grad=22.188 | lr=0.000203 | 51 MB alloc | last_eval=120.2s
Track generation: 1106..1390 -> 284-tiles track
Track generation: 1115..1398 -> 283-tiles track
[TorchPPO] 19.0% | 1,904,640/10,000,000 | 124 steps/s | avg 109 steps/s | 0.01 iters/s | ETA 18.2h | pg=0.0029 | vf=29.0878 | ent=-3.6693 | kl=0.008145 | clip=0.110 | grad=45.133 | lr=0.000203 | 50 MB alloc | last_eval=120.2s
Track generation: 1050..1324 -> 274-tiles track
Track generation: 1171..1475 -> 304-tiles track
Track generation: 1082..1355 -> 273-tiles track
[TorchPPO] 19.1% | 1,914,880/10,000,000 | 127 steps/s | avg 109 steps/s | 0.01 iters/s | ETA 17.7h | pg=0.0019 | vf=22.1193 | ent=-3.6710 | kl=0.006414 | clip=0.084 | grad=31.647 | lr=0.000202 | 50 MB alloc | last_eval=120.2s
Track generation: 1106..1386 -> 280-tiles track
[TorchPPO] 19.3% | 1,925,120/10,000,000 | 129 steps/s | avg 110 steps/s | 0.01 iters/s | ETA 17.4h | pg=0.0023 | vf=41.2969 | ent=-3.6730 | kl=0.009087 | clip=0.116 | grad=50.799 | lr=0.000202 | 51 MB alloc | last_eval=120.2s
Track generation: 1286..1612 -> 326-tiles track
Track generation: 1240..1554 -> 314-tiles track
Track generation: 1230..1543 -> 313-tiles track
Track generation: 1115..1397 -> 282-tiles track
[TorchPPO] 19.4% | 1,935,360/10,000,000 | 121 steps/s | avg 110 steps/s | 0.01 iters/s | ETA 18.6h | pg=0.0005 | vf=26.8475 | ent=-3.6751 | kl=0.004937 | clip=0.059 | grad=52.576 | lr=0.000202 | 50 MB alloc | last_eval=120.2s
Track generation: 1148..1439 -> 291-tiles track
Track generation: 1142..1432 -> 290-tiles track
[TorchPPO] 19.5% | 1,945,600/10,000,000 | 125 steps/s | avg 110 steps/s | 0.01 iters/s | ETA 17.9h | pg=0.0013 | vf=23.2103 | ent=-3.6771 | kl=0.004247 | clip=0.050 | grad=20.851 | lr=0.000202 | 50 MB alloc | last_eval=120.2s
Track generation: 1253..1570 -> 317-tiles track
Track generation: 1371..1717 -> 346-tiles track
Track generation: 1223..1533 -> 310-tiles track
[TorchPPO] 19.6% | 1,955,840/10,000,000 | 122 steps/s | avg 110 steps/s | 0.01 iters/s | ETA 18.3h | pg=0.0032 | vf=22.8755 | ent=-3.6796 | kl=0.008756 | clip=0.111 | grad=23.651 | lr=0.000201 | 51 MB alloc | last_eval=120.2s
Track generation: 1143..1441 -> 298-tiles track
Track generation: 1411..1768 -> 357-tiles track
Track generation: 1167..1463 -> 296-tiles track
Track generation: 1117..1400 -> 283-tiles track
[TorchPPO] 19.7% | 1,966,080/10,000,000 | 120 steps/s | avg 110 steps/s | 0.01 iters/s | ETA 18.6h | pg=0.0020 | vf=29.6485 | ent=-3.6818 | kl=0.005250 | clip=0.060 | grad=21.596 | lr=0.000201 | 50 MB alloc | last_eval=120.2s
Track generation: 1260..1579 -> 319-tiles track
Track generation: 1227..1538 -> 311-tiles track
Track generation: 1263..1583 -> 320-tiles track
Track generation: 1143..1433 -> 290-tiles track
[TorchPPO] 19.8% | 1,976,320/10,000,000 | 122 steps/s | avg 110 steps/s | 0.01 iters/s | ETA 18.2h | pg=0.0005 | vf=37.0403 | ent=-3.6839 | kl=0.006073 | clip=0.073 | grad=43.116 | lr=0.000201 | 50 MB alloc | last_eval=120.2s
Track generation: 1144..1434 -> 290-tiles track
Track generation: 1440..1804 -> 364-tiles track
Track generation: 1079..1353 -> 274-tiles track
[TorchPPO] 19.9% | 1,986,560/10,000,000 | 125 steps/s | avg 110 steps/s | 0.01 iters/s | ETA 17.9h | pg=0.0101 | vf=72.6199 | ent=-3.6855 | kl=0.015583 | clip=0.190 | grad=79.012 | lr=0.000201 | 51 MB alloc | last_eval=120.2s
Track generation: 1195..1498 -> 303-tiles track
[TorchPPO] 20.0% | 1,996,800/10,000,000 | 126 steps/s | avg 110 steps/s | 0.01 iters/s | ETA 17.7h | pg=0.0028 | vf=24.4646 | ent=-3.6865 | kl=0.007275 | clip=0.098 | grad=49.389 | lr=0.000200 | 50 MB alloc | last_eval=120.2s
Track generation: 1396..1749 -> 353-tiles track
Track generation: 1039..1307 -> 268-tiles track
[TorchPPO] 20.1% | 2,007,040/10,000,000 | 124 steps/s | avg 110 steps/s | 0.01 iters/s | ETA 17.9h | pg=0.0041 | vf=11.2976 | ent=-3.6879 | kl=0.011177 | clip=0.156 | grad=39.015 | lr=0.000200 | 50 MB alloc | last_eval=120.2s
Track generation: 1013..1270 -> 257-tiles track
Track generation: 1107..1388 -> 281-tiles track
[TorchPPO] 20.2% | 2,017,280/10,000,000 | 128 steps/s | avg 110 steps/s | 0.01 iters/s | ETA 17.3h | pg=-0.0004 | vf=12.3975 | ent=-3.6896 | kl=0.006033 | clip=0.077 | grad=15.552 | lr=0.000200 | 51 MB alloc | last_eval=120.2s
Track generation: 1332..1669 -> 337-tiles track
Track generation: 1028..1289 -> 261-tiles track
Track generation: 1064..1340 -> 276-tiles track
Track generation: 1169..1466 -> 297-tiles track
Track generation: 1117..1401 -> 284-tiles track
Track generation: 1057..1328 -> 271-tiles track
retry to generate track (normal if there are not many of this messages)
Track generation: 1158..1451 -> 293-tiles track
[TorchPPO] 20.3% | 2,027,520/10,000,000 | 125 steps/s | avg 110 steps/s | 0.01 iters/s | ETA 17.7h | pg=0.0013 | vf=25.9546 | ent=-3.6925 | kl=0.004149 | clip=0.047 | grad=47.765 | lr=0.000200 | 50 MB alloc | last_eval=120.2s
Track generation: 1112..1394 -> 282-tiles track
Track generation: 1249..1565 -> 316-tiles track
Track generation: 1118..1402 -> 284-tiles track
[TorchPPO] 20.4% | 2,037,760/10,000,000 | 122 steps/s | avg 110 steps/s | 0.01 iters/s | ETA 18.1h | pg=0.0017 | vf=70.2211 | ent=-3.6946 | kl=0.003053 | clip=0.033 | grad=116.755 | lr=0.000199 | 50 MB alloc | last_eval=120.2s
Track generation: 1183..1482 -> 299-tiles track
Track generation: 1018..1277 -> 259-tiles track
Track generation: 1134..1430 -> 296-tiles track
[TorchPPO] 20.5% | 2,048,000/10,000,000 | 127 steps/s | avg 110 steps/s | 0.01 iters/s | ETA 17.4h | pg=0.0007 | vf=28.8656 | ent=-3.6958 | kl=0.003436 | clip=0.035 | grad=46.214 | lr=0.000199 | 51 MB alloc | last_eval=120.2s
[TorchPPO] Checkpoint saved: /workspace/Racing_Gym_RL/artifacts/prime_marl_10car_16m/models/torch_ppo_step_2048000.pt
[TorchPPO Eval] step=2,048,000 | mean_reward=134.23 +/- 0.00 | progress=29.71% | offtrack_rate=100.00% | contact_rate=0.00% | hook_rate=0.00% | contact_term_rate=0.00% | steer_var=0.06333 | mean_speed=28.15 | throttle=0.98 | brake=0.00 | stage=1 | eval_time=131.3s
Track generation: 977..1225 -> 248-tiles track
Track generation: 1039..1305 -> 266-tiles track
retry to generate track (normal if there are not many of this messages)
Track generation: 1057..1325 -> 268-tiles track
Track generation: 1167..1463 -> 296-tiles track
Track generation: 1140..1429 -> 289-tiles track
Track generation: 1194..1496 -> 302-tiles track
Track generation: 1180..1479 -> 299-tiles track
Track generation: 1142..1432 -> 290-tiles track
Track generation: 1183..1483 -> 300-tiles track
[TorchPPO] 20.6% | 2,058,240/10,000,000 | 48 steps/s | avg 110 steps/s | 0.00 iters/s | ETA 46.0h | pg=-0.0004 | vf=19.5329 | ent=-3.6971 | kl=0.003765 | clip=0.042 | grad=29.613 | lr=0.000199 | 50 MB alloc | last_eval=131.3s
Track generation: 1217..1525 -> 308-tiles track
Track generation: 1185..1485 -> 300-tiles track
Track generation: 1019..1278 -> 259-tiles track
Track generation: 1125..1417 -> 292-tiles track
Track generation: 1026..1293 -> 267-tiles track
[TorchPPO] 20.7% | 2,068,480/10,000,000 | 123 steps/s | avg 110 steps/s | 0.01 iters/s | ETA 17.9h | pg=0.0006 | vf=44.8459 | ent=-3.6985 | kl=0.002494 | clip=0.023 | grad=51.601 | lr=0.000199 | 50 MB alloc | last_eval=131.3s
Track generation: 1128..1414 -> 286-tiles track
Track generation: 1049..1322 -> 273-tiles track
Track generation: 1199..1503 -> 304-tiles track
Track generation: 1147..1448 -> 301-tiles track
Track generation: 1140..1429 -> 289-tiles track
Track generation: 1007..1266 -> 259-tiles track
[TorchPPO] 20.8% | 2,078,720/10,000,000 | 125 steps/s | avg 110 steps/s | 0.01 iters/s | ETA 17.6h | pg=0.0015 | vf=44.3310 | ent=-3.7003 | kl=0.004800 | clip=0.058 | grad=34.867 | lr=0.000198 | 51 MB alloc | last_eval=131.3s
[TorchPPO] 20.9% | 2,088,960/10,000,000 | 129 steps/s | avg 110 steps/s | 0.01 iters/s | ETA 17.1h | pg=0.0018 | vf=44.8385 | ent=-3.7017 | kl=0.007267 | clip=0.093 | grad=35.214 | lr=0.000198 | 50 MB alloc | last_eval=131.3s
Track generation: 1236..1549 -> 313-tiles track
Track generation: 1168..1464 -> 296-tiles track
[TorchPPO] 21.0% | 2,099,200/10,000,000 | 120 steps/s | avg 110 steps/s | 0.01 iters/s | ETA 18.3h | pg=0.0011 | vf=8.5901 | ent=-3.7032 | kl=0.005892 | clip=0.073 | grad=22.426 | lr=0.000198 | 50 MB alloc | last_eval=131.3s
Track generation: 1024..1284 -> 260-tiles track
Track generation: 1156..1444 -> 288-tiles track
Track generation: 1143..1433 -> 290-tiles track
Track generation: 990..1245 -> 255-tiles track
retry to generate track (normal if there are not many of this messages)
Track generation: 1025..1294 -> 269-tiles track
[TorchPPO] 21.1% | 2,109,440/10,000,000 | 122 steps/s | avg 110 steps/s | 0.01 iters/s | ETA 17.9h | pg=-0.0007 | vf=18.0594 | ent=-3.7050 | kl=0.002553 | clip=0.024 | grad=20.926 | lr=0.000198 | 51 MB alloc | last_eval=131.3s
Track generation: 1255..1573 -> 318-tiles track
Track generation: 1227..1538 -> 311-tiles track
Track generation: 1159..1453 -> 294-tiles track
Track generation: 1139..1435 -> 296-tiles track
Track generation: 1167..1463 -> 296-tiles track
Track generation: 1216..1524 -> 308-tiles track
Track generation: 1224..1534 -> 310-tiles track
[TorchPPO] 21.2% | 2,119,680/10,000,000 | 121 steps/s | avg 110 steps/s | 0.01 iters/s | ETA 18.1h | pg=0.0026 | vf=62.5259 | ent=-3.7069 | kl=0.008197 | clip=0.104 | grad=63.552 | lr=0.000197 | 50 MB alloc | last_eval=131.3s
Track generation: 1095..1375 -> 280-tiles track
retry to generate track (normal if there are not many of this messages)
Track generation: 1068..1344 -> 276-tiles track
Track generation: 1104..1384 -> 280-tiles track
Track generation: 1084..1359 -> 275-tiles track
Track generation: 1223..1533 -> 310-tiles track
Track generation: 1363..1708 -> 345-tiles track
Track generation: 1260..1579 -> 319-tiles track
Track generation: 1244..1560 -> 316-tiles track
Track generation: 1152..1444 -> 292-tiles track
[TorchPPO] 21.3% | 2,129,920/10,000,000 | 122 steps/s | avg 110 steps/s | 0.01 iters/s | ETA 17.9h | pg=0.0023 | vf=37.7304 | ent=-3.7082 | kl=0.004434 | clip=0.051 | grad=55.394 | lr=0.000197 | 50 MB alloc | last_eval=131.3s
Track generation: 1159..1453 -> 294-tiles track
Track generation: 1208..1514 -> 306-tiles track
Track generation: 1110..1391 -> 281-tiles track
[TorchPPO] 21.4% | 2,140,160/10,000,000 | 121 steps/s | avg 110 steps/s | 0.01 iters/s | ETA 18.0h | pg=0.0001 | vf=30.9961 | ent=-3.7099 | kl=0.003757 | clip=0.043 | grad=37.572 | lr=0.000197 | 51 MB alloc | last_eval=131.3s
Track generation: 1157..1452 -> 295-tiles track
retry to generate track (normal if there are not many of this messages)
Track generation: 1117..1400 -> 283-tiles track
[TorchPPO] 21.5% | 2,150,400/10,000,000 | 123 steps/s | avg 110 steps/s | 0.01 iters/s | ETA 17.8h | pg=0.0016 | vf=32.0077 | ent=-3.7115 | kl=0.007493 | clip=0.091 | grad=28.479 | lr=0.000196 | 50 MB alloc | last_eval=131.3s
Track generation: 1251..1568 -> 317-tiles track
Track generation: 1303..1633 -> 330-tiles track
Track generation: 1188..1489 -> 301-tiles track
Track generation: 1172..1469 -> 297-tiles track
Track generation: 939..1180 -> 241-tiles track
retry to generate track (normal if there are not many of this messages)
Track generation: 1344..1684 -> 340-tiles track
Track generation: 1356..1699 -> 343-tiles track
[TorchPPO] 21.6% | 2,160,640/10,000,000 | 119 steps/s | avg 110 steps/s | 0.01 iters/s | ETA 18.4h | pg=0.0005 | vf=17.0401 | ent=-3.7129 | kl=0.003378 | clip=0.037 | grad=18.436 | lr=0.000196 | 50 MB alloc | last_eval=131.3s
Track generation: 1161..1455 -> 294-tiles track
Track generation: 1053..1320 -> 267-tiles track
Track generation: 1096..1378 -> 282-tiles track
Track generation: 1153..1445 -> 292-tiles track
Track generation: 1144..1444 -> 300-tiles track
Track generation: 1065..1335 -> 270-tiles track
[TorchPPO] 21.7% | 2,170,880/10,000,000 | 122 steps/s | avg 110 steps/s | 0.01 iters/s | ETA 17.8h | pg=0.0024 | vf=50.0477 | ent=-3.7147 | kl=0.005438 | clip=0.060 | grad=52.094 | lr=0.000196 | 51 MB alloc | last_eval=131.3s
Track generation: 1141..1430 -> 289-tiles track
[TorchPPO] 21.8% | 2,181,120/10,000,000 | 125 steps/s | avg 110 steps/s | 0.01 iters/s | ETA 17.4h | pg=0.0003 | vf=37.5665 | ent=-3.7163 | kl=0.004971 | clip=0.059 | grad=42.976 | lr=0.000196 | 50 MB alloc | last_eval=131.3s
Track generation: 1020..1279 -> 259-tiles track
Track generation: 1155..1448 -> 293-tiles track
[TorchPPO] 21.9% | 2,191,360/10,000,000 | 122 steps/s | avg 110 steps/s | 0.01 iters/s | ETA 17.7h | pg=0.0007 | vf=19.3577 | ent=-3.7175 | kl=0.002900 | clip=0.030 | grad=44.185 | lr=0.000195 | 50 MB alloc | last_eval=131.3s
Track generation: 1127..1413 -> 286-tiles track
Track generation: 1157..1450 -> 293-tiles track
Track generation: 1133..1420 -> 287-tiles track
Track generation: 1255..1573 -> 318-tiles track
Track generation: 1184..1485 -> 301-tiles track
Track generation: 995..1248 -> 253-tiles track
[TorchPPO] 22.0% | 2,201,600/10,000,000 | 117 steps/s | avg 110 steps/s | 0.01 iters/s | ETA 18.5h | pg=0.0006 | vf=33.8851 | ent=-3.7185 | kl=0.002911 | clip=0.029 | grad=35.261 | lr=0.000195 | 51 MB alloc | last_eval=131.3s
Track generation: 1188..1489 -> 301-tiles track
Track generation: 1051..1326 -> 275-tiles track
Track generation: 1160..1454 -> 294-tiles track
Track generation: 1021..1283 -> 262-tiles track
retry to generate track (normal if there are not many of this messages)
Track generation: 1187..1488 -> 301-tiles track
[TorchPPO] 22.1% | 2,211,840/10,000,000 | 102 steps/s | avg 110 steps/s | 0.01 iters/s | ETA 21.1h | pg=0.0003 | vf=45.7588 | ent=-3.7198 | kl=0.003764 | clip=0.042 | grad=48.057 | lr=0.000195 | 50 MB alloc | last_eval=131.3s
Track generation: 1313..1645 -> 332-tiles track
Track generation: 1059..1333 -> 274-tiles track
Track generation: 1348..1689 -> 341-tiles track
Track generation: 1209..1515 -> 306-tiles track
Track generation: 1144..1434 -> 290-tiles track
Track generation: 1073..1351 -> 278-tiles track
Track generation: 1198..1501 -> 303-tiles track
[TorchPPO] 22.2% | 2,222,080/10,000,000 | 111 steps/s | avg 110 steps/s | 0.01 iters/s | ETA 19.4h | pg=0.0012 | vf=29.2926 | ent=-3.7212 | kl=0.005265 | clip=0.061 | grad=32.933 | lr=0.000195 | 50 MB alloc | last_eval=131.3s
Track generation: 1024..1285 -> 261-tiles track
retry to generate track (normal if there are not many of this messages)
Track generation: 1158..1452 -> 294-tiles track
Track generation: 1215..1528 -> 313-tiles track
[TorchPPO] 22.3% | 2,232,320/10,000,000 | 121 steps/s | avg 110 steps/s | 0.01 iters/s | ETA 17.8h | pg=0.0010 | vf=45.4776 | ent=-3.7228 | kl=0.005037 | clip=0.060 | grad=51.182 | lr=0.000194 | 51 MB alloc | last_eval=131.3s
Track generation: 1225..1535 -> 310-tiles track
Track generation: 1145..1435 -> 290-tiles track
[TorchPPO] 22.4% | 2,242,560/10,000,000 | 117 steps/s | avg 110 steps/s | 0.01 iters/s | ETA 18.4h | pg=0.0007 | vf=27.0755 | ent=-3.7241 | kl=0.003804 | clip=0.041 | grad=83.962 | lr=0.000194 | 50 MB alloc | last_eval=131.3s
[TorchPPO] 22.5% | 2,252,800/10,000,000 | 122 steps/s | avg 110 steps/s | 0.01 iters/s | ETA 17.6h | pg=0.0010 | vf=40.0119 | ent=-3.7255 | kl=0.003519 | clip=0.037 | grad=26.730 | lr=0.000194 | 50 MB alloc | last_eval=131.3s
[TorchPPO] Checkpoint saved: /workspace/Racing_Gym_RL/artifacts/prime_marl_10car_16m/models/torch_ppo_step_2252800.pt
[TorchPPO Eval] step=2,252,800 | mean_reward=147.56 +/- 0.00 | progress=41.92% | offtrack_rate=100.00% | contact_rate=0.00% | hook_rate=0.00% | contact_term_rate=0.00% | steer_var=0.08190 | mean_speed=28.32 | throttle=0.98 | brake=0.00 | stage=1 | eval_time=163.4s
Track generation: 1140..1429 -> 289-tiles track
Track generation: 1245..1560 -> 315-tiles track
[TorchPPO] 22.6% | 2,263,040/10,000,000 | 41 steps/s | avg 110 steps/s | 0.00 iters/s | ETA 52.3h | pg=0.0029 | vf=14.7320 | ent=-3.7272 | kl=0.007663 | clip=0.077 | grad=33.947 | lr=0.000194 | 51 MB alloc | last_eval=163.4s
Track generation: 1092..1369 -> 277-tiles track
Track generation: 1100..1378 -> 278-tiles track
[TorchPPO] 22.7% | 2,273,280/10,000,000 | 120 steps/s | avg 110 steps/s | 0.01 iters/s | ETA 17.9h | pg=-0.0007 | vf=12.8695 | ent=-3.7289 | kl=0.002449 | clip=0.024 | grad=26.523 | lr=0.000193 | 50 MB alloc | last_eval=163.4s
Track generation: 1210..1517 -> 307-tiles track
Track generation: 1170..1474 -> 304-tiles track
Track generation: 934..1176 -> 242-tiles track
Track generation: 994..1257 -> 263-tiles track
Track generation: 985..1243 -> 258-tiles track
Track generation: 1041..1315 -> 274-tiles track
[TorchPPO] 22.8% | 2,283,520/10,000,000 | 114 steps/s | avg 110 steps/s | 0.01 iters/s | ETA 18.7h | pg=-0.0004 | vf=29.8943 | ent=-3.7312 | kl=0.004115 | clip=0.040 | grad=28.682 | lr=0.000193 | 50 MB alloc | last_eval=163.4s
Track generation: 938..1180 -> 242-tiles track
retry to generate track (normal if there are not many of this messages)
Track generation: 1145..1435 -> 290-tiles track
[TorchPPO] 22.9% | 2,293,760/10,000,000 | 118 steps/s | avg 110 steps/s | 0.01 iters/s | ETA 18.1h | pg=0.0007 | vf=32.9338 | ent=-3.7331 | kl=0.004777 | clip=0.061 | grad=14.494 | lr=0.000193 | 51 MB alloc | last_eval=163.4s
Track generation: 1002..1262 -> 260-tiles track
Track generation: 1232..1544 -> 312-tiles track
Track generation: 1159..1453 -> 294-tiles track
[TorchPPO] 23.0% | 2,304,000/10,000,000 | 117 steps/s | avg 110 steps/s | 0.01 iters/s | ETA 18.2h | pg=0.0000 | vf=9.9592 | ent=-3.7350 | kl=0.003341 | clip=0.038 | grad=21.008 | lr=0.000193 | 50 MB alloc | last_eval=163.4s
Track generation: 1179..1478 -> 299-tiles track
Track generation: 1215..1529 -> 314-tiles track
Track generation: 1161..1455 -> 294-tiles track
[TorchPPO] 23.1% | 2,314,240/10,000,000 | 116 steps/s | avg 110 steps/s | 0.01 iters/s | ETA 18.3h | pg=-0.0000 | vf=20.5328 | ent=-3.7371 | kl=0.005149 | clip=0.065 | grad=20.159 | lr=0.000192 | 50 MB alloc | last_eval=163.4s
Track generation: 1168..1464 -> 296-tiles track
Track generation: 1367..1714 -> 347-tiles track
[TorchPPO] 23.2% | 2,324,480/10,000,000 | 115 steps/s | avg 110 steps/s | 0.01 iters/s | ETA 18.5h | pg=0.0002 | vf=21.0851 | ent=-3.7393 | kl=0.006739 | clip=0.082 | grad=17.741 | lr=0.000192 | 51 MB alloc | last_eval=163.4s
Track generation: 1064..1337 -> 273-tiles track
retry to generate track (normal if there are not many of this messages)
Track generation: 1153..1450 -> 297-tiles track
Track generation: 1158..1452 -> 294-tiles track
Track generation: 1110..1393 -> 283-tiles track
retry to generate track (normal if there are not many of this messages)
Track generation: 962..1216 -> 254-tiles track
Track generation: 1111..1393 -> 282-tiles track
Track generation: 1067..1338 -> 271-tiles track
[TorchPPO] 23.3% | 2,334,720/10,000,000 | 118 steps/s | avg 110 steps/s | 0.01 iters/s | ETA 18.1h | pg=0.0005 | vf=35.9972 | ent=-3.7410 | kl=0.006707 | clip=0.083 | grad=51.145 | lr=0.000192 | 50 MB alloc | last_eval=163.4s
Track generation: 1207..1513 -> 306-tiles track
Track generation: 1080..1359 -> 279-tiles track
Track generation: 1071..1353 -> 282-tiles track
Track generation: 1165..1460 -> 295-tiles track
Track generation: 1199..1503 -> 304-tiles track
Track generation: 1140..1429 -> 289-tiles track
Track generation: 1029..1290 -> 261-tiles track
Track generation: 1051..1325 -> 274-tiles track
Track generation: 1029..1291 -> 262-tiles track
[TorchPPO] 23.4% | 2,344,960/10,000,000 | 116 steps/s | avg 110 steps/s | 0.01 iters/s | ETA 18.3h | pg=0.0015 | vf=31.1351 | ent=-3.7423 | kl=0.005031 | clip=0.061 | grad=19.114 | lr=0.000192 | 50 MB alloc | last_eval=163.4s
[TorchPPO] 23.6% | 2,355,200/10,000,000 | 125 steps/s | avg 110 steps/s | 0.01 iters/s | ETA 16.9h | pg=0.0014 | vf=68.7341 | ent=-3.7438 | kl=0.004379 | clip=0.051 | grad=59.390 | lr=0.000191 | 51 MB alloc | last_eval=163.4s
Track generation: 1276..1599 -> 323-tiles track
Track generation: 1027..1291 -> 264-tiles track
retry to generate track (normal if there are not many of this messages)
Track generation: 1094..1377 -> 283-tiles track
Track generation: 1192..1494 -> 302-tiles track
Track generation: 1208..1514 -> 306-tiles track
[TorchPPO] 23.7% | 2,365,440/10,000,000 | 119 steps/s | avg 110 steps/s | 0.01 iters/s | ETA 17.8h | pg=-0.0003 | vf=5.0776 | ent=-3.7451 | kl=0.004784 | clip=0.055 | grad=5.067 | lr=0.000191 | 50 MB alloc | last_eval=163.4s
[TorchPPO] 23.8% | 2,375,680/10,000,000 | 118 steps/s | avg 110 steps/s | 0.01 iters/s | ETA 18.0h | pg=0.0023 | vf=20.7291 | ent=-3.7470 | kl=0.008394 | clip=0.113 | grad=26.610 | lr=0.000191 | 50 MB alloc | last_eval=163.4s
Track generation: 939..1184 -> 245-tiles track
Track generation: 1117..1405 -> 288-tiles track
Track generation: 1139..1428 -> 289-tiles track
[TorchPPO] 23.9% | 2,385,920/10,000,000 | 115 steps/s | avg 110 steps/s | 0.01 iters/s | ETA 18.4h | pg=0.0006 | vf=3.8564 | ent=-3.7492 | kl=0.002501 | clip=0.023 | grad=25.891 | lr=0.000191 | 51 MB alloc | last_eval=163.4s
Track generation: 1155..1453 -> 298-tiles track
Track generation: 1032..1294 -> 262-tiles track
Track generation: 1111..1400 -> 289-tiles track
Track generation: 1180..1479 -> 299-tiles track
[TorchPPO] 24.0% | 2,396,160/10,000,000 | 119 steps/s | avg 110 steps/s | 0.01 iters/s | ETA 17.7h | pg=0.0002 | vf=15.7205 | ent=-3.7516 | kl=0.005020 | clip=0.065 | grad=23.805 | lr=0.000190 | 50 MB alloc | last_eval=163.4s
Track generation: 1183..1482 -> 299-tiles track
Track generation: 1145..1442 -> 297-tiles track
Track generation: 1141..1431 -> 290-tiles track
[TorchPPO] 24.1% | 2,406,400/10,000,000 | 117 steps/s | avg 110 steps/s | 0.01 iters/s | ETA 18.0h | pg=0.0026 | vf=24.6340 | ent=-3.7543 | kl=0.006728 | clip=0.083 | grad=35.583 | lr=0.000190 | 50 MB alloc | last_eval=163.4s
Track generation: 1089..1366 -> 277-tiles track
Track generation: 1211..1518 -> 307-tiles track
[TorchPPO] 24.2% | 2,416,640/10,000,000 | 114 steps/s | avg 110 steps/s | 0.01 iters/s | ETA 18.4h | pg=0.0007 | vf=40.7774 | ent=-3.7565 | kl=0.003080 | clip=0.032 | grad=37.272 | lr=0.000190 | 51 MB alloc | last_eval=163.4s
Track generation: 1144..1434 -> 290-tiles track
[TorchPPO] 24.3% | 2,426,880/10,000,000 | 116 steps/s | avg 110 steps/s | 0.01 iters/s | ETA 18.1h | pg=-0.0001 | vf=21.1306 | ent=-3.7584 | kl=0.006209 | clip=0.075 | grad=59.724 | lr=0.000190 | 50 MB alloc | last_eval=163.4s
Track generation: 1311..1643 -> 332-tiles track
Track generation: 936..1174 -> 238-tiles track
[TorchPPO] 24.4% | 2,437,120/10,000,000 | 115 steps/s | avg 110 steps/s | 0.01 iters/s | ETA 18.2h | pg=-0.0015 | vf=15.9405 | ent=-3.7597 | kl=0.003166 | clip=0.032 | grad=21.728 | lr=0.000189 | 50 MB alloc | last_eval=163.4s
Track generation: 1287..1613 -> 326-tiles track
Track generation: 1096..1374 -> 278-tiles track
Track generation: 1287..1613 -> 326-tiles track
Track generation: 1022..1285 -> 263-tiles track
Track generation: 1228..1539 -> 311-tiles track
Track generation: 1149..1448 -> 299-tiles track
Track generation: 1176..1474 -> 298-tiles track
[TorchPPO] 24.5% | 2,447,360/10,000,000 | 118 steps/s | avg 110 steps/s | 0.01 iters/s | ETA 17.8h | pg=-0.0003 | vf=21.9481 | ent=-3.7609 | kl=0.002854 | clip=0.028 | grad=25.663 | lr=0.000189 | 51 MB alloc | last_eval=163.4s
Track generation: 1134..1422 -> 288-tiles track
Track generation: 1057..1333 -> 276-tiles track
Track generation: 1210..1517 -> 307-tiles track
Track generation: 1142..1431 -> 289-tiles track
Track generation: 1106..1391 -> 285-tiles track
retry to generate track (normal if there are not many of this messages)
Track generation: 1129..1415 -> 286-tiles track
Track generation: 1124..1409 -> 285-tiles track
[TorchPPO] 24.6% | 2,457,600/10,000,000 | 117 steps/s | avg 110 steps/s | 0.01 iters/s | ETA 17.9h | pg=0.0022 | vf=50.3449 | ent=-3.7618 | kl=0.010252 | clip=0.122 | grad=73.282 | lr=0.000189 | 50 MB alloc | last_eval=163.4s
[TorchPPO] Checkpoint saved: /workspace/Racing_Gym_RL/artifacts/prime_marl_10car_16m/models/torch_ppo_step_2457600.pt
[TorchPPO Eval] step=2,457,600 | mean_reward=147.68 +/- 0.00 | progress=31.17% | offtrack_rate=100.00% | contact_rate=0.00% | hook_rate=0.00% | contact_term_rate=0.00% | steer_var=0.08065 | mean_speed=28.10 | throttle=0.98 | brake=0.00 | stage=1 | eval_time=139.8s
[TorchPPO] 24.7% | 2,467,840/10,000,000 | 45 steps/s | avg 109 steps/s | 0.00 iters/s | ETA 46.7h | pg=0.0030 | vf=43.7577 | ent=-3.7625 | kl=0.006973 | clip=0.090 | grad=63.917 | lr=0.000189 | 50 MB alloc | last_eval=139.8s
Track generation: 974..1224 -> 250-tiles track
retry to generate track (normal if there are not many of this messages)
Track generation: 1004..1263 -> 259-tiles track
retry to generate track (normal if there are not many of this messages)
Track generation: 1144..1434 -> 290-tiles track
Track generation: 1067..1341 -> 274-tiles track
retry to generate track (normal if there are not many of this messages)
Track generation: 1144..1434 -> 290-tiles track
Track generation: 1240..1563 -> 323-tiles track
[TorchPPO] 24.8% | 2,478,080/10,000,000 | 117 steps/s | avg 110 steps/s | 0.01 iters/s | ETA 17.8h | pg=0.0038 | vf=19.5579 | ent=-3.7632 | kl=0.007707 | clip=0.092 | grad=59.269 | lr=0.000188 | 51 MB alloc | last_eval=139.8s
Track generation: 1097..1382 -> 285-tiles track
Track generation: 1136..1424 -> 288-tiles track
Track generation: 1124..1414 -> 290-tiles track
Track generation: 1085..1367 -> 282-tiles track
[TorchPPO] 24.9% | 2,488,320/10,000,000 | 116 steps/s | avg 110 steps/s | 0.01 iters/s | ETA 18.0h | pg=0.0020 | vf=68.7602 | ent=-3.7639 | kl=0.006169 | clip=0.071 | grad=97.035 | lr=0.000188 | 50 MB alloc | last_eval=139.8s
Track generation: 982..1232 -> 250-tiles track
Track generation: 1128..1414 -> 286-tiles track
Track generation: 1281..1605 -> 324-tiles track
[TorchPPO] 25.0% | 2,498,560/10,000,000 | 116 steps/s | avg 110 steps/s | 0.01 iters/s | ETA 18.0h | pg=0.0001 | vf=24.2296 | ent=-3.7647 | kl=0.005550 | clip=0.066 | grad=26.240 | lr=0.000188 | 50 MB alloc | last_eval=139.8s
[TorchPPO] 25.1% | 2,508,800/10,000,000 | 114 steps/s | avg 110 steps/s | 0.01 iters/s | ETA 18.2h | pg=0.0012 | vf=26.8187 | ent=-3.7657 | kl=0.004255 | clip=0.046 | grad=58.537 | lr=0.000188 | 51 MB alloc | last_eval=139.8s
Track generation: 1220..1529 -> 309-tiles track
Track generation: 1297..1626 -> 329-tiles track
Track generation: 1381..1730 -> 349-tiles track
Track generation: 1080..1354 -> 274-tiles track
[TorchPPO] 25.2% | 2,519,040/10,000,000 | 115 steps/s | avg 110 steps/s | 0.01 iters/s | ETA 18.1h | pg=0.0012 | vf=5.9463 | ent=-3.7669 | kl=0.003916 | clip=0.045 | grad=24.460 | lr=0.000187 | 50 MB alloc | last_eval=139.8s
Track generation: 967..1220 -> 253-tiles track
Track generation: 1259..1578 -> 319-tiles track
Track generation: 1280..1604 -> 324-tiles track
[TorchPPO] 25.3% | 2,529,280/10,000,000 | 120 steps/s | avg 110 steps/s | 0.01 iters/s | ETA 17.3h | pg=-0.0008 | vf=27.6455 | ent=-3.7679 | kl=0.001292 | clip=0.005 | grad=19.991 | lr=0.000187 | 50 MB alloc | last_eval=139.8s
Track generation: 1184..1484 -> 300-tiles track
Track generation: 979..1237 -> 258-tiles track
[TorchPPO] 25.4% | 2,539,520/10,000,000 | 117 steps/s | avg 110 steps/s | 0.01 iters/s | ETA 17.8h | pg=0.0012 | vf=22.0918 | ent=-3.7690 | kl=0.004684 | clip=0.059 | grad=19.934 | lr=0.000187 | 51 MB alloc | last_eval=139.8s
[TorchPPO] 25.5% | 2,549,760/10,000,000 | 121 steps/s | avg 110 steps/s | 0.01 iters/s | ETA 17.1h | pg=0.0112 | vf=29.2263 | ent=-3.7705 | kl=0.028741 | clip=0.297 | grad=55.113 | lr=0.000187 | 50 MB alloc | last_eval=139.8s
Track generation: 1017..1282 -> 265-tiles track
Track generation: 1183..1483 -> 300-tiles track
Track generation: 1221..1530 -> 309-tiles track
[TorchPPO] 25.6% | 2,560,000/10,000,000 | 116 steps/s | avg 110 steps/s | 0.01 iters/s | ETA 17.7h | pg=0.0016 | vf=3.3025 | ent=-3.7716 | kl=0.005334 | clip=0.063 | grad=27.585 | lr=0.000186 | 50 MB alloc | last_eval=139.8s
Track generation: 1000..1258 -> 258-tiles track
retry to generate track (normal if there are not many of this messages)
Track generation: 1164..1459 -> 295-tiles track
Track generation: 938..1185 -> 247-tiles track
[TorchPPO] 25.7% | 2,570,240/10,000,000 | 118 steps/s | avg 110 steps/s | 0.01 iters/s | ETA 17.4h | pg=-0.0013 | vf=17.8472 | ent=-3.7734 | kl=0.008594 | clip=0.108 | grad=15.628 | lr=0.000186 | 51 MB alloc | last_eval=139.8s
Track generation: 1077..1351 -> 274-tiles track
Track generation: 986..1241 -> 255-tiles track
Track generation: 1141..1440 -> 299-tiles track
[TorchPPO] 25.8% | 2,580,480/10,000,000 | 120 steps/s | avg 110 steps/s | 0.01 iters/s | ETA 17.1h | pg=0.0016 | vf=28.9550 | ent=-3.7757 | kl=0.005238 | clip=0.064 | grad=23.412 | lr=0.000186 | 50 MB alloc | last_eval=139.8s
Track generation: 1207..1513 -> 306-tiles track
Track generation: 1268..1589 -> 321-tiles track
[TorchPPO] 25.9% | 2,590,720/10,000,000 | 115 steps/s | avg 110 steps/s | 0.01 iters/s | ETA 17.9h | pg=-0.0001 | vf=37.0141 | ent=-3.7775 | kl=0.005718 | clip=0.073 | grad=41.159 | lr=0.000185 | 50 MB alloc | last_eval=139.8s
Track generation: 1155..1448 -> 293-tiles track
Track generation: 1152..1444 -> 292-tiles track
Track generation: 1256..1574 -> 318-tiles track
[TorchPPO] 26.0% | 2,600,960/10,000,000 | 112 steps/s | avg 110 steps/s | 0.01 iters/s | ETA 18.3h | pg=0.0030 | vf=37.1962 | ent=-3.7788 | kl=0.005732 | clip=0.062 | grad=43.974 | lr=0.000185 | 51 MB alloc | last_eval=139.8s
Track generation: 1075..1353 -> 278-tiles track
Track generation: 1195..1506 -> 311-tiles track
Track generation: 1166..1461 -> 295-tiles track
[TorchPPO] 26.1% | 2,611,200/10,000,000 | 119 steps/s | avg 110 steps/s | 0.01 iters/s | ETA 17.3h | pg=0.0009 | vf=33.8682 | ent=-3.7796 | kl=0.011255 | clip=0.146 | grad=22.391 | lr=0.000185 | 50 MB alloc | last_eval=139.8s
Track generation: 1217..1525 -> 308-tiles track
[TorchPPO] 26.2% | 2,621,440/10,000,000 | 118 steps/s | avg 110 steps/s | 0.01 iters/s | ETA 17.3h | pg=0.0012 | vf=25.3770 | ent=-3.7806 | kl=0.005429 | clip=0.061 | grad=15.843 | lr=0.000185 | 50 MB alloc | last_eval=139.8s
[TorchPPO] 26.3% | 2,631,680/10,000,000 | 118 steps/s | avg 110 steps/s | 0.01 iters/s | ETA 17.4h | pg=0.0010 | vf=10.0762 | ent=-3.7822 | kl=0.008734 | clip=0.112 | grad=14.739 | lr=0.000184 | 51 MB alloc | last_eval=139.8s
Track generation: 1180..1479 -> 299-tiles track
Track generation: 1024..1284 -> 260-tiles track
Track generation: 1057..1325 -> 268-tiles track
Track generation: 1071..1343 -> 272-tiles track
[TorchPPO] 26.4% | 2,641,920/10,000,000 | 119 steps/s | avg 110 steps/s | 0.01 iters/s | ETA 17.2h | pg=0.0010 | vf=4.1980 | ent=-3.7853 | kl=0.004122 | clip=0.040 | grad=21.678 | lr=0.000184 | 50 MB alloc | last_eval=139.8s
Track generation: 1175..1473 -> 298-tiles track
Track generation: 1049..1315 -> 266-tiles track
Track generation: 1115..1404 -> 289-tiles track
Track generation: 1281..1605 -> 324-tiles track
Track generation: 1133..1420 -> 287-tiles track
Track generation: 1302..1627 -> 325-tiles track
[TorchPPO] 26.5% | 2,652,160/10,000,000 | 116 steps/s | avg 110 steps/s | 0.01 iters/s | ETA 17.7h | pg=0.0033 | vf=44.8345 | ent=-3.7885 | kl=0.005649 | clip=0.063 | grad=89.156 | lr=0.000184 | 50 MB alloc | last_eval=139.8s
Track generation: 1115..1398 -> 283-tiles track
Track generation: 1131..1417 -> 286-tiles track
[TorchPPO] 26.6% | 2,662,400/10,000,000 | 113 steps/s | avg 110 steps/s | 0.01 iters/s | ETA 18.0h | pg=0.0009 | vf=99.8995 | ent=-3.7902 | kl=0.002450 | clip=0.025 | grad=248.717 | lr=0.000184 | 51 MB alloc | last_eval=139.8s
[TorchPPO] Checkpoint saved: /workspace/Racing_Gym_RL/artifacts/prime_marl_10car_16m/models/torch_ppo_step_2662400.pt
[TorchPPO Eval] step=2,662,400 | mean_reward=121.94 +/- 0.00 | progress=32.21% | offtrack_rate=0.00% | contact_rate=100.00% | hook_rate=0.00% | contact_term_rate=100.00% | steer_var=0.09101 | mean_speed=28.11 | throttle=0.98 | brake=0.00 | stage=1 | eval_time=123.4s
[TorchPPO] 26.7% | 2,672,640/10,000,000 | 49 steps/s | avg 109 steps/s | 0.00 iters/s | ETA 41.8h | pg=0.0004 | vf=55.6251 | ent=-3.7910 | kl=0.003247 | clip=0.033 | grad=81.414 | lr=0.000183 | 50 MB alloc | last_eval=123.4s
Track generation: 1138..1433 -> 295-tiles track
Track generation: 1352..1694 -> 342-tiles track
[TorchPPO] 26.8% | 2,682,880/10,000,000 | 113 steps/s | avg 109 steps/s | 0.01 iters/s | ETA 17.9h | pg=-0.0007 | vf=15.6403 | ent=-3.7920 | kl=0.003136 | clip=0.033 | grad=63.743 | lr=0.000183 | 50 MB alloc | last_eval=123.4s
Track generation: 1321..1655 -> 334-tiles track
Track generation: 1235..1548 -> 313-tiles track
[TorchPPO] 26.9% | 2,693,120/10,000,000 | 112 steps/s | avg 109 steps/s | 0.01 iters/s | ETA 18.1h | pg=-0.0005 | vf=15.1173 | ent=-3.7934 | kl=0.001764 | clip=0.015 | grad=22.185 | lr=0.000183 | 51 MB alloc | last_eval=123.4s
Track generation: 1078..1362 -> 284-tiles track
Track generation: 963..1208 -> 245-tiles track
Track generation: 1195..1498 -> 303-tiles track
Track generation: 1205..1510 -> 305-tiles track
Track generation: 1271..1593 -> 322-tiles track
Track generation: 1223..1533 -> 310-tiles track
[TorchPPO] 27.0% | 2,703,360/10,000,000 | 117 steps/s | avg 110 steps/s | 0.01 iters/s | ETA 17.3h | pg=-0.0002 | vf=37.7961 | ent=-3.7950 | kl=0.002825 | clip=0.029 | grad=41.594 | lr=0.000183 | 50 MB alloc | last_eval=123.4s
Track generation: 1294..1628 -> 334-tiles track
Track generation: 1091..1368 -> 277-tiles track
[TorchPPO] 27.1% | 2,713,600/10,000,000 | 117 steps/s | avg 110 steps/s | 0.01 iters/s | ETA 17.3h | pg=0.0026 | vf=38.5420 | ent=-3.7963 | kl=0.006592 | clip=0.075 | grad=34.784 | lr=0.000182 | 50 MB alloc | last_eval=123.4s
[TorchPPO] 27.2% | 2,723,840/10,000,000 | 118 steps/s | avg 110 steps/s | 0.01 iters/s | ETA 17.2h | pg=0.0011 | vf=29.9152 | ent=-3.7974 | kl=0.005009 | clip=0.063 | grad=58.791 | lr=0.000182 | 51 MB alloc | last_eval=123.4s
Track generation: 1143..1433 -> 290-tiles track
Track generation: 1184..1486 -> 302-tiles track
Track generation: 1156..1449 -> 293-tiles track
Track generation: 1256..1580 -> 324-tiles track
Track generation: 1164..1459 -> 295-tiles track
Track generation: 1101..1389 -> 288-tiles track
Track generation: 1095..1373 -> 278-tiles track
[TorchPPO] 27.3% | 2,734,080/10,000,000 | 116 steps/s | avg 110 steps/s | 0.01 iters/s | ETA 17.3h | pg=-0.0000 | vf=10.3167 | ent=-3.7986 | kl=0.003832 | clip=0.040 | grad=27.705 | lr=0.000182 | 50 MB alloc | last_eval=123.4s
Track generation: 1079..1353 -> 274-tiles track
Track generation: 1112..1394 -> 282-tiles track
Track generation: 1221..1527 -> 306-tiles track
retry to generate track (normal if there are not many of this messages)
Track generation: 1331..1668 -> 337-tiles track
[TorchPPO] 27.4% | 2,744,320/10,000,000 | 116 steps/s | avg 110 steps/s | 0.01 iters/s | ETA 17.4h | pg=-0.0003 | vf=52.2438 | ent=-3.8000 | kl=0.002736 | clip=0.029 | grad=73.234 | lr=0.000182 | 50 MB alloc | last_eval=123.4s
Track generation: 1119..1410 -> 291-tiles track
Track generation: 1149..1441 -> 292-tiles track
Track generation: 1059..1328 -> 269-tiles track
[TorchPPO] 27.5% | 2,754,560/10,000,000 | 115 steps/s | avg 110 steps/s | 0.01 iters/s | ETA 17.5h | pg=-0.0007 | vf=38.4699 | ent=-3.8010 | kl=0.003147 | clip=0.030 | grad=63.017 | lr=0.000181 | 51 MB alloc | last_eval=123.4s
Track generation: 1110..1392 -> 282-tiles track
[TorchPPO] 27.6% | 2,764,800/10,000,000 | 120 steps/s | avg 110 steps/s | 0.01 iters/s | ETA 16.7h | pg=0.0002 | vf=25.7631 | ent=-3.8017 | kl=0.002514 | clip=0.025 | grad=38.870 | lr=0.000181 | 50 MB alloc | last_eval=123.4s
Track generation: 1076..1349 -> 273-tiles track
[TorchPPO] 27.8% | 2,775,040/10,000,000 | 120 steps/s | avg 110 steps/s | 0.01 iters/s | ETA 16.7h | pg=-0.0001 | vf=15.1277 | ent=-3.8027 | kl=0.004792 | clip=0.054 | grad=59.893 | lr=0.000181 | 50 MB alloc | last_eval=123.4s
Track generation: 1046..1312 -> 266-tiles track
Track generation: 1304..1634 -> 330-tiles track
[TorchPPO] 27.9% | 2,785,280/10,000,000 | 118 steps/s | avg 110 steps/s | 0.01 iters/s | ETA 17.0h | pg=0.0010 | vf=20.7413 | ent=-3.8037 | kl=0.006222 | clip=0.070 | grad=43.338 | lr=0.000181 | 51 MB alloc | last_eval=123.4s
Track generation: 1131..1418 -> 287-tiles track
[TorchPPO] 28.0% | 2,795,520/10,000,000 | 115 steps/s | avg 110 steps/s | 0.01 iters/s | ETA 17.5h | pg=0.0027 | vf=72.8441 | ent=-3.8045 | kl=0.008294 | clip=0.095 | grad=69.778 | lr=0.000180 | 50 MB alloc | last_eval=123.4s
Track generation: 1042..1310 -> 268-tiles track
retry to generate track (normal if there are not many of this messages)
Track generation: 1200..1504 -> 304-tiles track
Track generation: 1047..1313 -> 266-tiles track
Track generation: 1113..1396 -> 283-tiles track
Track generation: 1028..1293 -> 265-tiles track
retry to generate track (normal if there are not many of this messages)
Track generation: 1051..1318 -> 267-tiles track
[TorchPPO] 28.1% | 2,805,760/10,000,000 | 115 steps/s | avg 110 steps/s | 0.01 iters/s | ETA 17.4h | pg=0.0003 | vf=8.5514 | ent=-3.8052 | kl=0.003394 | clip=0.038 | grad=23.890 | lr=0.000180 | 50 MB alloc | last_eval=123.4s
Track generation: 1057..1334 -> 277-tiles track
Track generation: 1089..1365 -> 276-tiles track
Track generation: 1303..1633 -> 330-tiles track
[TorchPPO] 28.2% | 2,816,000/10,000,000 | 117 steps/s | avg 110 steps/s | 0.01 iters/s | ETA 17.0h | pg=0.0013 | vf=32.7836 | ent=-3.8063 | kl=0.007750 | clip=0.105 | grad=75.527 | lr=0.000180 | 51 MB alloc | last_eval=123.4s
Track generation: 1204..1517 -> 313-tiles track
Track generation: 1120..1404 -> 284-tiles track
Track generation: 1036..1304 -> 268-tiles track
Track generation: 1177..1475 -> 298-tiles track
Track generation: 1207..1513 -> 306-tiles track
[TorchPPO] 28.3% | 2,826,240/10,000,000 | 119 steps/s | avg 110 steps/s | 0.01 iters/s | ETA 16.7h | pg=0.0009 | vf=37.3674 | ent=-3.8072 | kl=0.004783 | clip=0.058 | grad=33.340 | lr=0.000180 | 50 MB alloc | last_eval=123.4s
Track generation: 1052..1319 -> 267-tiles track
Track generation: 1016..1274 -> 258-tiles track
Track generation: 1028..1289 -> 261-tiles track
Track generation: 1245..1560 -> 315-tiles track
[TorchPPO] 28.4% | 2,836,480/10,000,000 | 119 steps/s | avg 110 steps/s | 0.01 iters/s | ETA 16.7h | pg=0.0023 | vf=68.4591 | ent=-3.8083 | kl=0.005544 | clip=0.068 | grad=71.341 | lr=0.000179 | 50 MB alloc | last_eval=123.4s
Track generation: 1077..1351 -> 274-tiles track
[TorchPPO] 28.5% | 2,846,720/10,000,000 | 115 steps/s | avg 110 steps/s | 0.01 iters/s | ETA 17.2h | pg=0.0015 | vf=46.2870 | ent=-3.8092 | kl=0.004546 | clip=0.055 | grad=48.260 | lr=0.000179 | 51 MB alloc | last_eval=123.4s
Track generation: 1150..1445 -> 295-tiles track
retry to generate track (normal if there are not many of this messages)
Track generation: 1015..1281 -> 266-tiles track
[TorchPPO] 28.6% | 2,856,960/10,000,000 | 118 steps/s | avg 110 steps/s | 0.01 iters/s | ETA 16.8h | pg=0.0009 | vf=18.2932 | ent=-3.8103 | kl=0.004880 | clip=0.061 | grad=51.245 | lr=0.000179 | 50 MB alloc | last_eval=123.4s
Track generation: 1066..1345 -> 279-tiles track
Track generation: 1042..1308 -> 266-tiles track
Track generation: 1245..1561 -> 316-tiles track
Track generation: 995..1254 -> 259-tiles track
Track generation: 1164..1465 -> 301-tiles track
Track generation: 1129..1417 -> 288-tiles track
retry to generate track (normal if there are not many of this messages)
Track generation: 1208..1523 -> 315-tiles track
[TorchPPO] 28.7% | 2,867,200/10,000,000 | 120 steps/s | avg 110 steps/s | 0.01 iters/s | ETA 16.5h | pg=0.0011 | vf=15.1026 | ent=-3.8118 | kl=0.002957 | clip=0.029 | grad=19.347 | lr=0.000179 | 50 MB alloc | last_eval=123.4s
[TorchPPO] Checkpoint saved: /workspace/Racing_Gym_RL/artifacts/prime_marl_10car_16m/models/torch_ppo_step_2867200.pt
[TorchPPO Eval] step=2,867,200 | mean_reward=137.01 +/- 0.00 | progress=29.84% | offtrack_rate=100.00% | contact_rate=0.00% | hook_rate=0.00% | contact_term_rate=0.00% | steer_var=0.05836 | mean_speed=28.20 | throttle=0.98 | brake=0.00 | stage=1 | eval_time=118.9s
Track generation: 983..1239 -> 256-tiles track
Track generation: 1143..1433 -> 290-tiles track
[TorchPPO] 28.8% | 2,877,440/10,000,000 | 49 steps/s | avg 109 steps/s | 0.00 iters/s | ETA 40.7h | pg=0.0023 | vf=66.9836 | ent=-3.8135 | kl=0.002805 | clip=0.027 | grad=98.979 | lr=0.000178 | 51 MB alloc | last_eval=118.9s
Track generation: 1150..1442 -> 292-tiles track
Track generation: 1102..1383 -> 281-tiles track
Track generation: 1378..1737 -> 359-tiles track
Track generation: 989..1248 -> 259-tiles track
Track generation: 1232..1544 -> 312-tiles track
[TorchPPO] 28.9% | 2,887,680/10,000,000 | 117 steps/s | avg 109 steps/s | 0.01 iters/s | ETA 16.9h | pg=-0.0004 | vf=23.5421 | ent=-3.8145 | kl=0.001038 | clip=0.004 | grad=28.614 | lr=0.000178 | 50 MB alloc | last_eval=118.9s
Track generation: 1052..1323 -> 271-tiles track
retry to generate track (normal if there are not many of this messages)
Track generation: 1152..1452 -> 300-tiles track
Track generation: 992..1244 -> 252-tiles track
Track generation: 1320..1654 -> 334-tiles track
Track generation: 1131..1418 -> 287-tiles track
Track generation: 1030..1296 -> 266-tiles track
Track generation: 1144..1434 -> 290-tiles track
[TorchPPO] 29.0% | 2,897,920/10,000,000 | 114 steps/s | avg 109 steps/s | 0.01 iters/s | ETA 17.3h | pg=0.0005 | vf=58.2853 | ent=-3.8153 | kl=0.001585 | clip=0.013 | grad=82.881 | lr=0.000178 | 50 MB alloc | last_eval=118.9s
Track generation: 1200..1504 -> 304-tiles track
Track generation: 1336..1674 -> 338-tiles track
Track generation: 1129..1415 -> 286-tiles track
[TorchPPO] 29.1% | 2,908,160/10,000,000 | 116 steps/s | avg 109 steps/s | 0.01 iters/s | ETA 16.9h | pg=0.0013 | vf=59.0138 | ent=-3.8159 | kl=0.002879 | clip=0.030 | grad=57.159 | lr=0.000178 | 51 MB alloc | last_eval=118.9s
Track generation: 1171..1468 -> 297-tiles track
Track generation: 1080..1354 -> 274-tiles track
[TorchPPO] 29.2% | 2,918,400/10,000,000 | 118 steps/s | avg 110 steps/s | 0.01 iters/s | ETA 16.7h | pg=0.0022 | vf=34.1112 | ent=-3.8166 | kl=0.006333 | clip=0.077 | grad=52.535 | lr=0.000177 | 50 MB alloc | last_eval=118.9s
Track generation: 1127..1413 -> 286-tiles track
Track generation: 1172..1469 -> 297-tiles track
Track generation: 1136..1424 -> 288-tiles track
Track generation: 1119..1403 -> 284-tiles track
[TorchPPO] 29.3% | 2,928,640/10,000,000 | 120 steps/s | avg 110 steps/s | 0.01 iters/s | ETA 16.4h | pg=0.0016 | vf=13.3027 | ent=-3.8172 | kl=0.006870 | clip=0.034 | grad=23.515 | lr=0.000177 | 50 MB alloc | last_eval=118.9s
Track generation: 1115..1398 -> 283-tiles track
Track generation: 1112..1401 -> 289-tiles track
Track generation: 1023..1289 -> 266-tiles track
[TorchPPO] 29.4% | 2,938,880/10,000,000 | 119 steps/s | avg 110 steps/s | 0.01 iters/s | ETA 16.5h | pg=0.0040 | vf=36.0001 | ent=-3.8176 | kl=0.006984 | clip=0.087 | grad=62.669 | lr=0.000177 | 51 MB alloc | last_eval=118.9s
Track generation: 1191..1493 -> 302-tiles track
Track generation: 1290..1617 -> 327-tiles track
Track generation: 1155..1448 -> 293-tiles track
[TorchPPO] 29.5% | 2,949,120/10,000,000 | 114 steps/s | avg 110 steps/s | 0.01 iters/s | ETA 17.2h | pg=0.0016 | vf=19.4435 | ent=-3.8183 | kl=0.007277 | clip=0.094 | grad=13.421 | lr=0.000177 | 50 MB alloc | last_eval=118.9s
Track generation: 1172..1479 -> 307-tiles track
Track generation: 1063..1333 -> 270-tiles track
Track generation: 1084..1359 -> 275-tiles track
Track generation: 1155..1448 -> 293-tiles track
Track generation: 1170..1476 -> 306-tiles track
Track generation: 1020..1279 -> 259-tiles track
Track generation: 1228..1539 -> 311-tiles track
Track generation: 1023..1283 -> 260-tiles track
Track generation: 1081..1355 -> 274-tiles track
Track generation: 1219..1527 -> 308-tiles track
[TorchPPO] 29.6% | 2,959,360/10,000,000 | 116 steps/s | avg 110 steps/s | 0.01 iters/s | ETA 16.9h | pg=0.0068 | vf=93.7205 | ent=-3.8194 | kl=0.015330 | clip=0.166 | grad=64.394 | lr=0.000176 | 50 MB alloc | last_eval=118.9s
Track generation: 1160..1454 -> 294-tiles track
Track generation: 1245..1560 -> 315-tiles track
Track generation: 1204..1509 -> 305-tiles track
Track generation: 1097..1377 -> 280-tiles track
retry to generate track (normal if there are not many of this messages)
Track generation: 1237..1551 -> 314-tiles track
Track generation: 1100..1379 -> 279-tiles track
Track generation: 1017..1279 -> 262-tiles track
Track generation: 1096..1374 -> 278-tiles track
Track generation: 1049..1320 -> 271-tiles track
[TorchPPO] 29.7% | 2,969,600/10,000,000 | 123 steps/s | avg 110 steps/s | 0.01 iters/s | ETA 15.9h | pg=0.0008 | vf=86.5608 | ent=-3.8202 | kl=0.003990 | clip=0.046 | grad=145.323 | lr=0.000176 | 51 MB alloc | last_eval=118.9s
Track generation: 1188..1490 -> 302-tiles track
Track generation: 1266..1594 -> 328-tiles track
Track generation: 1116..1409 -> 293-tiles track
Track generation: 1176..1474 -> 298-tiles track
Track generation: 1126..1414 -> 288-tiles track
retry to generate track (normal if there are not many of this messages)
Track generation: 1312..1644 -> 332-tiles track
Track generation: 1090..1373 -> 283-tiles track
Track generation: 1143..1433 -> 290-tiles track
Track generation: 1327..1663 -> 336-tiles track
Track generation: 1177..1475 -> 298-tiles track
Track generation: 1199..1503 -> 304-tiles track
Track generation: 1232..1544 -> 312-tiles track
Track generation: 1093..1374 -> 281-tiles track
retry to generate track (normal if there are not many of this messages)
Track generation: 1093..1370 -> 277-tiles track
Track generation: 1164..1459 -> 295-tiles track
Track generation: 1366..1721 -> 355-tiles track
Track generation: 1229..1542 -> 313-tiles track
[TorchPPO] 29.8% | 2,979,840/10,000,000 | 120 steps/s | avg 110 steps/s | 0.01 iters/s | ETA 16.2h | pg=0.0007 | vf=41.6650 | ent=-3.8209 | kl=0.007508 | clip=0.037 | grad=48.551 | lr=0.000176 | 50 MB alloc | last_eval=118.9s
Track generation: 1236..1549 -> 313-tiles track
Track generation: 1188..1489 -> 301-tiles track
Track generation: 1119..1403 -> 284-tiles track
Track generation: 1162..1456 -> 294-tiles track
Track generation: 1074..1347 -> 273-tiles track
Track generation: 1281..1605 -> 324-tiles track
Track generation: 1073..1348 -> 275-tiles track
retry to generate track (normal if there are not many of this messages)
Track generation: 1044..1309 -> 265-tiles track
Track generation: 1035..1298 -> 263-tiles track
Track generation: 1129..1415 -> 286-tiles track
Track generation: 1152..1448 -> 296-tiles track
Track generation: 1135..1422 -> 287-tiles track
Track generation: 1212..1519 -> 307-tiles track
Track generation: 1086..1362 -> 276-tiles track
Track generation: 1178..1476 -> 298-tiles track
[TorchPPO] 29.9% | 2,990,080/10,000,000 | 121 steps/s | avg 110 steps/s | 0.01 iters/s | ETA 16.0h | pg=0.0002 | vf=64.6159 | ent=-3.8220 | kl=0.004814 | clip=0.053 | grad=70.968 | lr=0.000176 | 50 MB alloc | last_eval=118.9s
Track generation: 988..1239 -> 251-tiles track
Track generation: 1039..1303 -> 264-tiles track
Track generation: 1144..1434 -> 290-tiles track
Track generation: 1343..1691 -> 348-tiles track
Track generation: 1026..1289 -> 263-tiles track
retry to generate track (normal if there are not many of this messages)
Track generation: 1217..1525 -> 308-tiles track
Track generation: 1260..1579 -> 319-tiles track
Track generation: 1314..1655 -> 341-tiles track
Track generation: 1252..1569 -> 317-tiles track
Track generation: 972..1219 -> 247-tiles track
Track generation: 1136..1424 -> 288-tiles track
Track generation: 1261..1580 -> 319-tiles track
Track generation: 1166..1470 -> 304-tiles track
Track generation: 1104..1384 -> 280-tiles track
[TorchPPO] 30.0% | 3,000,320/10,000,000 | 122 steps/s | avg 110 steps/s | 0.01 iters/s | ETA 16.0h | pg=-0.0005 | vf=66.5008 | ent=-3.8229 | kl=0.002726 | clip=0.029 | grad=44.511 | lr=0.000175 | 51 MB alloc | last_eval=118.9s
Track generation: 1078..1360 -> 282-tiles track
Track generation: 1096..1374 -> 278-tiles track
Track generation: 1138..1410 -> 272-tiles track
retry to generate track (normal if there are not many of this messages)
Track generation: 1168..1464 -> 296-tiles track
Track generation: 1063..1333 -> 270-tiles track
Track generation: 1205..1509 -> 304-tiles track
Track generation: 1032..1295 -> 263-tiles track
Track generation: 1139..1428 -> 289-tiles track
Track generation: 1163..1457 -> 294-tiles track
Track generation: 1215..1523 -> 308-tiles track
Track generation: 962..1209 -> 247-tiles track
retry to generate track (normal if there are not many of this messages)
Track generation: 1154..1447 -> 293-tiles track
Track generation: 1025..1292 -> 267-tiles track
Track generation: 1031..1293 -> 262-tiles track
Track generation: 1161..1455 -> 294-tiles track
Track generation: 1168..1468 -> 300-tiles track
retry to generate track (normal if there are not many of this messages)
Track generation: 1295..1623 -> 328-tiles track
Track generation: 1178..1477 -> 299-tiles track
Track generation: 1140..1429 -> 289-tiles track
Track generation: 1248..1564 -> 316-tiles track
[TorchPPO] 30.1% | 3,010,560/10,000,000 | 122 steps/s | avg 110 steps/s | 0.01 iters/s | ETA 15.9h | pg=0.0050 | vf=99.1390 | ent=-3.8237 | kl=0.008353 | clip=0.099 | grad=96.411 | lr=0.000175 | 50 MB alloc | last_eval=118.9s
Track generation: 1187..1489 -> 302-tiles track
Track generation: 1165..1460 -> 295-tiles track
Track generation: 1171..1477 -> 306-tiles track
Track generation: 1196..1499 -> 303-tiles track
Track generation: 1228..1539 -> 311-tiles track
Track generation: 1224..1534 -> 310-tiles track
Track generation: 1002..1264 -> 262-tiles track
Track generation: 1069..1344 -> 275-tiles track
retry to generate track (normal if there are not many of this messages)
Track generation: 1255..1573 -> 318-tiles track
Track generation: 1019..1281 -> 262-tiles track
retry to generate track (normal if there are not many of this messages)
Track generation: 1047..1313 -> 266-tiles track
Track generation: 1081..1355 -> 274-tiles track
[TorchPPO] 30.2% | 3,020,800/10,000,000 | 123 steps/s | avg 110 steps/s | 0.01 iters/s | ETA 15.8h | pg=0.0003 | vf=96.3369 | ent=-3.8243 | kl=0.008290 | clip=0.103 | grad=58.982 | lr=0.000175 | 50 MB alloc | last_eval=118.9s
Track generation: 999..1253 -> 254-tiles track
Track generation: 1091..1369 -> 278-tiles track
retry to generate track (normal if there are not many of this messages)
Track generation: 1136..1424 -> 288-tiles track
Track generation: 1136..1424 -> 288-tiles track
Track generation: 1105..1385 -> 280-tiles track
Track generation: 1075..1348 -> 273-tiles track
Track generation: 1138..1427 -> 289-tiles track
Track generation: 1041..1306 -> 265-tiles track
Track generation: 1136..1429 -> 293-tiles track
Track generation: 1065..1335 -> 270-tiles track
Track generation: 1152..1444 -> 292-tiles track
Track generation: 1004..1259 -> 255-tiles track
Track generation: 1051..1323 -> 272-tiles track
[TorchPPO] 30.3% | 3,031,040/10,000,000 | 124 steps/s | avg 110 steps/s | 0.01 iters/s | ETA 15.6h | pg=0.0001 | vf=97.0403 | ent=-3.8250 | kl=0.002398 | clip=0.022 | grad=131.876 | lr=0.000174 | 51 MB alloc | last_eval=118.9s
Track generation: 1107..1388 -> 281-tiles track
Track generation: 1238..1550 -> 312-tiles track
Track generation: 1123..1408 -> 285-tiles track
Track generation: 1180..1479 -> 299-tiles track
Track generation: 1038..1311 -> 273-tiles track
Track generation: 1108..1389 -> 281-tiles track
Track generation: 1234..1546 -> 312-tiles track
Track generation: 1151..1451 -> 300-tiles track
Track generation: 1399..1753 -> 354-tiles track
Track generation: 1256..1575 -> 319-tiles track
Track generation: 1140..1429 -> 289-tiles track
[TorchPPO] 30.4% | 3,041,280/10,000,000 | 122 steps/s | avg 110 steps/s | 0.01 iters/s | ETA 15.9h | pg=0.0017 | vf=63.9158 | ent=-3.8255 | kl=0.006922 | clip=0.088 | grad=56.494 | lr=0.000174 | 50 MB alloc | last_eval=118.9s
Track generation: 987..1246 -> 259-tiles track
Track generation: 1309..1641 -> 332-tiles track
Track generation: 1313..1645 -> 332-tiles track
Track generation: 1013..1277 -> 264-tiles track
[TorchPPO] 30.5% | 3,051,520/10,000,000 | 123 steps/s | avg 110 steps/s | 0.01 iters/s | ETA 15.7h | pg=0.0013 | vf=62.4254 | ent=-3.8260 | kl=0.004265 | clip=0.033 | grad=59.766 | lr=0.000174 | 50 MB alloc | last_eval=118.9s
Track generation: 1020..1281 -> 261-tiles track
retry to generate track (normal if there are not many of this messages)
Track generation: 1111..1362 -> 251-tiles track
retry to generate track (normal if there are not many of this messages)
Track generation: 1138..1427 -> 289-tiles track
Track generation: 1208..1514 -> 306-tiles track
Track generation: 1189..1491 -> 302-tiles track
Track generation: 1033..1298 -> 265-tiles track
retry to generate track (normal if there are not many of this messages)
Track generation: 1213..1520 -> 307-tiles track
[TorchPPO] 30.6% | 3,061,760/10,000,000 | 123 steps/s | avg 110 steps/s | 0.01 iters/s | ETA 15.7h | pg=0.0003 | vf=34.4000 | ent=-3.8265 | kl=0.004599 | clip=0.056 | grad=60.724 | lr=0.000174 | 51 MB alloc | last_eval=118.9s
Track generation: 1128..1424 -> 296-tiles track
Track generation: 1164..1459 -> 295-tiles track
Track generation: 1093..1376 -> 283-tiles track
Track generation: 1074..1346 -> 272-tiles track
Track generation: 1060..1329 -> 269-tiles track
Track generation: 1075..1354 -> 279-tiles track
Track generation: 1237..1550 -> 313-tiles track
Track generation: 1048..1321 -> 273-tiles track
[TorchPPO] 30.7% | 3,072,000/10,000,000 | 124 steps/s | avg 110 steps/s | 0.01 iters/s | ETA 15.5h | pg=0.0012 | vf=35.4641 | ent=-3.8272 | kl=0.004076 | clip=0.046 | grad=45.246 | lr=0.000173 | 50 MB alloc | last_eval=118.9s
[TorchPPO] Checkpoint saved: /workspace/Racing_Gym_RL/artifacts/prime_marl_10car_16m/models/torch_ppo_step_3072000.pt
[TorchPPO Eval] step=3,072,000 | mean_reward=159.70 +/- 0.00 | progress=44.74% | offtrack_rate=100.00% | contact_rate=0.00% | hook_rate=0.00% | contact_term_rate=0.00% | steer_var=0.10288 | mean_speed=27.90 | throttle=0.98 | brake=0.00 | stage=1 | eval_time=173.1s
Track generation: 1079..1353 -> 274-tiles track
Track generation: 1189..1490 -> 301-tiles track
Track generation: 1192..1499 -> 307-tiles track
Track generation: 1096..1381 -> 285-tiles track
Track generation: 1282..1617 -> 335-tiles track
[TorchPPO] 30.8% | 3,082,240/10,000,000 | 40 steps/s | avg 109 steps/s | 0.00 iters/s | ETA 47.9h | pg=0.0021 | vf=110.0656 | ent=-3.8281 | kl=0.008214 | clip=0.104 | grad=79.163 | lr=0.000173 | 50 MB alloc | last_eval=173.1s
Track generation: 1141..1430 -> 289-tiles track
Track generation: 972..1219 -> 247-tiles track
Track generation: 1075..1348 -> 273-tiles track
Track generation: 1251..1568 -> 317-tiles track
[TorchPPO] 30.9% | 3,092,480/10,000,000 | 126 steps/s | avg 109 steps/s | 0.01 iters/s | ETA 15.3h | pg=-0.0006 | vf=35.9530 | ent=-3.8289 | kl=0.003932 | clip=0.045 | grad=35.041 | lr=0.000173 | 51 MB alloc | last_eval=173.1s
Track generation: 1032..1296 -> 264-tiles track
Track generation: 1212..1519 -> 307-tiles track
Track generation: 1200..1504 -> 304-tiles track
Track generation: 1060..1329 -> 269-tiles track
[TorchPPO] 31.0% | 3,102,720/10,000,000 | 125 steps/s | avg 110 steps/s | 0.01 iters/s | ETA 15.4h | pg=0.0001 | vf=29.1469 | ent=-3.8299 | kl=0.001868 | clip=0.016 | grad=18.685 | lr=0.000173 | 50 MB alloc | last_eval=173.1s
Track generation: 1045..1310 -> 265-tiles track
Track generation: 1094..1372 -> 278-tiles track
[TorchPPO] 31.1% | 3,112,960/10,000,000 | 129 steps/s | avg 110 steps/s | 0.01 iters/s | ETA 14.8h | pg=0.0003 | vf=36.7233 | ent=-3.8308 | kl=0.002174 | clip=0.018 | grad=46.341 | lr=0.000172 | 50 MB alloc | last_eval=173.1s
Track generation: 1284..1609 -> 325-tiles track
Track generation: 1056..1327 -> 271-tiles track
retry to generate track (normal if there are not many of this messages)
Track generation: 1199..1503 -> 304-tiles track
Track generation: 1159..1458 -> 299-tiles track
[TorchPPO] 31.2% | 3,123,200/10,000,000 | 124 steps/s | avg 110 steps/s | 0.01 iters/s | ETA 15.4h | pg=-0.0015 | vf=16.3009 | ent=-3.8319 | kl=0.002744 | clip=0.029 | grad=10.947 | lr=0.000172 | 51 MB alloc | last_eval=173.1s
Track generation: 1217..1526 -> 309-tiles track
Track generation: 1110..1391 -> 281-tiles track
Track generation: 1153..1445 -> 292-tiles track
Track generation: 1023..1290 -> 267-tiles track
Track generation: 1226..1542 -> 316-tiles track
[TorchPPO] 31.3% | 3,133,440/10,000,000 | 124 steps/s | avg 110 steps/s | 0.01 iters/s | ETA 15.4h | pg=0.0006 | vf=19.2570 | ent=-3.8334 | kl=0.006167 | clip=0.078 | grad=13.317 | lr=0.000172 | 50 MB alloc | last_eval=173.1s
Track generation: 1233..1555 -> 322-tiles track
Track generation: 1124..1409 -> 285-tiles track
[TorchPPO] 31.4% | 3,143,680/10,000,000 | 122 steps/s | avg 110 steps/s | 0.01 iters/s | ETA 15.6h | pg=0.0040 | vf=39.8838 | ent=-3.8354 | kl=0.006770 | clip=0.083 | grad=41.462 | lr=0.000172 | 50 MB alloc | last_eval=173.1s
Track generation: 1228..1539 -> 311-tiles track
[TorchPPO] 31.5% | 3,153,920/10,000,000 | 123 steps/s | avg 110 steps/s | 0.01 iters/s | ETA 15.5h | pg=0.0012 | vf=19.6235 | ent=-3.8370 | kl=0.005434 | clip=0.062 | grad=41.910 | lr=0.000171 | 51 MB alloc | last_eval=173.1s
Track generation: 1239..1559 -> 320-tiles track
Track generation: 1373..1719 -> 346-tiles track
[TorchPPO] 31.6% | 3,164,160/10,000,000 | 117 steps/s | avg 110 steps/s | 0.01 iters/s | ETA 16.3h | pg=0.0050 | vf=26.1541 | ent=-3.8385 | kl=0.011247 | clip=0.147 | grad=93.560 | lr=0.000171 | 50 MB alloc | last_eval=173.1s
[TorchPPO] 31.7% | 3,174,400/10,000,000 | 115 steps/s | avg 110 steps/s | 0.01 iters/s | ETA 16.5h | pg=0.0022 | vf=21.5688 | ent=-3.8396 | kl=0.008969 | clip=0.101 | grad=31.854 | lr=0.000171 | 50 MB alloc | last_eval=173.1s
Track generation: 1178..1477 -> 299-tiles track
Track generation: 1016..1278 -> 262-tiles track
retry to generate track (normal if there are not many of this messages)
Track generation: 1052..1319 -> 267-tiles track
Track generation: 1044..1317 -> 273-tiles track
[TorchPPO] 31.8% | 3,184,640/10,000,000 | 121 steps/s | avg 110 steps/s | 0.01 iters/s | ETA 15.7h | pg=0.0016 | vf=21.9327 | ent=-3.8405 | kl=0.004381 | clip=0.051 | grad=36.509 | lr=0.000171 | 51 MB alloc | last_eval=173.1s
Track generation: 1148..1439 -> 291-tiles track
Track generation: 1003..1267 -> 264-tiles track
Track generation: 1204..1509 -> 305-tiles track
Track generation: 1215..1523 -> 308-tiles track
[TorchPPO] 31.9% | 3,194,880/10,000,000 | 123 steps/s | avg 110 steps/s | 0.01 iters/s | ETA 15.4h | pg=0.0000 | vf=19.1612 | ent=-3.8415 | kl=0.002830 | clip=0.029 | grad=16.505 | lr=0.000170 | 50 MB alloc | last_eval=173.1s
Track generation: 1111..1393 -> 282-tiles track
[TorchPPO] 32.1% | 3,205,120/10,000,000 | 124 steps/s | avg 110 steps/s | 0.01 iters/s | ETA 15.2h | pg=0.0035 | vf=33.3569 | ent=-3.8428 | kl=0.007153 | clip=0.091 | grad=48.821 | lr=0.000170 | 50 MB alloc | last_eval=173.1s
Track generation: 1153..1452 -> 299-tiles track
retry to generate track (normal if there are not many of this messages)
Track generation: 1035..1304 -> 269-tiles track
Track generation: 1140..1429 -> 289-tiles track
retry to generate track (normal if there are not many of this messages)
Track generation: 1099..1378 -> 279-tiles track
Track generation: 1214..1521 -> 307-tiles track
[TorchPPO] 32.2% | 3,215,360/10,000,000 | 125 steps/s | avg 110 steps/s | 0.01 iters/s | ETA 15.0h | pg=-0.0013 | vf=8.6640 | ent=-3.8438 | kl=0.003763 | clip=0.029 | grad=47.404 | lr=0.000170 | 51 MB alloc | last_eval=173.1s
[TorchPPO] 32.3% | 3,225,600/10,000,000 | 122 steps/s | avg 110 steps/s | 0.01 iters/s | ETA 15.4h | pg=0.0006 | vf=49.1158 | ent=-3.8451 | kl=0.002597 | clip=0.028 | grad=46.504 | lr=0.000170 | 50 MB alloc | last_eval=173.1s
Track generation: 1138..1426 -> 288-tiles track
Track generation: 1176..1474 -> 298-tiles track
Track generation: 1261..1588 -> 327-tiles track
Track generation: 1164..1459 -> 295-tiles track
Track generation: 1127..1413 -> 286-tiles track
[TorchPPO] 32.4% | 3,235,840/10,000,000 | 124 steps/s | avg 110 steps/s | 0.01 iters/s | ETA 15.1h | pg=-0.0007 | vf=9.3585 | ent=-3.8464 | kl=0.003032 | clip=0.031 | grad=24.935 | lr=0.000169 | 50 MB alloc | last_eval=173.1s
Track generation: 1224..1534 -> 310-tiles track
[TorchPPO] 32.5% | 3,246,080/10,000,000 | 123 steps/s | avg 110 steps/s | 0.01 iters/s | ETA 15.3h | pg=0.0034 | vf=41.2884 | ent=-3.8476 | kl=0.012264 | clip=0.157 | grad=40.452 | lr=0.000169 | 51 MB alloc | last_eval=173.1s
Track generation: 1220..1488 -> 268-tiles track
retry to generate track (normal if there are not many of this messages)
Track generation: 1138..1426 -> 288-tiles track
Track generation: 1168..1464 -> 296-tiles track
[TorchPPO] 32.6% | 3,256,320/10,000,000 | 120 steps/s | avg 110 steps/s | 0.01 iters/s | ETA 15.6h | pg=0.0027 | vf=27.8790 | ent=-3.8488 | kl=0.011060 | clip=0.146 | grad=42.371 | lr=0.000169 | 50 MB alloc | last_eval=173.1s
Track generation: 1031..1299 -> 268-tiles track
[TorchPPO] 32.7% | 3,266,560/10,000,000 | 121 steps/s | avg 110 steps/s | 0.01 iters/s | ETA 15.4h | pg=-0.0006 | vf=18.9902 | ent=-3.8499 | kl=0.004802 | clip=0.049 | grad=21.218 | lr=0.000169 | 50 MB alloc | last_eval=173.1s
Track generation: 1385..1735 -> 350-tiles track
[TorchPPO] 32.8% | 3,276,800/10,000,000 | 119 steps/s | avg 110 steps/s | 0.01 iters/s | ETA 15.7h | pg=-0.0005 | vf=22.7366 | ent=-3.8517 | kl=0.003543 | clip=0.027 | grad=26.538 | lr=0.000168 | 51 MB alloc | last_eval=173.1s
[TorchPPO] Checkpoint saved: /workspace/Racing_Gym_RL/artifacts/prime_marl_10car_16m/models/torch_ppo_step_3276800.pt
[TorchPPO Eval] step=3,276,800 | mean_reward=373.38 +/- 0.00 | progress=98.41% | offtrack_rate=0.00% | contact_rate=0.00% | hook_rate=0.00% | contact_term_rate=0.00% | steer_var=0.09907 | mean_speed=28.67 | throttle=0.98 | brake=0.00 | stage=1 | eval_time=384.7s (new best!)
[TorchPPO] Best model saved (step 3,276,800, reward 373.38):
  -> /workspace/Racing_Gym_RL/artifacts/prime_marl_10car_16m/models/best_model_torch.pt
  -> (copy) /workspace/Racing_Gym_RL/artifacts/prime_marl_10car_16m/models/best_model_torch_step_3276800.pt
[TorchPPO] Success gate reached at step 3,276,800: reward=373.38, progress=98.41%, offtrack=0.00%.
[TorchPPO] Solved checkpoint: /workspace/Racing_Gym_RL/artifacts/prime_marl_10car_16m/models/solved_model_torch_step_3276800.pt

======================================================================
TRAINING SUMMARY
======================================================================
Final model saved to: /workspace/Racing_Gym_RL/artifacts/prime_marl_10car_16m/models/final_model_torch.pt
Best model saved to: /workspace/Racing_Gym_RL/artifacts/prime_marl_10car_16m/models/best_model_torch.pt
Checkpoints saved to: /workspace/Racing_Gym_RL/artifacts/prime_marl_10car_16m/models
TensorBoard logs: artifacts/prime_marl_10car_16m/logs/torch_20260419_201459_seed42
Run artifacts: artifacts/prime_marl_10car_16m/results/torch_20260419_201459_seed42
======================================================================

Environments closed. Training complete!
